ISO-10303-21;
HEADER;
/* Generated by software containing ST-Developer
 * from STEP Tools, Inc. (www.steptools.com) 
 */

FILE_DESCRIPTION(
/* description */ (''),
/* implementation_level */ '2;1');

FILE_NAME(
/* name */ 'AC_Voltmeter_Case v7.step',
/* time_stamp */ '2025-08-31T18:23:31+02:00',
/* author */ (''),
/* organization */ (''),
/* preprocessor_version */ 'ST-DEVELOPER v20.1',
/* originating_system */ 'Autodesk Translation Framework v14.10.0.0',
/* authorisation */ '');

FILE_SCHEMA (('AUTOMOTIVE_DESIGN { 1 0 10303 214 3 1 1 }'));
ENDSEC;

DATA;
#10=MECHANICAL_DESIGN_GEOMETRIC_PRESENTATION_REPRESENTATION('',(#53,#54,
#55),#13360);
#11=ITEM_DEFINED_TRANSFORMATION($,$,#8031,#8733);
#12=ITEM_DEFINED_TRANSFORMATION($,$,#8220,#8734);
#13=ITEM_DEFINED_TRANSFORMATION($,$,#8474,#8735);
#14=(
REPRESENTATION_RELATIONSHIP($,$,#13377,#13376)
REPRESENTATION_RELATIONSHIP_WITH_TRANSFORMATION(#11)
SHAPE_REPRESENTATION_RELATIONSHIP()
);
#15=(
REPRESENTATION_RELATIONSHIP($,$,#13378,#13376)
REPRESENTATION_RELATIONSHIP_WITH_TRANSFORMATION(#12)
SHAPE_REPRESENTATION_RELATIONSHIP()
);
#16=(
REPRESENTATION_RELATIONSHIP($,$,#13379,#13376)
REPRESENTATION_RELATIONSHIP_WITH_TRANSFORMATION(#13)
SHAPE_REPRESENTATION_RELATIONSHIP()
);
#17=CONTEXT_DEPENDENT_SHAPE_REPRESENTATION(#14,#13373);
#18=CONTEXT_DEPENDENT_SHAPE_REPRESENTATION(#15,#13374);
#19=CONTEXT_DEPENDENT_SHAPE_REPRESENTATION(#16,#13375);
#20=NEXT_ASSEMBLY_USAGE_OCCURRENCE('AC_Voltmeter_Case:1',
'AC_Voltmeter_Case:1','AC_Voltmeter_Case:1',#13381,#13382,
'AC_Voltmeter_Case:1');
#21=NEXT_ASSEMBLY_USAGE_OCCURRENCE('AC_Voltmeter_Top:1',
'AC_Voltmeter_Top:1','AC_Voltmeter_Top:1',#13381,#13383,
'AC_Voltmeter_Top:1');
#22=NEXT_ASSEMBLY_USAGE_OCCURRENCE('AC_Voltmeter_Base:1',
'AC_Voltmeter_Base:1','AC_Voltmeter_Base:1',#13381,#13384,
'AC_Voltmeter_Base:1');
#23=ELLIPSE('',#8487,71.9834703247903,50.9);
#24=ELLIPSE('',#8515,5.93969696196702,4.2);
#25=ELLIPSE('',#8517,5.93969696196702,4.2);
#26=ELLIPSE('',#8519,3.18198051533947,2.25);
#27=ELLIPSE('',#8521,71.9834703247903,50.9);
#28=ELLIPSE('',#8522,3.18198051533947,2.25);
#29=ELLIPSE('',#8651,71.9834703247903,50.9);
#30=ELLIPSE('',#8653,71.9834703247903,50.9);
#31=ELLIPSE('',#8696,3.18198051533947,2.25);
#32=ELLIPSE('',#8697,3.18198051533947,2.25);
#33=B_SPLINE_CURVE_WITH_KNOTS('',3,(#12533,#12534,#12535,#12536,#12537,
#12538,#12539,#12540),.UNSPECIFIED.,.F.,.F.,(4,2,2,4),(0.22645688354664,
0.265415876823293,0.335404761322398,0.355713756658194),.UNSPECIFIED.);
#34=B_SPLINE_CURVE_WITH_KNOTS('',3,(#12544,#12545,#12546,#12547),
 .UNSPECIFIED.,.F.,.F.,(4,4),(0.174839887281985,0.232447968520464),
 .UNSPECIFIED.);
#35=B_SPLINE_CURVE_WITH_KNOTS('',3,(#12557,#12558,#12559,#12560,#12561,
#12562,#12563,#12564,#12565,#12566),.UNSPECIFIED.,.F.,.F.,(4,2,2,2,4),(0.514908284556534,
0.544333070407231,0.61219173359003,0.680050396772829,0.698816078744739),
 .UNSPECIFIED.);
#36=B_SPLINE_CURVE_WITH_KNOTS('',3,(#12573,#12574,#12575,#12576),
 .UNSPECIFIED.,.F.,.F.,(4,4),(1.96822018087454,2.02582826211301),
 .UNSPECIFIED.);
#37=B_SPLINE_CURVE_WITH_KNOTS('',3,(#12580,#12581,#12582,#12583,#12584,
#12585,#12586,#12587),.UNSPECIFIED.,.F.,.F.,(4,2,2,4),(0.965640405794154,
0.985949401129951,1.05593828562906,1.09489727897387),.UNSPECIFIED.);
#38=B_SPLINE_CURVE_WITH_KNOTS('',3,(#12591,#12592,#12593,#12594,#12595,
#12596,#12597,#12598,#12599,#12600),.UNSPECIFIED.,.F.,.F.,(4,2,2,2,4),(0.389855249335418,
0.408783842475919,0.476558526150061,0.544333209824203,0.5737579956749),
 .UNSPECIFIED.);
#39=B_SPLINE_CURVE_WITH_KNOTS('',3,(#12602,#12603,#12604,#12605),
 .UNSPECIFIED.,.F.,.F.,(4,4),(2.46390961289897,2.48335444210228),
 .UNSPECIFIED.);
#40=B_SPLINE_CURVE_WITH_KNOTS('',3,(#12621,#12622,#12623,#12624,#12625,
#12626,#12627,#12628,#12629,#12630),.UNSPECIFIED.,.F.,.F.,(4,2,2,2,4),(0.,
0.188276738823583,0.376553477647167,0.504267030964827,0.631980584282488),
 .UNSPECIFIED.);
#41=B_SPLINE_CURVE_WITH_KNOTS('',3,(#12638,#12639,#12640,#12641,#12642,
#12643,#12644,#12645,#12646,#12647),.UNSPECIFIED.,.F.,.F.,(4,2,2,2,4),(1.55020109513424,
1.6779146484519,1.80562820176956,1.99390494059314,2.18218167941672),
 .UNSPECIFIED.);
#42=B_SPLINE_CURVE_WITH_KNOTS('',3,(#12748,#12749,#12750,#12751),
 .UNSPECIFIED.,.F.,.F.,(4,4),(1.31550097201819,1.3349458012215),
 .UNSPECIFIED.);
#43=B_SPLINE_CURVE_WITH_KNOTS('',3,(#13117,#13118,#13119,#13120,#13121,
#13122,#13123,#13124,#13125,#13126),.UNSPECIFIED.,.F.,.F.,(4,2,2,2,4),(1.55020109513424,
1.6779146484519,1.80562820176956,1.99390494059314,2.18218167941673),
 .UNSPECIFIED.);
#44=B_SPLINE_CURVE_WITH_KNOTS('',3,(#13149,#13150,#13151,#13152,#13153,
#13154,#13155,#13156,#13157,#13158),.UNSPECIFIED.,.F.,.F.,(4,2,2,2,4),(0.,
0.188276738823583,0.376553477647166,0.504267030964827,0.631980584282488),
 .UNSPECIFIED.);
#45=B_SPLINE_CURVE_WITH_KNOTS('',3,(#13166,#13167,#13168,#13169),
 .UNSPECIFIED.,.F.,.F.,(4,4),(0.174839887281998,0.232447968520465),
 .UNSPECIFIED.);
#46=B_SPLINE_CURVE_WITH_KNOTS('',3,(#13173,#13174,#13175,#13176),
 .UNSPECIFIED.,.F.,.F.,(4,4),(1.96822018087464,2.02582826211312),
 .UNSPECIFIED.);
#47=SHAPE_REPRESENTATION_RELATIONSHIP('SRR','None',#13377,#50);
#48=SHAPE_REPRESENTATION_RELATIONSHIP('SRR','None',#13378,#51);
#49=SHAPE_REPRESENTATION_RELATIONSHIP('SRR','None',#13379,#52);
#50=ADVANCED_BREP_SHAPE_REPRESENTATION('',(#56),#13357);
#51=ADVANCED_BREP_SHAPE_REPRESENTATION('',(#57),#13358);
#52=ADVANCED_BREP_SHAPE_REPRESENTATION('',(#58),#13359);
#53=STYLED_ITEM('',(#13400),#56);
#54=STYLED_ITEM('',(#13400),#57);
#55=STYLED_ITEM('',(#13400),#58);
#56=MANIFOLD_SOLID_BREP('AC_Voltmeter_Case',#7993);
#57=MANIFOLD_SOLID_BREP('AC_Voltmeter_Top',#7994);
#58=MANIFOLD_SOLID_BREP('AC_Voltmeter_Base',#7995);
#59=FACE_BOUND('',#966,.T.);
#60=FACE_BOUND('',#967,.T.);
#61=FACE_BOUND('',#968,.T.);
#62=FACE_BOUND('',#975,.T.);
#63=FACE_BOUND('',#980,.T.);
#64=FACE_BOUND('',#984,.T.);
#65=FACE_BOUND('',#988,.T.);
#66=FACE_BOUND('',#992,.T.);
#67=FACE_BOUND('',#1000,.T.);
#68=FACE_BOUND('',#1023,.T.);
#69=FACE_BOUND('',#1047,.T.);
#70=FACE_BOUND('',#1070,.T.);
#71=FACE_BOUND('',#1083,.T.);
#72=FACE_BOUND('',#1084,.T.);
#73=FACE_BOUND('',#1085,.T.);
#74=FACE_BOUND('',#1086,.T.);
#75=FACE_BOUND('',#1093,.T.);
#76=FACE_BOUND('',#1094,.T.);
#77=FACE_BOUND('',#1129,.T.);
#78=FACE_BOUND('',#1130,.T.);
#79=FACE_BOUND('',#1131,.T.);
#80=FACE_BOUND('',#1132,.T.);
#81=FACE_BOUND('',#1133,.T.);
#82=FACE_BOUND('',#1134,.T.);
#83=FACE_BOUND('',#1135,.T.);
#84=FACE_BOUND('',#1136,.T.);
#85=FACE_BOUND('',#1137,.T.);
#86=FACE_BOUND('',#1138,.T.);
#87=FACE_BOUND('',#1139,.T.);
#88=FACE_BOUND('',#1140,.T.);
#89=FACE_BOUND('',#1141,.T.);
#90=FACE_BOUND('',#1142,.T.);
#91=FACE_BOUND('',#1307,.T.);
#92=FACE_BOUND('',#1308,.T.);
#93=FACE_BOUND('',#1309,.T.);
#94=FACE_BOUND('',#1310,.T.);
#95=FACE_BOUND('',#1311,.T.);
#96=FACE_BOUND('',#1312,.T.);
#97=FACE_BOUND('',#1313,.T.);
#98=FACE_BOUND('',#1314,.T.);
#99=FACE_BOUND('',#1315,.T.);
#100=FACE_BOUND('',#1316,.T.);
#101=FACE_BOUND('',#1317,.T.);
#102=FACE_BOUND('',#1318,.T.);
#103=FACE_BOUND('',#1319,.T.);
#104=FACE_BOUND('',#1330,.T.);
#105=FACE_BOUND('',#1331,.T.);
#106=FACE_BOUND('',#1332,.T.);
#107=FACE_BOUND('',#1333,.T.);
#108=FACE_BOUND('',#1352,.T.);
#109=FACE_BOUND('',#1353,.T.);
#110=FACE_BOUND('',#1354,.T.);
#111=FACE_BOUND('',#1355,.T.);
#112=FACE_BOUND('',#1356,.T.);
#113=FACE_BOUND('',#1357,.T.);
#114=FACE_BOUND('',#1358,.T.);
#115=FACE_BOUND('',#1359,.T.);
#116=CYLINDRICAL_SURFACE('',#8041,4.);
#117=CYLINDRICAL_SURFACE('',#8053,4.);
#118=CYLINDRICAL_SURFACE('',#8057,3.81);
#119=CYLINDRICAL_SURFACE('',#8064,3.81);
#120=CYLINDRICAL_SURFACE('',#8071,3.81);
#121=CYLINDRICAL_SURFACE('',#8078,3.81);
#122=CYLINDRICAL_SURFACE('',#8127,2.);
#123=CYLINDRICAL_SURFACE('',#8129,2.);
#124=CYLINDRICAL_SURFACE('',#8134,2.);
#125=CYLINDRICAL_SURFACE('',#8137,2.);
#126=CYLINDRICAL_SURFACE('',#8139,4.);
#127=CYLINDRICAL_SURFACE('',#8141,2.);
#128=CYLINDRICAL_SURFACE('',#8144,2.);
#129=CYLINDRICAL_SURFACE('',#8156,2.00000002980232);
#130=CYLINDRICAL_SURFACE('',#8166,2.00000002980232);
#131=CYLINDRICAL_SURFACE('',#8199,2.25);
#132=CYLINDRICAL_SURFACE('',#8200,1.75);
#133=CYLINDRICAL_SURFACE('',#8204,2.);
#134=CYLINDRICAL_SURFACE('',#8214,1.3);
#135=CYLINDRICAL_SURFACE('',#8216,1.3);
#136=CYLINDRICAL_SURFACE('',#8217,1.3);
#137=CYLINDRICAL_SURFACE('',#8218,1.3);
#138=CYLINDRICAL_SURFACE('',#8236,1.75);
#139=CYLINDRICAL_SURFACE('',#8258,2.);
#140=CYLINDRICAL_SURFACE('',#8260,4.);
#141=CYLINDRICAL_SURFACE('',#8262,2.);
#142=CYLINDRICAL_SURFACE('',#8265,2.00000000000001);
#143=CYLINDRICAL_SURFACE('',#8291,2.00000000000001);
#144=CYLINDRICAL_SURFACE('',#8450,2.);
#145=CYLINDRICAL_SURFACE('',#8451,2.);
#146=CYLINDRICAL_SURFACE('',#8454,1.);
#147=CYLINDRICAL_SURFACE('',#8457,1.);
#148=CYLINDRICAL_SURFACE('',#8460,1.);
#149=CYLINDRICAL_SURFACE('',#8462,1.);
#150=CYLINDRICAL_SURFACE('',#8465,2.);
#151=CYLINDRICAL_SURFACE('',#8467,2.);
#152=CYLINDRICAL_SURFACE('',#8470,2.);
#153=CYLINDRICAL_SURFACE('',#8472,2.00000000000001);
#154=CYLINDRICAL_SURFACE('',#8480,1.8);
#155=CYLINDRICAL_SURFACE('',#8485,50.9);
#156=CYLINDRICAL_SURFACE('',#8488,1.8);
#157=CYLINDRICAL_SURFACE('',#8490,3.);
#158=CYLINDRICAL_SURFACE('',#8492,3.);
#159=CYLINDRICAL_SURFACE('',#8514,4.2);
#160=CYLINDRICAL_SURFACE('',#8516,4.2);
#161=CYLINDRICAL_SURFACE('',#8526,50.9);
#162=CYLINDRICAL_SURFACE('',#8539,2.);
#163=CYLINDRICAL_SURFACE('',#8542,2.);
#164=CYLINDRICAL_SURFACE('',#8576,1.);
#165=CYLINDRICAL_SURFACE('',#8589,2.);
#166=CYLINDRICAL_SURFACE('',#8602,12.);
#167=CYLINDRICAL_SURFACE('',#8635,5.);
#168=CYLINDRICAL_SURFACE('',#8636,5.00000000000005);
#169=CYLINDRICAL_SURFACE('',#8641,5.);
#170=CYLINDRICAL_SURFACE('',#8643,5.);
#171=CYLINDRICAL_SURFACE('',#8648,3.);
#172=CYLINDRICAL_SURFACE('',#8650,50.9);
#173=CYLINDRICAL_SURFACE('',#8674,12.);
#174=CYLINDRICAL_SURFACE('',#8683,1.);
#175=CYLINDRICAL_SURFACE('',#8693,2.);
#176=CYLINDRICAL_SURFACE('',#8710,1.);
#177=CYLINDRICAL_SURFACE('',#8711,1.);
#178=CYLINDRICAL_SURFACE('',#8712,2.);
#179=CYLINDRICAL_SURFACE('',#8713,2.);
#180=CYLINDRICAL_SURFACE('',#8715,3.);
#181=CYLINDRICAL_SURFACE('',#8717,5.);
#182=CYLINDRICAL_SURFACE('',#8718,5.);
#183=CYLINDRICAL_SURFACE('',#8720,2.25);
#184=CYLINDRICAL_SURFACE('',#8721,2.25);
#185=CYLINDRICAL_SURFACE('',#8724,5.00000000000006);
#186=CYLINDRICAL_SURFACE('',#8725,5.);
#187=CYLINDRICAL_SURFACE('',#8727,2.25);
#188=CYLINDRICAL_SURFACE('',#8728,2.25);
#189=PLANE('',#8035);
#190=PLANE('',#8039);
#191=PLANE('',#8040);
#192=PLANE('',#8043);
#193=PLANE('',#8046);
#194=PLANE('',#8050);
#195=PLANE('',#8051);
#196=PLANE('',#8052);
#197=PLANE('',#8059);
#198=PLANE('',#8066);
#199=PLANE('',#8073);
#200=PLANE('',#8080);
#201=PLANE('',#8082);
#202=PLANE('',#8086);
#203=PLANE('',#8087);
#204=PLANE('',#8088);
#205=PLANE('',#8089);
#206=PLANE('',#8090);
#207=PLANE('',#8099);
#208=PLANE('',#8100);
#209=PLANE('',#8101);
#210=PLANE('',#8102);
#211=PLANE('',#8103);
#212=PLANE('',#8107);
#213=PLANE('',#8108);
#214=PLANE('',#8111);
#215=PLANE('',#8118);
#216=PLANE('',#8121);
#217=PLANE('',#8124);
#218=PLANE('',#8131);
#219=PLANE('',#8136);
#220=PLANE('',#8143);
#221=PLANE('',#8146);
#222=PLANE('',#8147);
#223=PLANE('',#8148);
#224=PLANE('',#8149);
#225=PLANE('',#8150);
#226=PLANE('',#8153);
#227=PLANE('',#8158);
#228=PLANE('',#8159);
#229=PLANE('',#8163);
#230=PLANE('',#8167);
#231=PLANE('',#8168);
#232=PLANE('',#8171);
#233=PLANE('',#8174);
#234=PLANE('',#8177);
#235=PLANE('',#8184);
#236=PLANE('',#8187);
#237=PLANE('',#8188);
#238=PLANE('',#8189);
#239=PLANE('',#8190);
#240=PLANE('',#8191);
#241=PLANE('',#8192);
#242=PLANE('',#8193);
#243=PLANE('',#8194);
#244=PLANE('',#8195);
#245=PLANE('',#8196);
#246=PLANE('',#8202);
#247=PLANE('',#8203);
#248=PLANE('',#8205);
#249=PLANE('',#8206);
#250=PLANE('',#8208);
#251=PLANE('',#8210);
#252=PLANE('',#8212);
#253=PLANE('',#8215);
#254=PLANE('',#8219);
#255=PLANE('',#8224);
#256=PLANE('',#8239);
#257=PLANE('',#8242);
#258=PLANE('',#8245);
#259=PLANE('',#8248);
#260=PLANE('',#8255);
#261=PLANE('',#8264);
#262=PLANE('',#8267);
#263=PLANE('',#8271);
#264=PLANE('',#8278);
#265=PLANE('',#8281);
#266=PLANE('',#8285);
#267=PLANE('',#8289);
#268=PLANE('',#8290);
#269=PLANE('',#8292);
#270=PLANE('',#8294);
#271=PLANE('',#8295);
#272=PLANE('',#8296);
#273=PLANE('',#8297);
#274=PLANE('',#8298);
#275=PLANE('',#8299);
#276=PLANE('',#8300);
#277=PLANE('',#8301);
#278=PLANE('',#8302);
#279=PLANE('',#8303);
#280=PLANE('',#8304);
#281=PLANE('',#8305);
#282=PLANE('',#8306);
#283=PLANE('',#8307);
#284=PLANE('',#8308);
#285=PLANE('',#8309);
#286=PLANE('',#8310);
#287=PLANE('',#8311);
#288=PLANE('',#8312);
#289=PLANE('',#8313);
#290=PLANE('',#8314);
#291=PLANE('',#8315);
#292=PLANE('',#8316);
#293=PLANE('',#8317);
#294=PLANE('',#8318);
#295=PLANE('',#8319);
#296=PLANE('',#8320);
#297=PLANE('',#8321);
#298=PLANE('',#8322);
#299=PLANE('',#8323);
#300=PLANE('',#8324);
#301=PLANE('',#8325);
#302=PLANE('',#8326);
#303=PLANE('',#8327);
#304=PLANE('',#8328);
#305=PLANE('',#8329);
#306=PLANE('',#8330);
#307=PLANE('',#8331);
#308=PLANE('',#8332);
#309=PLANE('',#8333);
#310=PLANE('',#8334);
#311=PLANE('',#8335);
#312=PLANE('',#8336);
#313=PLANE('',#8337);
#314=PLANE('',#8338);
#315=PLANE('',#8339);
#316=PLANE('',#8340);
#317=PLANE('',#8341);
#318=PLANE('',#8342);
#319=PLANE('',#8343);
#320=PLANE('',#8344);
#321=PLANE('',#8345);
#322=PLANE('',#8346);
#323=PLANE('',#8347);
#324=PLANE('',#8348);
#325=PLANE('',#8349);
#326=PLANE('',#8350);
#327=PLANE('',#8351);
#328=PLANE('',#8352);
#329=PLANE('',#8353);
#330=PLANE('',#8354);
#331=PLANE('',#8355);
#332=PLANE('',#8356);
#333=PLANE('',#8357);
#334=PLANE('',#8358);
#335=PLANE('',#8359);
#336=PLANE('',#8360);
#337=PLANE('',#8361);
#338=PLANE('',#8362);
#339=PLANE('',#8363);
#340=PLANE('',#8364);
#341=PLANE('',#8365);
#342=PLANE('',#8366);
#343=PLANE('',#8367);
#344=PLANE('',#8368);
#345=PLANE('',#8369);
#346=PLANE('',#8370);
#347=PLANE('',#8371);
#348=PLANE('',#8373);
#349=PLANE('',#8374);
#350=PLANE('',#8375);
#351=PLANE('',#8376);
#352=PLANE('',#8377);
#353=PLANE('',#8378);
#354=PLANE('',#8379);
#355=PLANE('',#8380);
#356=PLANE('',#8381);
#357=PLANE('',#8382);
#358=PLANE('',#8383);
#359=PLANE('',#8384);
#360=PLANE('',#8385);
#361=PLANE('',#8386);
#362=PLANE('',#8387);
#363=PLANE('',#8388);
#364=PLANE('',#8389);
#365=PLANE('',#8390);
#366=PLANE('',#8391);
#367=PLANE('',#8392);
#368=PLANE('',#8393);
#369=PLANE('',#8394);
#370=PLANE('',#8395);
#371=PLANE('',#8396);
#372=PLANE('',#8397);
#373=PLANE('',#8398);
#374=PLANE('',#8399);
#375=PLANE('',#8400);
#376=PLANE('',#8401);
#377=PLANE('',#8402);
#378=PLANE('',#8403);
#379=PLANE('',#8404);
#380=PLANE('',#8405);
#381=PLANE('',#8406);
#382=PLANE('',#8407);
#383=PLANE('',#8408);
#384=PLANE('',#8409);
#385=PLANE('',#8410);
#386=PLANE('',#8411);
#387=PLANE('',#8412);
#388=PLANE('',#8413);
#389=PLANE('',#8414);
#390=PLANE('',#8415);
#391=PLANE('',#8416);
#392=PLANE('',#8417);
#393=PLANE('',#8418);
#394=PLANE('',#8419);
#395=PLANE('',#8420);
#396=PLANE('',#8421);
#397=PLANE('',#8422);
#398=PLANE('',#8423);
#399=PLANE('',#8424);
#400=PLANE('',#8425);
#401=PLANE('',#8426);
#402=PLANE('',#8427);
#403=PLANE('',#8436);
#404=PLANE('',#8437);
#405=PLANE('',#8438);
#406=PLANE('',#8441);
#407=PLANE('',#8444);
#408=PLANE('',#8447);
#409=PLANE('',#8452);
#410=PLANE('',#8453);
#411=PLANE('',#8456);
#412=PLANE('',#8459);
#413=PLANE('',#8464);
#414=PLANE('',#8466);
#415=PLANE('',#8468);
#416=PLANE('',#8469);
#417=PLANE('',#8471);
#418=PLANE('',#8473);
#419=PLANE('',#8478);
#420=PLANE('',#8493);
#421=PLANE('',#8494);
#422=PLANE('',#8513);
#423=PLANE('',#8518);
#424=PLANE('',#8520);
#425=PLANE('',#8523);
#426=PLANE('',#8524);
#427=PLANE('',#8530);
#428=PLANE('',#8534);
#429=PLANE('',#8538);
#430=PLANE('',#8541);
#431=PLANE('',#8544);
#432=PLANE('',#8566);
#433=PLANE('',#8569);
#434=PLANE('',#8572);
#435=PLANE('',#8575);
#436=PLANE('',#8578);
#437=PLANE('',#8579);
#438=PLANE('',#8582);
#439=PLANE('',#8585);
#440=PLANE('',#8588);
#441=PLANE('',#8591);
#442=PLANE('',#8592);
#443=PLANE('',#8595);
#444=PLANE('',#8598);
#445=PLANE('',#8601);
#446=PLANE('',#8604);
#447=PLANE('',#8605);
#448=PLANE('',#8606);
#449=PLANE('',#8607);
#450=PLANE('',#8612);
#451=PLANE('',#8613);
#452=PLANE('',#8614);
#453=PLANE('',#8619);
#454=PLANE('',#8620);
#455=PLANE('',#8621);
#456=PLANE('',#8626);
#457=PLANE('',#8627);
#458=PLANE('',#8632);
#459=PLANE('',#8633);
#460=PLANE('',#8634);
#461=PLANE('',#8638);
#462=PLANE('',#8639);
#463=PLANE('',#8640);
#464=PLANE('',#8644);
#465=PLANE('',#8654);
#466=PLANE('',#8655);
#467=PLANE('',#8656);
#468=PLANE('',#8657);
#469=PLANE('',#8659);
#470=PLANE('',#8661);
#471=PLANE('',#8664);
#472=PLANE('',#8665);
#473=PLANE('',#8668);
#474=PLANE('',#8671);
#475=PLANE('',#8673);
#476=PLANE('',#8675);
#477=PLANE('',#8678);
#478=PLANE('',#8680);
#479=PLANE('',#8684);
#480=PLANE('',#8685);
#481=PLANE('',#8688);
#482=PLANE('',#8690);
#483=PLANE('',#8694);
#484=PLANE('',#8695);
#485=PLANE('',#8698);
#486=PLANE('',#8699);
#487=PLANE('',#8702);
#488=PLANE('',#8706);
#489=PLANE('',#8714);
#490=PLANE('',#8719);
#491=PLANE('',#8722);
#492=PLANE('',#8723);
#493=PLANE('',#8726);
#494=PLANE('',#8731);
#495=PLANE('',#8732);
#496=FACE_OUTER_BOUND('',#959,.T.);
#497=FACE_OUTER_BOUND('',#960,.T.);
#498=FACE_OUTER_BOUND('',#961,.T.);
#499=FACE_OUTER_BOUND('',#962,.T.);
#500=FACE_OUTER_BOUND('',#963,.T.);
#501=FACE_OUTER_BOUND('',#964,.T.);
#502=FACE_OUTER_BOUND('',#965,.T.);
#503=FACE_OUTER_BOUND('',#969,.T.);
#504=FACE_OUTER_BOUND('',#970,.T.);
#505=FACE_OUTER_BOUND('',#971,.T.);
#506=FACE_OUTER_BOUND('',#972,.T.);
#507=FACE_OUTER_BOUND('',#973,.T.);
#508=FACE_OUTER_BOUND('',#974,.T.);
#509=FACE_OUTER_BOUND('',#976,.T.);
#510=FACE_OUTER_BOUND('',#977,.T.);
#511=FACE_OUTER_BOUND('',#978,.T.);
#512=FACE_OUTER_BOUND('',#979,.T.);
#513=FACE_OUTER_BOUND('',#981,.T.);
#514=FACE_OUTER_BOUND('',#982,.T.);
#515=FACE_OUTER_BOUND('',#983,.T.);
#516=FACE_OUTER_BOUND('',#985,.T.);
#517=FACE_OUTER_BOUND('',#986,.T.);
#518=FACE_OUTER_BOUND('',#987,.T.);
#519=FACE_OUTER_BOUND('',#989,.T.);
#520=FACE_OUTER_BOUND('',#990,.T.);
#521=FACE_OUTER_BOUND('',#991,.T.);
#522=FACE_OUTER_BOUND('',#993,.T.);
#523=FACE_OUTER_BOUND('',#994,.T.);
#524=FACE_OUTER_BOUND('',#995,.T.);
#525=FACE_OUTER_BOUND('',#996,.T.);
#526=FACE_OUTER_BOUND('',#997,.T.);
#527=FACE_OUTER_BOUND('',#998,.T.);
#528=FACE_OUTER_BOUND('',#999,.T.);
#529=FACE_OUTER_BOUND('',#1001,.T.);
#530=FACE_OUTER_BOUND('',#1002,.T.);
#531=FACE_OUTER_BOUND('',#1003,.T.);
#532=FACE_OUTER_BOUND('',#1004,.T.);
#533=FACE_OUTER_BOUND('',#1005,.T.);
#534=FACE_OUTER_BOUND('',#1006,.T.);
#535=FACE_OUTER_BOUND('',#1007,.T.);
#536=FACE_OUTER_BOUND('',#1008,.T.);
#537=FACE_OUTER_BOUND('',#1009,.T.);
#538=FACE_OUTER_BOUND('',#1010,.T.);
#539=FACE_OUTER_BOUND('',#1011,.T.);
#540=FACE_OUTER_BOUND('',#1012,.T.);
#541=FACE_OUTER_BOUND('',#1013,.T.);
#542=FACE_OUTER_BOUND('',#1014,.T.);
#543=FACE_OUTER_BOUND('',#1015,.T.);
#544=FACE_OUTER_BOUND('',#1016,.T.);
#545=FACE_OUTER_BOUND('',#1017,.T.);
#546=FACE_OUTER_BOUND('',#1018,.T.);
#547=FACE_OUTER_BOUND('',#1019,.T.);
#548=FACE_OUTER_BOUND('',#1020,.T.);
#549=FACE_OUTER_BOUND('',#1021,.T.);
#550=FACE_OUTER_BOUND('',#1022,.T.);
#551=FACE_OUTER_BOUND('',#1024,.T.);
#552=FACE_OUTER_BOUND('',#1025,.T.);
#553=FACE_OUTER_BOUND('',#1026,.T.);
#554=FACE_OUTER_BOUND('',#1027,.T.);
#555=FACE_OUTER_BOUND('',#1028,.T.);
#556=FACE_OUTER_BOUND('',#1029,.T.);
#557=FACE_OUTER_BOUND('',#1030,.T.);
#558=FACE_OUTER_BOUND('',#1031,.T.);
#559=FACE_OUTER_BOUND('',#1032,.T.);
#560=FACE_OUTER_BOUND('',#1033,.T.);
#561=FACE_OUTER_BOUND('',#1034,.T.);
#562=FACE_OUTER_BOUND('',#1035,.T.);
#563=FACE_OUTER_BOUND('',#1036,.T.);
#564=FACE_OUTER_BOUND('',#1037,.T.);
#565=FACE_OUTER_BOUND('',#1038,.T.);
#566=FACE_OUTER_BOUND('',#1039,.T.);
#567=FACE_OUTER_BOUND('',#1040,.T.);
#568=FACE_OUTER_BOUND('',#1041,.T.);
#569=FACE_OUTER_BOUND('',#1042,.T.);
#570=FACE_OUTER_BOUND('',#1043,.T.);
#571=FACE_OUTER_BOUND('',#1044,.T.);
#572=FACE_OUTER_BOUND('',#1045,.T.);
#573=FACE_OUTER_BOUND('',#1046,.T.);
#574=FACE_OUTER_BOUND('',#1048,.T.);
#575=FACE_OUTER_BOUND('',#1049,.T.);
#576=FACE_OUTER_BOUND('',#1050,.T.);
#577=FACE_OUTER_BOUND('',#1051,.T.);
#578=FACE_OUTER_BOUND('',#1052,.T.);
#579=FACE_OUTER_BOUND('',#1053,.T.);
#580=FACE_OUTER_BOUND('',#1054,.T.);
#581=FACE_OUTER_BOUND('',#1055,.T.);
#582=FACE_OUTER_BOUND('',#1056,.T.);
#583=FACE_OUTER_BOUND('',#1057,.T.);
#584=FACE_OUTER_BOUND('',#1058,.T.);
#585=FACE_OUTER_BOUND('',#1059,.T.);
#586=FACE_OUTER_BOUND('',#1060,.T.);
#587=FACE_OUTER_BOUND('',#1061,.T.);
#588=FACE_OUTER_BOUND('',#1062,.T.);
#589=FACE_OUTER_BOUND('',#1063,.T.);
#590=FACE_OUTER_BOUND('',#1064,.T.);
#591=FACE_OUTER_BOUND('',#1065,.T.);
#592=FACE_OUTER_BOUND('',#1066,.T.);
#593=FACE_OUTER_BOUND('',#1067,.T.);
#594=FACE_OUTER_BOUND('',#1068,.T.);
#595=FACE_OUTER_BOUND('',#1069,.T.);
#596=FACE_OUTER_BOUND('',#1071,.T.);
#597=FACE_OUTER_BOUND('',#1072,.T.);
#598=FACE_OUTER_BOUND('',#1073,.T.);
#599=FACE_OUTER_BOUND('',#1074,.T.);
#600=FACE_OUTER_BOUND('',#1075,.T.);
#601=FACE_OUTER_BOUND('',#1076,.T.);
#602=FACE_OUTER_BOUND('',#1077,.T.);
#603=FACE_OUTER_BOUND('',#1078,.T.);
#604=FACE_OUTER_BOUND('',#1079,.T.);
#605=FACE_OUTER_BOUND('',#1080,.T.);
#606=FACE_OUTER_BOUND('',#1081,.T.);
#607=FACE_OUTER_BOUND('',#1082,.T.);
#608=FACE_OUTER_BOUND('',#1087,.T.);
#609=FACE_OUTER_BOUND('',#1088,.T.);
#610=FACE_OUTER_BOUND('',#1089,.T.);
#611=FACE_OUTER_BOUND('',#1090,.T.);
#612=FACE_OUTER_BOUND('',#1091,.T.);
#613=FACE_OUTER_BOUND('',#1092,.T.);
#614=FACE_OUTER_BOUND('',#1095,.T.);
#615=FACE_OUTER_BOUND('',#1096,.T.);
#616=FACE_OUTER_BOUND('',#1097,.T.);
#617=FACE_OUTER_BOUND('',#1098,.T.);
#618=FACE_OUTER_BOUND('',#1099,.T.);
#619=FACE_OUTER_BOUND('',#1100,.T.);
#620=FACE_OUTER_BOUND('',#1101,.T.);
#621=FACE_OUTER_BOUND('',#1102,.T.);
#622=FACE_OUTER_BOUND('',#1103,.T.);
#623=FACE_OUTER_BOUND('',#1104,.T.);
#624=FACE_OUTER_BOUND('',#1105,.T.);
#625=FACE_OUTER_BOUND('',#1106,.T.);
#626=FACE_OUTER_BOUND('',#1107,.T.);
#627=FACE_OUTER_BOUND('',#1108,.T.);
#628=FACE_OUTER_BOUND('',#1109,.T.);
#629=FACE_OUTER_BOUND('',#1110,.T.);
#630=FACE_OUTER_BOUND('',#1111,.T.);
#631=FACE_OUTER_BOUND('',#1112,.T.);
#632=FACE_OUTER_BOUND('',#1113,.T.);
#633=FACE_OUTER_BOUND('',#1114,.T.);
#634=FACE_OUTER_BOUND('',#1115,.T.);
#635=FACE_OUTER_BOUND('',#1116,.T.);
#636=FACE_OUTER_BOUND('',#1117,.T.);
#637=FACE_OUTER_BOUND('',#1118,.T.);
#638=FACE_OUTER_BOUND('',#1119,.T.);
#639=FACE_OUTER_BOUND('',#1120,.T.);
#640=FACE_OUTER_BOUND('',#1121,.T.);
#641=FACE_OUTER_BOUND('',#1122,.T.);
#642=FACE_OUTER_BOUND('',#1123,.T.);
#643=FACE_OUTER_BOUND('',#1124,.T.);
#644=FACE_OUTER_BOUND('',#1125,.T.);
#645=FACE_OUTER_BOUND('',#1126,.T.);
#646=FACE_OUTER_BOUND('',#1127,.T.);
#647=FACE_OUTER_BOUND('',#1128,.T.);
#648=FACE_OUTER_BOUND('',#1143,.T.);
#649=FACE_OUTER_BOUND('',#1144,.T.);
#650=FACE_OUTER_BOUND('',#1145,.T.);
#651=FACE_OUTER_BOUND('',#1146,.T.);
#652=FACE_OUTER_BOUND('',#1147,.T.);
#653=FACE_OUTER_BOUND('',#1148,.T.);
#654=FACE_OUTER_BOUND('',#1149,.T.);
#655=FACE_OUTER_BOUND('',#1150,.T.);
#656=FACE_OUTER_BOUND('',#1151,.T.);
#657=FACE_OUTER_BOUND('',#1152,.T.);
#658=FACE_OUTER_BOUND('',#1153,.T.);
#659=FACE_OUTER_BOUND('',#1154,.T.);
#660=FACE_OUTER_BOUND('',#1155,.T.);
#661=FACE_OUTER_BOUND('',#1156,.T.);
#662=FACE_OUTER_BOUND('',#1157,.T.);
#663=FACE_OUTER_BOUND('',#1158,.T.);
#664=FACE_OUTER_BOUND('',#1159,.T.);
#665=FACE_OUTER_BOUND('',#1160,.T.);
#666=FACE_OUTER_BOUND('',#1161,.T.);
#667=FACE_OUTER_BOUND('',#1162,.T.);
#668=FACE_OUTER_BOUND('',#1163,.T.);
#669=FACE_OUTER_BOUND('',#1164,.T.);
#670=FACE_OUTER_BOUND('',#1165,.T.);
#671=FACE_OUTER_BOUND('',#1166,.T.);
#672=FACE_OUTER_BOUND('',#1167,.T.);
#673=FACE_OUTER_BOUND('',#1168,.T.);
#674=FACE_OUTER_BOUND('',#1169,.T.);
#675=FACE_OUTER_BOUND('',#1170,.T.);
#676=FACE_OUTER_BOUND('',#1171,.T.);
#677=FACE_OUTER_BOUND('',#1172,.T.);
#678=FACE_OUTER_BOUND('',#1173,.T.);
#679=FACE_OUTER_BOUND('',#1174,.T.);
#680=FACE_OUTER_BOUND('',#1175,.T.);
#681=FACE_OUTER_BOUND('',#1176,.T.);
#682=FACE_OUTER_BOUND('',#1177,.T.);
#683=FACE_OUTER_BOUND('',#1178,.T.);
#684=FACE_OUTER_BOUND('',#1179,.T.);
#685=FACE_OUTER_BOUND('',#1180,.T.);
#686=FACE_OUTER_BOUND('',#1181,.T.);
#687=FACE_OUTER_BOUND('',#1182,.T.);
#688=FACE_OUTER_BOUND('',#1183,.T.);
#689=FACE_OUTER_BOUND('',#1184,.T.);
#690=FACE_OUTER_BOUND('',#1185,.T.);
#691=FACE_OUTER_BOUND('',#1186,.T.);
#692=FACE_OUTER_BOUND('',#1187,.T.);
#693=FACE_OUTER_BOUND('',#1188,.T.);
#694=FACE_OUTER_BOUND('',#1189,.T.);
#695=FACE_OUTER_BOUND('',#1190,.T.);
#696=FACE_OUTER_BOUND('',#1191,.T.);
#697=FACE_OUTER_BOUND('',#1192,.T.);
#698=FACE_OUTER_BOUND('',#1193,.T.);
#699=FACE_OUTER_BOUND('',#1194,.T.);
#700=FACE_OUTER_BOUND('',#1195,.T.);
#701=FACE_OUTER_BOUND('',#1196,.T.);
#702=FACE_OUTER_BOUND('',#1197,.T.);
#703=FACE_OUTER_BOUND('',#1198,.T.);
#704=FACE_OUTER_BOUND('',#1199,.T.);
#705=FACE_OUTER_BOUND('',#1200,.T.);
#706=FACE_OUTER_BOUND('',#1201,.T.);
#707=FACE_OUTER_BOUND('',#1202,.T.);
#708=FACE_OUTER_BOUND('',#1203,.T.);
#709=FACE_OUTER_BOUND('',#1204,.T.);
#710=FACE_OUTER_BOUND('',#1205,.T.);
#711=FACE_OUTER_BOUND('',#1206,.T.);
#712=FACE_OUTER_BOUND('',#1207,.T.);
#713=FACE_OUTER_BOUND('',#1208,.T.);
#714=FACE_OUTER_BOUND('',#1209,.T.);
#715=FACE_OUTER_BOUND('',#1210,.T.);
#716=FACE_OUTER_BOUND('',#1211,.T.);
#717=FACE_OUTER_BOUND('',#1212,.T.);
#718=FACE_OUTER_BOUND('',#1213,.T.);
#719=FACE_OUTER_BOUND('',#1214,.T.);
#720=FACE_OUTER_BOUND('',#1215,.T.);
#721=FACE_OUTER_BOUND('',#1216,.T.);
#722=FACE_OUTER_BOUND('',#1217,.T.);
#723=FACE_OUTER_BOUND('',#1218,.T.);
#724=FACE_OUTER_BOUND('',#1219,.T.);
#725=FACE_OUTER_BOUND('',#1220,.T.);
#726=FACE_OUTER_BOUND('',#1221,.T.);
#727=FACE_OUTER_BOUND('',#1222,.T.);
#728=FACE_OUTER_BOUND('',#1223,.T.);
#729=FACE_OUTER_BOUND('',#1224,.T.);
#730=FACE_OUTER_BOUND('',#1225,.T.);
#731=FACE_OUTER_BOUND('',#1226,.T.);
#732=FACE_OUTER_BOUND('',#1227,.T.);
#733=FACE_OUTER_BOUND('',#1228,.T.);
#734=FACE_OUTER_BOUND('',#1229,.T.);
#735=FACE_OUTER_BOUND('',#1230,.T.);
#736=FACE_OUTER_BOUND('',#1231,.T.);
#737=FACE_OUTER_BOUND('',#1232,.T.);
#738=FACE_OUTER_BOUND('',#1233,.T.);
#739=FACE_OUTER_BOUND('',#1234,.T.);
#740=FACE_OUTER_BOUND('',#1235,.T.);
#741=FACE_OUTER_BOUND('',#1236,.T.);
#742=FACE_OUTER_BOUND('',#1237,.T.);
#743=FACE_OUTER_BOUND('',#1238,.T.);
#744=FACE_OUTER_BOUND('',#1239,.T.);
#745=FACE_OUTER_BOUND('',#1240,.T.);
#746=FACE_OUTER_BOUND('',#1241,.T.);
#747=FACE_OUTER_BOUND('',#1242,.T.);
#748=FACE_OUTER_BOUND('',#1243,.T.);
#749=FACE_OUTER_BOUND('',#1244,.T.);
#750=FACE_OUTER_BOUND('',#1245,.T.);
#751=FACE_OUTER_BOUND('',#1246,.T.);
#752=FACE_OUTER_BOUND('',#1247,.T.);
#753=FACE_OUTER_BOUND('',#1248,.T.);
#754=FACE_OUTER_BOUND('',#1249,.T.);
#755=FACE_OUTER_BOUND('',#1250,.T.);
#756=FACE_OUTER_BOUND('',#1251,.T.);
#757=FACE_OUTER_BOUND('',#1252,.T.);
#758=FACE_OUTER_BOUND('',#1253,.T.);
#759=FACE_OUTER_BOUND('',#1254,.T.);
#760=FACE_OUTER_BOUND('',#1255,.T.);
#761=FACE_OUTER_BOUND('',#1256,.T.);
#762=FACE_OUTER_BOUND('',#1257,.T.);
#763=FACE_OUTER_BOUND('',#1258,.T.);
#764=FACE_OUTER_BOUND('',#1259,.T.);
#765=FACE_OUTER_BOUND('',#1260,.T.);
#766=FACE_OUTER_BOUND('',#1261,.T.);
#767=FACE_OUTER_BOUND('',#1262,.T.);
#768=FACE_OUTER_BOUND('',#1263,.T.);
#769=FACE_OUTER_BOUND('',#1264,.T.);
#770=FACE_OUTER_BOUND('',#1265,.T.);
#771=FACE_OUTER_BOUND('',#1266,.T.);
#772=FACE_OUTER_BOUND('',#1267,.T.);
#773=FACE_OUTER_BOUND('',#1268,.T.);
#774=FACE_OUTER_BOUND('',#1269,.T.);
#775=FACE_OUTER_BOUND('',#1270,.T.);
#776=FACE_OUTER_BOUND('',#1271,.T.);
#777=FACE_OUTER_BOUND('',#1272,.T.);
#778=FACE_OUTER_BOUND('',#1273,.T.);
#779=FACE_OUTER_BOUND('',#1274,.T.);
#780=FACE_OUTER_BOUND('',#1275,.T.);
#781=FACE_OUTER_BOUND('',#1276,.T.);
#782=FACE_OUTER_BOUND('',#1277,.T.);
#783=FACE_OUTER_BOUND('',#1278,.T.);
#784=FACE_OUTER_BOUND('',#1279,.T.);
#785=FACE_OUTER_BOUND('',#1280,.T.);
#786=FACE_OUTER_BOUND('',#1281,.T.);
#787=FACE_OUTER_BOUND('',#1282,.T.);
#788=FACE_OUTER_BOUND('',#1283,.T.);
#789=FACE_OUTER_BOUND('',#1284,.T.);
#790=FACE_OUTER_BOUND('',#1285,.T.);
#791=FACE_OUTER_BOUND('',#1286,.T.);
#792=FACE_OUTER_BOUND('',#1287,.T.);
#793=FACE_OUTER_BOUND('',#1288,.T.);
#794=FACE_OUTER_BOUND('',#1289,.T.);
#795=FACE_OUTER_BOUND('',#1290,.T.);
#796=FACE_OUTER_BOUND('',#1291,.T.);
#797=FACE_OUTER_BOUND('',#1292,.T.);
#798=FACE_OUTER_BOUND('',#1293,.T.);
#799=FACE_OUTER_BOUND('',#1294,.T.);
#800=FACE_OUTER_BOUND('',#1295,.T.);
#801=FACE_OUTER_BOUND('',#1296,.T.);
#802=FACE_OUTER_BOUND('',#1297,.T.);
#803=FACE_OUTER_BOUND('',#1298,.T.);
#804=FACE_OUTER_BOUND('',#1299,.T.);
#805=FACE_OUTER_BOUND('',#1300,.T.);
#806=FACE_OUTER_BOUND('',#1301,.T.);
#807=FACE_OUTER_BOUND('',#1302,.T.);
#808=FACE_OUTER_BOUND('',#1303,.T.);
#809=FACE_OUTER_BOUND('',#1304,.T.);
#810=FACE_OUTER_BOUND('',#1305,.T.);
#811=FACE_OUTER_BOUND('',#1306,.T.);
#812=FACE_OUTER_BOUND('',#1320,.T.);
#813=FACE_OUTER_BOUND('',#1321,.T.);
#814=FACE_OUTER_BOUND('',#1322,.T.);
#815=FACE_OUTER_BOUND('',#1323,.T.);
#816=FACE_OUTER_BOUND('',#1324,.T.);
#817=FACE_OUTER_BOUND('',#1325,.T.);
#818=FACE_OUTER_BOUND('',#1326,.T.);
#819=FACE_OUTER_BOUND('',#1327,.T.);
#820=FACE_OUTER_BOUND('',#1328,.T.);
#821=FACE_OUTER_BOUND('',#1329,.T.);
#822=FACE_OUTER_BOUND('',#1334,.T.);
#823=FACE_OUTER_BOUND('',#1335,.T.);
#824=FACE_OUTER_BOUND('',#1336,.T.);
#825=FACE_OUTER_BOUND('',#1337,.T.);
#826=FACE_OUTER_BOUND('',#1338,.T.);
#827=FACE_OUTER_BOUND('',#1339,.T.);
#828=FACE_OUTER_BOUND('',#1340,.T.);
#829=FACE_OUTER_BOUND('',#1341,.T.);
#830=FACE_OUTER_BOUND('',#1342,.T.);
#831=FACE_OUTER_BOUND('',#1343,.T.);
#832=FACE_OUTER_BOUND('',#1344,.T.);
#833=FACE_OUTER_BOUND('',#1345,.T.);
#834=FACE_OUTER_BOUND('',#1346,.T.);
#835=FACE_OUTER_BOUND('',#1347,.T.);
#836=FACE_OUTER_BOUND('',#1348,.T.);
#837=FACE_OUTER_BOUND('',#1349,.T.);
#838=FACE_OUTER_BOUND('',#1350,.T.);
#839=FACE_OUTER_BOUND('',#1351,.T.);
#840=FACE_OUTER_BOUND('',#1360,.T.);
#841=FACE_OUTER_BOUND('',#1361,.T.);
#842=FACE_OUTER_BOUND('',#1362,.T.);
#843=FACE_OUTER_BOUND('',#1363,.T.);
#844=FACE_OUTER_BOUND('',#1364,.T.);
#845=FACE_OUTER_BOUND('',#1365,.T.);
#846=FACE_OUTER_BOUND('',#1366,.T.);
#847=FACE_OUTER_BOUND('',#1367,.T.);
#848=FACE_OUTER_BOUND('',#1368,.T.);
#849=FACE_OUTER_BOUND('',#1369,.T.);
#850=FACE_OUTER_BOUND('',#1370,.T.);
#851=FACE_OUTER_BOUND('',#1371,.T.);
#852=FACE_OUTER_BOUND('',#1372,.T.);
#853=FACE_OUTER_BOUND('',#1373,.T.);
#854=FACE_OUTER_BOUND('',#1374,.T.);
#855=FACE_OUTER_BOUND('',#1375,.T.);
#856=FACE_OUTER_BOUND('',#1376,.T.);
#857=FACE_OUTER_BOUND('',#1377,.T.);
#858=FACE_OUTER_BOUND('',#1378,.T.);
#859=FACE_OUTER_BOUND('',#1379,.T.);
#860=FACE_OUTER_BOUND('',#1380,.T.);
#861=FACE_OUTER_BOUND('',#1381,.T.);
#862=FACE_OUTER_BOUND('',#1382,.T.);
#863=FACE_OUTER_BOUND('',#1383,.T.);
#864=FACE_OUTER_BOUND('',#1384,.T.);
#865=FACE_OUTER_BOUND('',#1385,.T.);
#866=FACE_OUTER_BOUND('',#1386,.T.);
#867=FACE_OUTER_BOUND('',#1387,.T.);
#868=FACE_OUTER_BOUND('',#1388,.T.);
#869=FACE_OUTER_BOUND('',#1389,.T.);
#870=FACE_OUTER_BOUND('',#1390,.T.);
#871=FACE_OUTER_BOUND('',#1391,.T.);
#872=FACE_OUTER_BOUND('',#1392,.T.);
#873=FACE_OUTER_BOUND('',#1393,.T.);
#874=FACE_OUTER_BOUND('',#1394,.T.);
#875=FACE_OUTER_BOUND('',#1395,.T.);
#876=FACE_OUTER_BOUND('',#1396,.T.);
#877=FACE_OUTER_BOUND('',#1397,.T.);
#878=FACE_OUTER_BOUND('',#1398,.T.);
#879=FACE_OUTER_BOUND('',#1399,.T.);
#880=FACE_OUTER_BOUND('',#1400,.T.);
#881=FACE_OUTER_BOUND('',#1401,.T.);
#882=FACE_OUTER_BOUND('',#1402,.T.);
#883=FACE_OUTER_BOUND('',#1403,.T.);
#884=FACE_OUTER_BOUND('',#1404,.T.);
#885=FACE_OUTER_BOUND('',#1405,.T.);
#886=FACE_OUTER_BOUND('',#1406,.T.);
#887=FACE_OUTER_BOUND('',#1407,.T.);
#888=FACE_OUTER_BOUND('',#1408,.T.);
#889=FACE_OUTER_BOUND('',#1409,.T.);
#890=FACE_OUTER_BOUND('',#1410,.T.);
#891=FACE_OUTER_BOUND('',#1411,.T.);
#892=FACE_OUTER_BOUND('',#1412,.T.);
#893=FACE_OUTER_BOUND('',#1413,.T.);
#894=FACE_OUTER_BOUND('',#1414,.T.);
#895=FACE_OUTER_BOUND('',#1415,.T.);
#896=FACE_OUTER_BOUND('',#1416,.T.);
#897=FACE_OUTER_BOUND('',#1417,.T.);
#898=FACE_OUTER_BOUND('',#1418,.T.);
#899=FACE_OUTER_BOUND('',#1419,.T.);
#900=FACE_OUTER_BOUND('',#1420,.T.);
#901=FACE_OUTER_BOUND('',#1421,.T.);
#902=FACE_OUTER_BOUND('',#1422,.T.);
#903=FACE_OUTER_BOUND('',#1423,.T.);
#904=FACE_OUTER_BOUND('',#1424,.T.);
#905=FACE_OUTER_BOUND('',#1425,.T.);
#906=FACE_OUTER_BOUND('',#1426,.T.);
#907=FACE_OUTER_BOUND('',#1427,.T.);
#908=FACE_OUTER_BOUND('',#1428,.T.);
#909=FACE_OUTER_BOUND('',#1429,.T.);
#910=FACE_OUTER_BOUND('',#1430,.T.);
#911=FACE_OUTER_BOUND('',#1431,.T.);
#912=FACE_OUTER_BOUND('',#1432,.T.);
#913=FACE_OUTER_BOUND('',#1433,.T.);
#914=FACE_OUTER_BOUND('',#1434,.T.);
#915=FACE_OUTER_BOUND('',#1435,.T.);
#916=FACE_OUTER_BOUND('',#1436,.T.);
#917=FACE_OUTER_BOUND('',#1437,.T.);
#918=FACE_OUTER_BOUND('',#1438,.T.);
#919=FACE_OUTER_BOUND('',#1439,.T.);
#920=FACE_OUTER_BOUND('',#1440,.T.);
#921=FACE_OUTER_BOUND('',#1441,.T.);
#922=FACE_OUTER_BOUND('',#1442,.T.);
#923=FACE_OUTER_BOUND('',#1443,.T.);
#924=FACE_OUTER_BOUND('',#1444,.T.);
#925=FACE_OUTER_BOUND('',#1445,.T.);
#926=FACE_OUTER_BOUND('',#1446,.T.);
#927=FACE_OUTER_BOUND('',#1447,.T.);
#928=FACE_OUTER_BOUND('',#1448,.T.);
#929=FACE_OUTER_BOUND('',#1449,.T.);
#930=FACE_OUTER_BOUND('',#1450,.T.);
#931=FACE_OUTER_BOUND('',#1451,.T.);
#932=FACE_OUTER_BOUND('',#1452,.T.);
#933=FACE_OUTER_BOUND('',#1453,.T.);
#934=FACE_OUTER_BOUND('',#1454,.T.);
#935=FACE_OUTER_BOUND('',#1455,.T.);
#936=FACE_OUTER_BOUND('',#1456,.T.);
#937=FACE_OUTER_BOUND('',#1457,.T.);
#938=FACE_OUTER_BOUND('',#1458,.T.);
#939=FACE_OUTER_BOUND('',#1459,.T.);
#940=FACE_OUTER_BOUND('',#1460,.T.);
#941=FACE_OUTER_BOUND('',#1461,.T.);
#942=FACE_OUTER_BOUND('',#1462,.T.);
#943=FACE_OUTER_BOUND('',#1463,.T.);
#944=FACE_OUTER_BOUND('',#1464,.T.);
#945=FACE_OUTER_BOUND('',#1465,.T.);
#946=FACE_OUTER_BOUND('',#1466,.T.);
#947=FACE_OUTER_BOUND('',#1467,.T.);
#948=FACE_OUTER_BOUND('',#1468,.T.);
#949=FACE_OUTER_BOUND('',#1469,.T.);
#950=FACE_OUTER_BOUND('',#1470,.T.);
#951=FACE_OUTER_BOUND('',#1471,.T.);
#952=FACE_OUTER_BOUND('',#1472,.T.);
#953=FACE_OUTER_BOUND('',#1473,.T.);
#954=FACE_OUTER_BOUND('',#1474,.T.);
#955=FACE_OUTER_BOUND('',#1475,.T.);
#956=FACE_OUTER_BOUND('',#1476,.T.);
#957=FACE_OUTER_BOUND('',#1477,.T.);
#958=FACE_OUTER_BOUND('',#1478,.T.);
#959=EDGE_LOOP('',(#5217,#5218,#5219,#5220));
#960=EDGE_LOOP('',(#5221,#5222,#5223,#5224));
#961=EDGE_LOOP('',(#5225,#5226,#5227,#5228));
#962=EDGE_LOOP('',(#5229,#5230,#5231,#5232));
#963=EDGE_LOOP('',(#5233,#5234,#5235,#5236));
#964=EDGE_LOOP('',(#5237,#5238,#5239,#5240));
#965=EDGE_LOOP('',(#5241,#5242,#5243,#5244));
#966=EDGE_LOOP('',(#5245,#5246,#5247,#5248));
#967=EDGE_LOOP('',(#5249,#5250,#5251,#5252));
#968=EDGE_LOOP('',(#5253,#5254,#5255,#5256));
#969=EDGE_LOOP('',(#5257,#5258,#5259,#5260));
#970=EDGE_LOOP('',(#5261,#5262,#5263,#5264));
#971=EDGE_LOOP('',(#5265,#5266,#5267,#5268));
#972=EDGE_LOOP('',(#5269,#5270,#5271,#5272));
#973=EDGE_LOOP('',(#5273,#5274,#5275,#5276));
#974=EDGE_LOOP('',(#5277,#5278,#5279,#5280));
#975=EDGE_LOOP('',(#5281,#5282,#5283,#5284));
#976=EDGE_LOOP('',(#5285,#5286,#5287,#5288));
#977=EDGE_LOOP('',(#5289,#5290,#5291,#5292));
#978=EDGE_LOOP('',(#5293,#5294,#5295,#5296));
#979=EDGE_LOOP('',(#5297));
#980=EDGE_LOOP('',(#5298));
#981=EDGE_LOOP('',(#5299,#5300,#5301,#5302));
#982=EDGE_LOOP('',(#5303,#5304,#5305,#5306));
#983=EDGE_LOOP('',(#5307));
#984=EDGE_LOOP('',(#5308));
#985=EDGE_LOOP('',(#5309,#5310,#5311,#5312));
#986=EDGE_LOOP('',(#5313,#5314,#5315,#5316));
#987=EDGE_LOOP('',(#5317));
#988=EDGE_LOOP('',(#5318));
#989=EDGE_LOOP('',(#5319,#5320,#5321,#5322));
#990=EDGE_LOOP('',(#5323,#5324,#5325,#5326));
#991=EDGE_LOOP('',(#5327));
#992=EDGE_LOOP('',(#5328));
#993=EDGE_LOOP('',(#5329,#5330,#5331,#5332,#5333));
#994=EDGE_LOOP('',(#5334,#5335,#5336,#5337));
#995=EDGE_LOOP('',(#5338,#5339,#5340,#5341,#5342));
#996=EDGE_LOOP('',(#5343,#5344,#5345,#5346,#5347,#5348,#5349,#5350));
#997=EDGE_LOOP('',(#5351,#5352,#5353,#5354,#5355));
#998=EDGE_LOOP('',(#5356,#5357,#5358,#5359,#5360,#5361));
#999=EDGE_LOOP('',(#5362,#5363,#5364,#5365,#5366,#5367,#5368,#5369,#5370,
#5371,#5372,#5373,#5374,#5375,#5376,#5377,#5378,#5379,#5380,#5381));
#1000=EDGE_LOOP('',(#5382));
#1001=EDGE_LOOP('',(#5383,#5384,#5385,#5386,#5387));
#1002=EDGE_LOOP('',(#5388,#5389,#5390,#5391,#5392));
#1003=EDGE_LOOP('',(#5393,#5394,#5395,#5396,#5397,#5398));
#1004=EDGE_LOOP('',(#5399,#5400,#5401,#5402,#5403));
#1005=EDGE_LOOP('',(#5404,#5405,#5406,#5407,#5408));
#1006=EDGE_LOOP('',(#5409,#5410,#5411,#5412));
#1007=EDGE_LOOP('',(#5413,#5414,#5415,#5416,#5417));
#1008=EDGE_LOOP('',(#5418,#5419,#5420,#5421,#5422,#5423,#5424,#5425));
#1009=EDGE_LOOP('',(#5426,#5427,#5428,#5429));
#1010=EDGE_LOOP('',(#5430,#5431,#5432,#5433));
#1011=EDGE_LOOP('',(#5434,#5435,#5436,#5437));
#1012=EDGE_LOOP('',(#5438,#5439,#5440,#5441));
#1013=EDGE_LOOP('',(#5442,#5443,#5444,#5445));
#1014=EDGE_LOOP('',(#5446,#5447,#5448,#5449));
#1015=EDGE_LOOP('',(#5450,#5451,#5452,#5453));
#1016=EDGE_LOOP('',(#5454,#5455,#5456,#5457));
#1017=EDGE_LOOP('',(#5458,#5459,#5460,#5461));
#1018=EDGE_LOOP('',(#5462,#5463,#5464,#5465));
#1019=EDGE_LOOP('',(#5466,#5467,#5468,#5469));
#1020=EDGE_LOOP('',(#5470,#5471,#5472,#5473));
#1021=EDGE_LOOP('',(#5474,#5475,#5476,#5477));
#1022=EDGE_LOOP('',(#5478,#5479,#5480,#5481));
#1023=EDGE_LOOP('',(#5482,#5483,#5484,#5485));
#1024=EDGE_LOOP('',(#5486,#5487,#5488,#5489));
#1025=EDGE_LOOP('',(#5490,#5491,#5492,#5493));
#1026=EDGE_LOOP('',(#5494,#5495,#5496,#5497));
#1027=EDGE_LOOP('',(#5498,#5499,#5500,#5501));
#1028=EDGE_LOOP('',(#5502,#5503,#5504,#5505));
#1029=EDGE_LOOP('',(#5506,#5507,#5508,#5509));
#1030=EDGE_LOOP('',(#5510,#5511,#5512,#5513));
#1031=EDGE_LOOP('',(#5514,#5515,#5516,#5517));
#1032=EDGE_LOOP('',(#5518,#5519,#5520,#5521));
#1033=EDGE_LOOP('',(#5522,#5523,#5524,#5525));
#1034=EDGE_LOOP('',(#5526,#5527,#5528,#5529));
#1035=EDGE_LOOP('',(#5530,#5531,#5532,#5533));
#1036=EDGE_LOOP('',(#5534,#5535,#5536,#5537));
#1037=EDGE_LOOP('',(#5538,#5539,#5540,#5541));
#1038=EDGE_LOOP('',(#5542,#5543,#5544,#5545));
#1039=EDGE_LOOP('',(#5546,#5547,#5548,#5549));
#1040=EDGE_LOOP('',(#5550,#5551,#5552,#5553));
#1041=EDGE_LOOP('',(#5554,#5555,#5556,#5557));
#1042=EDGE_LOOP('',(#5558,#5559,#5560,#5561));
#1043=EDGE_LOOP('',(#5562,#5563,#5564,#5565));
#1044=EDGE_LOOP('',(#5566,#5567,#5568,#5569));
#1045=EDGE_LOOP('',(#5570,#5571,#5572,#5573));
#1046=EDGE_LOOP('',(#5574,#5575,#5576,#5577));
#1047=EDGE_LOOP('',(#5578,#5579,#5580,#5581));
#1048=EDGE_LOOP('',(#5582,#5583,#5584,#5585));
#1049=EDGE_LOOP('',(#5586,#5587,#5588,#5589));
#1050=EDGE_LOOP('',(#5590,#5591,#5592,#5593));
#1051=EDGE_LOOP('',(#5594,#5595,#5596,#5597));
#1052=EDGE_LOOP('',(#5598,#5599,#5600,#5601));
#1053=EDGE_LOOP('',(#5602,#5603,#5604,#5605));
#1054=EDGE_LOOP('',(#5606,#5607,#5608,#5609));
#1055=EDGE_LOOP('',(#5610,#5611,#5612,#5613));
#1056=EDGE_LOOP('',(#5614,#5615,#5616,#5617));
#1057=EDGE_LOOP('',(#5618,#5619,#5620,#5621));
#1058=EDGE_LOOP('',(#5622,#5623,#5624,#5625));
#1059=EDGE_LOOP('',(#5626,#5627,#5628,#5629));
#1060=EDGE_LOOP('',(#5630,#5631,#5632,#5633,#5634,#5635,#5636,#5637,#5638,
#5639,#5640,#5641));
#1061=EDGE_LOOP('',(#5642,#5643,#5644,#5645));
#1062=EDGE_LOOP('',(#5646,#5647,#5648));
#1063=EDGE_LOOP('',(#5649,#5650,#5651,#5652));
#1064=EDGE_LOOP('',(#5653,#5654,#5655));
#1065=EDGE_LOOP('',(#5656,#5657,#5658,#5659));
#1066=EDGE_LOOP('',(#5660,#5661,#5662));
#1067=EDGE_LOOP('',(#5663,#5664,#5665,#5666));
#1068=EDGE_LOOP('',(#5667,#5668,#5669));
#1069=EDGE_LOOP('',(#5670));
#1070=EDGE_LOOP('',(#5671));
#1071=EDGE_LOOP('',(#5672,#5673,#5674,#5675));
#1072=EDGE_LOOP('',(#5676,#5677,#5678,#5679));
#1073=EDGE_LOOP('',(#5680));
#1074=EDGE_LOOP('',(#5681,#5682,#5683,#5684));
#1075=EDGE_LOOP('',(#5685,#5686,#5687,#5688));
#1076=EDGE_LOOP('',(#5689,#5690,#5691,#5692));
#1077=EDGE_LOOP('',(#5693));
#1078=EDGE_LOOP('',(#5694));
#1079=EDGE_LOOP('',(#5695));
#1080=EDGE_LOOP('',(#5696));
#1081=EDGE_LOOP('',(#5697,#5698,#5699,#5700));
#1082=EDGE_LOOP('',(#5701,#5702,#5703,#5704));
#1083=EDGE_LOOP('',(#5705));
#1084=EDGE_LOOP('',(#5706));
#1085=EDGE_LOOP('',(#5707));
#1086=EDGE_LOOP('',(#5708));
#1087=EDGE_LOOP('',(#5709,#5710,#5711,#5712));
#1088=EDGE_LOOP('',(#5713,#5714,#5715,#5716));
#1089=EDGE_LOOP('',(#5717,#5718,#5719,#5720));
#1090=EDGE_LOOP('',(#5721,#5722,#5723,#5724));
#1091=EDGE_LOOP('',(#5725,#5726,#5727,#5728));
#1092=EDGE_LOOP('',(#5729,#5730,#5731,#5732,#5733,#5734,#5735,#5736,#5737,
#5738,#5739,#5740));
#1093=EDGE_LOOP('',(#5741,#5742,#5743,#5744,#5745,#5746,#5747,#5748));
#1094=EDGE_LOOP('',(#5749));
#1095=EDGE_LOOP('',(#5750,#5751,#5752,#5753,#5754));
#1096=EDGE_LOOP('',(#5755,#5756,#5757,#5758));
#1097=EDGE_LOOP('',(#5759,#5760,#5761,#5762));
#1098=EDGE_LOOP('',(#5763,#5764,#5765,#5766));
#1099=EDGE_LOOP('',(#5767,#5768,#5769,#5770));
#1100=EDGE_LOOP('',(#5771,#5772,#5773,#5774));
#1101=EDGE_LOOP('',(#5775,#5776,#5777,#5778));
#1102=EDGE_LOOP('',(#5779,#5780,#5781,#5782));
#1103=EDGE_LOOP('',(#5783,#5784,#5785,#5786));
#1104=EDGE_LOOP('',(#5787,#5788,#5789,#5790));
#1105=EDGE_LOOP('',(#5791,#5792,#5793,#5794));
#1106=EDGE_LOOP('',(#5795,#5796,#5797,#5798));
#1107=EDGE_LOOP('',(#5799,#5800,#5801,#5802));
#1108=EDGE_LOOP('',(#5803,#5804,#5805,#5806));
#1109=EDGE_LOOP('',(#5807,#5808,#5809,#5810));
#1110=EDGE_LOOP('',(#5811,#5812,#5813,#5814));
#1111=EDGE_LOOP('',(#5815,#5816,#5817,#5818));
#1112=EDGE_LOOP('',(#5819,#5820,#5821,#5822));
#1113=EDGE_LOOP('',(#5823,#5824,#5825,#5826));
#1114=EDGE_LOOP('',(#5827,#5828,#5829,#5830));
#1115=EDGE_LOOP('',(#5831,#5832,#5833,#5834));
#1116=EDGE_LOOP('',(#5835,#5836,#5837,#5838));
#1117=EDGE_LOOP('',(#5839,#5840,#5841,#5842));
#1118=EDGE_LOOP('',(#5843,#5844,#5845,#5846));
#1119=EDGE_LOOP('',(#5847,#5848,#5849,#5850));
#1120=EDGE_LOOP('',(#5851,#5852,#5853,#5854));
#1121=EDGE_LOOP('',(#5855,#5856,#5857,#5858));
#1122=EDGE_LOOP('',(#5859,#5860,#5861,#5862));
#1123=EDGE_LOOP('',(#5863,#5864,#5865,#5866));
#1124=EDGE_LOOP('',(#5867,#5868,#5869,#5870));
#1125=EDGE_LOOP('',(#5871,#5872,#5873,#5874));
#1126=EDGE_LOOP('',(#5875,#5876,#5877,#5878));
#1127=EDGE_LOOP('',(#5879,#5880,#5881,#5882));
#1128=EDGE_LOOP('',(#5883,#5884,#5885,#5886,#5887,#5888,#5889,#5890,#5891,
#5892,#5893,#5894));
#1129=EDGE_LOOP('',(#5895,#5896,#5897,#5898));
#1130=EDGE_LOOP('',(#5899,#5900,#5901,#5902));
#1131=EDGE_LOOP('',(#5903,#5904,#5905,#5906));
#1132=EDGE_LOOP('',(#5907,#5908,#5909,#5910));
#1133=EDGE_LOOP('',(#5911,#5912,#5913,#5914));
#1134=EDGE_LOOP('',(#5915,#5916,#5917,#5918));
#1135=EDGE_LOOP('',(#5919,#5920,#5921,#5922));
#1136=EDGE_LOOP('',(#5923));
#1137=EDGE_LOOP('',(#5924,#5925,#5926,#5927));
#1138=EDGE_LOOP('',(#5928,#5929,#5930,#5931));
#1139=EDGE_LOOP('',(#5932,#5933,#5934,#5935));
#1140=EDGE_LOOP('',(#5936,#5937,#5938,#5939));
#1141=EDGE_LOOP('',(#5940,#5941,#5942,#5943));
#1142=EDGE_LOOP('',(#5944,#5945,#5946,#5947));
#1143=EDGE_LOOP('',(#5948,#5949,#5950,#5951));
#1144=EDGE_LOOP('',(#5952,#5953,#5954,#5955));
#1145=EDGE_LOOP('',(#5956,#5957,#5958,#5959));
#1146=EDGE_LOOP('',(#5960,#5961,#5962,#5963));
#1147=EDGE_LOOP('',(#5964,#5965,#5966,#5967));
#1148=EDGE_LOOP('',(#5968,#5969,#5970,#5971));
#1149=EDGE_LOOP('',(#5972,#5973,#5974,#5975));
#1150=EDGE_LOOP('',(#5976,#5977,#5978,#5979));
#1151=EDGE_LOOP('',(#5980,#5981,#5982,#5983));
#1152=EDGE_LOOP('',(#5984,#5985,#5986,#5987));
#1153=EDGE_LOOP('',(#5988,#5989,#5990,#5991));
#1154=EDGE_LOOP('',(#5992,#5993,#5994,#5995));
#1155=EDGE_LOOP('',(#5996,#5997,#5998,#5999));
#1156=EDGE_LOOP('',(#6000,#6001,#6002,#6003));
#1157=EDGE_LOOP('',(#6004,#6005,#6006,#6007));
#1158=EDGE_LOOP('',(#6008,#6009,#6010,#6011));
#1159=EDGE_LOOP('',(#6012,#6013,#6014,#6015));
#1160=EDGE_LOOP('',(#6016,#6017,#6018,#6019));
#1161=EDGE_LOOP('',(#6020,#6021,#6022,#6023));
#1162=EDGE_LOOP('',(#6024,#6025,#6026,#6027));
#1163=EDGE_LOOP('',(#6028,#6029,#6030,#6031));
#1164=EDGE_LOOP('',(#6032,#6033,#6034,#6035));
#1165=EDGE_LOOP('',(#6036,#6037,#6038,#6039));
#1166=EDGE_LOOP('',(#6040,#6041,#6042,#6043));
#1167=EDGE_LOOP('',(#6044,#6045,#6046,#6047));
#1168=EDGE_LOOP('',(#6048,#6049,#6050,#6051));
#1169=EDGE_LOOP('',(#6052,#6053,#6054,#6055));
#1170=EDGE_LOOP('',(#6056,#6057,#6058,#6059));
#1171=EDGE_LOOP('',(#6060,#6061,#6062,#6063));
#1172=EDGE_LOOP('',(#6064,#6065,#6066,#6067));
#1173=EDGE_LOOP('',(#6068,#6069,#6070,#6071));
#1174=EDGE_LOOP('',(#6072,#6073,#6074,#6075));
#1175=EDGE_LOOP('',(#6076,#6077,#6078,#6079));
#1176=EDGE_LOOP('',(#6080,#6081,#6082,#6083));
#1177=EDGE_LOOP('',(#6084,#6085,#6086,#6087));
#1178=EDGE_LOOP('',(#6088,#6089,#6090,#6091));
#1179=EDGE_LOOP('',(#6092,#6093,#6094,#6095));
#1180=EDGE_LOOP('',(#6096,#6097,#6098,#6099));
#1181=EDGE_LOOP('',(#6100,#6101,#6102,#6103));
#1182=EDGE_LOOP('',(#6104,#6105,#6106,#6107));
#1183=EDGE_LOOP('',(#6108,#6109,#6110,#6111));
#1184=EDGE_LOOP('',(#6112,#6113,#6114,#6115));
#1185=EDGE_LOOP('',(#6116,#6117,#6118,#6119));
#1186=EDGE_LOOP('',(#6120,#6121,#6122,#6123));
#1187=EDGE_LOOP('',(#6124,#6125,#6126,#6127));
#1188=EDGE_LOOP('',(#6128,#6129,#6130,#6131));
#1189=EDGE_LOOP('',(#6132,#6133,#6134,#6135));
#1190=EDGE_LOOP('',(#6136,#6137,#6138,#6139));
#1191=EDGE_LOOP('',(#6140,#6141,#6142,#6143));
#1192=EDGE_LOOP('',(#6144,#6145,#6146,#6147));
#1193=EDGE_LOOP('',(#6148,#6149,#6150,#6151));
#1194=EDGE_LOOP('',(#6152,#6153,#6154,#6155));
#1195=EDGE_LOOP('',(#6156,#6157,#6158,#6159));
#1196=EDGE_LOOP('',(#6160,#6161,#6162,#6163));
#1197=EDGE_LOOP('',(#6164,#6165,#6166,#6167));
#1198=EDGE_LOOP('',(#6168,#6169,#6170,#6171));
#1199=EDGE_LOOP('',(#6172,#6173,#6174,#6175));
#1200=EDGE_LOOP('',(#6176,#6177,#6178,#6179));
#1201=EDGE_LOOP('',(#6180,#6181,#6182,#6183));
#1202=EDGE_LOOP('',(#6184,#6185,#6186,#6187));
#1203=EDGE_LOOP('',(#6188,#6189,#6190,#6191));
#1204=EDGE_LOOP('',(#6192,#6193,#6194,#6195));
#1205=EDGE_LOOP('',(#6196,#6197,#6198,#6199));
#1206=EDGE_LOOP('',(#6200,#6201,#6202,#6203));
#1207=EDGE_LOOP('',(#6204,#6205,#6206,#6207));
#1208=EDGE_LOOP('',(#6208,#6209,#6210,#6211));
#1209=EDGE_LOOP('',(#6212,#6213,#6214,#6215));
#1210=EDGE_LOOP('',(#6216,#6217,#6218,#6219));
#1211=EDGE_LOOP('',(#6220,#6221,#6222,#6223));
#1212=EDGE_LOOP('',(#6224,#6225,#6226,#6227));
#1213=EDGE_LOOP('',(#6228,#6229,#6230,#6231));
#1214=EDGE_LOOP('',(#6232,#6233,#6234,#6235));
#1215=EDGE_LOOP('',(#6236,#6237,#6238,#6239));
#1216=EDGE_LOOP('',(#6240,#6241,#6242,#6243));
#1217=EDGE_LOOP('',(#6244,#6245,#6246,#6247));
#1218=EDGE_LOOP('',(#6248,#6249,#6250,#6251));
#1219=EDGE_LOOP('',(#6252,#6253,#6254,#6255));
#1220=EDGE_LOOP('',(#6256,#6257,#6258,#6259));
#1221=EDGE_LOOP('',(#6260,#6261,#6262,#6263,#6264));
#1222=EDGE_LOOP('',(#6265,#6266,#6267,#6268));
#1223=EDGE_LOOP('',(#6269,#6270,#6271,#6272));
#1224=EDGE_LOOP('',(#6273,#6274,#6275,#6276));
#1225=EDGE_LOOP('',(#6277,#6278,#6279,#6280));
#1226=EDGE_LOOP('',(#6281,#6282,#6283,#6284,#6285,#6286,#6287,#6288,#6289,
#6290,#6291,#6292,#6293,#6294,#6295,#6296));
#1227=EDGE_LOOP('',(#6297,#6298,#6299,#6300));
#1228=EDGE_LOOP('',(#6301,#6302,#6303,#6304));
#1229=EDGE_LOOP('',(#6305,#6306,#6307,#6308));
#1230=EDGE_LOOP('',(#6309,#6310,#6311,#6312,#6313,#6314,#6315,#6316,#6317,
#6318,#6319,#6320));
#1231=EDGE_LOOP('',(#6321,#6322,#6323,#6324));
#1232=EDGE_LOOP('',(#6325,#6326,#6327,#6328));
#1233=EDGE_LOOP('',(#6329,#6330,#6331,#6332));
#1234=EDGE_LOOP('',(#6333,#6334,#6335,#6336));
#1235=EDGE_LOOP('',(#6337,#6338,#6339,#6340,#6341,#6342,#6343));
#1236=EDGE_LOOP('',(#6344,#6345,#6346,#6347));
#1237=EDGE_LOOP('',(#6348,#6349,#6350,#6351));
#1238=EDGE_LOOP('',(#6352,#6353,#6354,#6355));
#1239=EDGE_LOOP('',(#6356,#6357,#6358,#6359));
#1240=EDGE_LOOP('',(#6360,#6361,#6362,#6363));
#1241=EDGE_LOOP('',(#6364,#6365,#6366,#6367));
#1242=EDGE_LOOP('',(#6368,#6369,#6370,#6371));
#1243=EDGE_LOOP('',(#6372,#6373,#6374,#6375));
#1244=EDGE_LOOP('',(#6376,#6377,#6378,#6379));
#1245=EDGE_LOOP('',(#6380,#6381,#6382,#6383));
#1246=EDGE_LOOP('',(#6384,#6385,#6386,#6387));
#1247=EDGE_LOOP('',(#6388,#6389,#6390,#6391,#6392,#6393,#6394));
#1248=EDGE_LOOP('',(#6395,#6396,#6397,#6398));
#1249=EDGE_LOOP('',(#6399,#6400,#6401,#6402));
#1250=EDGE_LOOP('',(#6403,#6404,#6405,#6406));
#1251=EDGE_LOOP('',(#6407,#6408,#6409,#6410));
#1252=EDGE_LOOP('',(#6411,#6412,#6413,#6414));
#1253=EDGE_LOOP('',(#6415,#6416,#6417,#6418));
#1254=EDGE_LOOP('',(#6419,#6420,#6421,#6422));
#1255=EDGE_LOOP('',(#6423,#6424,#6425,#6426));
#1256=EDGE_LOOP('',(#6427,#6428,#6429,#6430));
#1257=EDGE_LOOP('',(#6431,#6432,#6433,#6434));
#1258=EDGE_LOOP('',(#6435,#6436,#6437,#6438));
#1259=EDGE_LOOP('',(#6439,#6440,#6441,#6442));
#1260=EDGE_LOOP('',(#6443,#6444,#6445,#6446));
#1261=EDGE_LOOP('',(#6447,#6448,#6449,#6450));
#1262=EDGE_LOOP('',(#6451,#6452,#6453,#6454));
#1263=EDGE_LOOP('',(#6455,#6456,#6457,#6458));
#1264=EDGE_LOOP('',(#6459,#6460,#6461,#6462));
#1265=EDGE_LOOP('',(#6463,#6464,#6465,#6466));
#1266=EDGE_LOOP('',(#6467,#6468,#6469,#6470));
#1267=EDGE_LOOP('',(#6471,#6472,#6473,#6474));
#1268=EDGE_LOOP('',(#6475,#6476,#6477,#6478));
#1269=EDGE_LOOP('',(#6479,#6480,#6481,#6482));
#1270=EDGE_LOOP('',(#6483,#6484,#6485,#6486));
#1271=EDGE_LOOP('',(#6487,#6488,#6489,#6490));
#1272=EDGE_LOOP('',(#6491,#6492,#6493,#6494));
#1273=EDGE_LOOP('',(#6495,#6496,#6497,#6498));
#1274=EDGE_LOOP('',(#6499,#6500,#6501,#6502,#6503,#6504,#6505));
#1275=EDGE_LOOP('',(#6506,#6507,#6508,#6509,#6510));
#1276=EDGE_LOOP('',(#6511,#6512,#6513,#6514,#6515,#6516,#6517,#6518,#6519,
#6520,#6521,#6522,#6523,#6524,#6525,#6526,#6527,#6528,#6529,#6530));
#1277=EDGE_LOOP('',(#6531,#6532,#6533,#6534,#6535,#6536,#6537));
#1278=EDGE_LOOP('',(#6538,#6539,#6540,#6541,#6542));
#1279=EDGE_LOOP('',(#6543,#6544,#6545,#6546));
#1280=EDGE_LOOP('',(#6547,#6548,#6549,#6550));
#1281=EDGE_LOOP('',(#6551,#6552,#6553,#6554,#6555,#6556));
#1282=EDGE_LOOP('',(#6557,#6558,#6559,#6560));
#1283=EDGE_LOOP('',(#6561,#6562,#6563,#6564));
#1284=EDGE_LOOP('',(#6565,#6566,#6567,#6568));
#1285=EDGE_LOOP('',(#6569,#6570,#6571,#6572));
#1286=EDGE_LOOP('',(#6573,#6574,#6575,#6576));
#1287=EDGE_LOOP('',(#6577,#6578,#6579,#6580));
#1288=EDGE_LOOP('',(#6581,#6582,#6583,#6584));
#1289=EDGE_LOOP('',(#6585,#6586,#6587,#6588));
#1290=EDGE_LOOP('',(#6589,#6590,#6591,#6592));
#1291=EDGE_LOOP('',(#6593,#6594,#6595,#6596));
#1292=EDGE_LOOP('',(#6597,#6598,#6599,#6600));
#1293=EDGE_LOOP('',(#6601,#6602,#6603,#6604));
#1294=EDGE_LOOP('',(#6605,#6606,#6607,#6608));
#1295=EDGE_LOOP('',(#6609,#6610,#6611,#6612));
#1296=EDGE_LOOP('',(#6613,#6614,#6615,#6616));
#1297=EDGE_LOOP('',(#6617,#6618,#6619,#6620));
#1298=EDGE_LOOP('',(#6621,#6622,#6623,#6624));
#1299=EDGE_LOOP('',(#6625,#6626,#6627,#6628));
#1300=EDGE_LOOP('',(#6629,#6630,#6631,#6632));
#1301=EDGE_LOOP('',(#6633,#6634,#6635,#6636));
#1302=EDGE_LOOP('',(#6637,#6638,#6639,#6640));
#1303=EDGE_LOOP('',(#6641,#6642,#6643,#6644));
#1304=EDGE_LOOP('',(#6645,#6646,#6647,#6648));
#1305=EDGE_LOOP('',(#6649,#6650,#6651,#6652));
#1306=EDGE_LOOP('',(#6653,#6654,#6655,#6656,#6657,#6658,#6659,#6660));
#1307=EDGE_LOOP('',(#6661,#6662,#6663,#6664));
#1308=EDGE_LOOP('',(#6665,#6666,#6667,#6668));
#1309=EDGE_LOOP('',(#6669,#6670,#6671,#6672));
#1310=EDGE_LOOP('',(#6673,#6674,#6675,#6676));
#1311=EDGE_LOOP('',(#6677,#6678,#6679,#6680));
#1312=EDGE_LOOP('',(#6681,#6682,#6683,#6684));
#1313=EDGE_LOOP('',(#6685,#6686,#6687,#6688));
#1314=EDGE_LOOP('',(#6689,#6690,#6691,#6692));
#1315=EDGE_LOOP('',(#6693,#6694,#6695,#6696));
#1316=EDGE_LOOP('',(#6697,#6698,#6699,#6700));
#1317=EDGE_LOOP('',(#6701,#6702,#6703,#6704));
#1318=EDGE_LOOP('',(#6705,#6706,#6707,#6708));
#1319=EDGE_LOOP('',(#6709,#6710,#6711,#6712));
#1320=EDGE_LOOP('',(#6713,#6714,#6715,#6716));
#1321=EDGE_LOOP('',(#6717,#6718,#6719,#6720));
#1322=EDGE_LOOP('',(#6721,#6722,#6723,#6724,#6725));
#1323=EDGE_LOOP('',(#6726,#6727,#6728,#6729));
#1324=EDGE_LOOP('',(#6730,#6731,#6732,#6733,#6734,#6735));
#1325=EDGE_LOOP('',(#6736,#6737,#6738,#6739,#6740));
#1326=EDGE_LOOP('',(#6741,#6742,#6743,#6744,#6745,#6746));
#1327=EDGE_LOOP('',(#6747,#6748,#6749,#6750,#6751,#6752));
#1328=EDGE_LOOP('',(#6753,#6754,#6755,#6756,#6757,#6758,#6759,#6760));
#1329=EDGE_LOOP('',(#6761,#6762,#6763,#6764,#6765,#6766,#6767,#6768,#6769,
#6770,#6771,#6772,#6773,#6774,#6775,#6776,#6777,#6778,#6779,#6780,#6781,
#6782));
#1330=EDGE_LOOP('',(#6783,#6784,#6785,#6786,#6787,#6788));
#1331=EDGE_LOOP('',(#6789,#6790,#6791,#6792,#6793,#6794));
#1332=EDGE_LOOP('',(#6795,#6796,#6797,#6798,#6799,#6800));
#1333=EDGE_LOOP('',(#6801,#6802,#6803,#6804,#6805,#6806));
#1334=EDGE_LOOP('',(#6807,#6808,#6809,#6810));
#1335=EDGE_LOOP('',(#6811,#6812,#6813,#6814,#6815,#6816));
#1336=EDGE_LOOP('',(#6817,#6818,#6819,#6820,#6821,#6822));
#1337=EDGE_LOOP('',(#6823,#6824,#6825,#6826,#6827,#6828,#6829));
#1338=EDGE_LOOP('',(#6830,#6831,#6832,#6833,#6834,#6835,#6836));
#1339=EDGE_LOOP('',(#6837,#6838,#6839));
#1340=EDGE_LOOP('',(#6840,#6841,#6842));
#1341=EDGE_LOOP('',(#6843,#6844,#6845,#6846,#6847,#6848));
#1342=EDGE_LOOP('',(#6849,#6850,#6851,#6852));
#1343=EDGE_LOOP('',(#6853,#6854,#6855,#6856));
#1344=EDGE_LOOP('',(#6857,#6858,#6859,#6860));
#1345=EDGE_LOOP('',(#6861,#6862,#6863,#6864));
#1346=EDGE_LOOP('',(#6865,#6866,#6867,#6868));
#1347=EDGE_LOOP('',(#6869,#6870,#6871,#6872));
#1348=EDGE_LOOP('',(#6873,#6874,#6875,#6876));
#1349=EDGE_LOOP('',(#6877,#6878,#6879,#6880));
#1350=EDGE_LOOP('',(#6881,#6882,#6883,#6884));
#1351=EDGE_LOOP('',(#6885,#6886,#6887,#6888,#6889,#6890,#6891,#6892,#6893,
#6894,#6895,#6896,#6897,#6898,#6899,#6900,#6901,#6902,#6903,#6904));
#1352=EDGE_LOOP('',(#6905,#6906,#6907,#6908,#6909,#6910));
#1353=EDGE_LOOP('',(#6911,#6912,#6913,#6914,#6915,#6916));
#1354=EDGE_LOOP('',(#6917));
#1355=EDGE_LOOP('',(#6918));
#1356=EDGE_LOOP('',(#6919));
#1357=EDGE_LOOP('',(#6920));
#1358=EDGE_LOOP('',(#6921,#6922,#6923,#6924,#6925,#6926));
#1359=EDGE_LOOP('',(#6927,#6928,#6929,#6930,#6931,#6932));
#1360=EDGE_LOOP('',(#6933,#6934,#6935,#6936));
#1361=EDGE_LOOP('',(#6937,#6938,#6939,#6940));
#1362=EDGE_LOOP('',(#6941,#6942,#6943,#6944));
#1363=EDGE_LOOP('',(#6945,#6946,#6947,#6948));
#1364=EDGE_LOOP('',(#6949,#6950,#6951,#6952));
#1365=EDGE_LOOP('',(#6953,#6954,#6955,#6956));
#1366=EDGE_LOOP('',(#6957,#6958,#6959,#6960));
#1367=EDGE_LOOP('',(#6961,#6962,#6963,#6964));
#1368=EDGE_LOOP('',(#6965,#6966,#6967,#6968));
#1369=EDGE_LOOP('',(#6969,#6970,#6971,#6972));
#1370=EDGE_LOOP('',(#6973,#6974,#6975,#6976));
#1371=EDGE_LOOP('',(#6977,#6978,#6979,#6980));
#1372=EDGE_LOOP('',(#6981,#6982,#6983,#6984));
#1373=EDGE_LOOP('',(#6985,#6986,#6987,#6988));
#1374=EDGE_LOOP('',(#6989,#6990,#6991,#6992));
#1375=EDGE_LOOP('',(#6993,#6994,#6995,#6996));
#1376=EDGE_LOOP('',(#6997,#6998,#6999,#7000));
#1377=EDGE_LOOP('',(#7001,#7002,#7003,#7004));
#1378=EDGE_LOOP('',(#7005,#7006,#7007,#7008));
#1379=EDGE_LOOP('',(#7009,#7010,#7011,#7012));
#1380=EDGE_LOOP('',(#7013,#7014,#7015,#7016));
#1381=EDGE_LOOP('',(#7017,#7018,#7019,#7020));
#1382=EDGE_LOOP('',(#7021,#7022,#7023,#7024));
#1383=EDGE_LOOP('',(#7025,#7026,#7027,#7028));
#1384=EDGE_LOOP('',(#7029,#7030,#7031,#7032));
#1385=EDGE_LOOP('',(#7033,#7034,#7035,#7036));
#1386=EDGE_LOOP('',(#7037,#7038,#7039,#7040));
#1387=EDGE_LOOP('',(#7041,#7042,#7043,#7044));
#1388=EDGE_LOOP('',(#7045,#7046,#7047,#7048));
#1389=EDGE_LOOP('',(#7049,#7050,#7051,#7052));
#1390=EDGE_LOOP('',(#7053,#7054,#7055,#7056));
#1391=EDGE_LOOP('',(#7057,#7058,#7059,#7060));
#1392=EDGE_LOOP('',(#7061,#7062,#7063,#7064));
#1393=EDGE_LOOP('',(#7065,#7066,#7067,#7068));
#1394=EDGE_LOOP('',(#7069,#7070,#7071,#7072));
#1395=EDGE_LOOP('',(#7073,#7074,#7075,#7076));
#1396=EDGE_LOOP('',(#7077,#7078,#7079,#7080));
#1397=EDGE_LOOP('',(#7081,#7082,#7083,#7084));
#1398=EDGE_LOOP('',(#7085,#7086,#7087,#7088));
#1399=EDGE_LOOP('',(#7089,#7090,#7091,#7092));
#1400=EDGE_LOOP('',(#7093,#7094,#7095,#7096));
#1401=EDGE_LOOP('',(#7097,#7098,#7099,#7100));
#1402=EDGE_LOOP('',(#7101,#7102,#7103,#7104));
#1403=EDGE_LOOP('',(#7105,#7106,#7107,#7108));
#1404=EDGE_LOOP('',(#7109,#7110,#7111,#7112));
#1405=EDGE_LOOP('',(#7113,#7114,#7115,#7116));
#1406=EDGE_LOOP('',(#7117,#7118,#7119,#7120));
#1407=EDGE_LOOP('',(#7121,#7122,#7123,#7124));
#1408=EDGE_LOOP('',(#7125,#7126,#7127,#7128,#7129));
#1409=EDGE_LOOP('',(#7130,#7131,#7132,#7133,#7134));
#1410=EDGE_LOOP('',(#7135,#7136,#7137,#7138));
#1411=EDGE_LOOP('',(#7139,#7140,#7141,#7142));
#1412=EDGE_LOOP('',(#7143,#7144,#7145,#7146));
#1413=EDGE_LOOP('',(#7147,#7148,#7149,#7150));
#1414=EDGE_LOOP('',(#7151,#7152,#7153,#7154));
#1415=EDGE_LOOP('',(#7155,#7156,#7157,#7158,#7159));
#1416=EDGE_LOOP('',(#7160,#7161,#7162,#7163,#7164));
#1417=EDGE_LOOP('',(#7165,#7166,#7167,#7168));
#1418=EDGE_LOOP('',(#7169,#7170,#7171,#7172,#7173,#7174));
#1419=EDGE_LOOP('',(#7175,#7176,#7177,#7178,#7179,#7180));
#1420=EDGE_LOOP('',(#7181,#7182,#7183,#7184));
#1421=EDGE_LOOP('',(#7185,#7186,#7187,#7188,#7189));
#1422=EDGE_LOOP('',(#7190,#7191,#7192,#7193));
#1423=EDGE_LOOP('',(#7194,#7195,#7196,#7197));
#1424=EDGE_LOOP('',(#7198,#7199,#7200,#7201));
#1425=EDGE_LOOP('',(#7202,#7203,#7204,#7205));
#1426=EDGE_LOOP('',(#7206,#7207,#7208,#7209));
#1427=EDGE_LOOP('',(#7210,#7211,#7212,#7213));
#1428=EDGE_LOOP('',(#7214,#7215,#7216,#7217));
#1429=EDGE_LOOP('',(#7218,#7219,#7220,#7221));
#1430=EDGE_LOOP('',(#7222,#7223,#7224,#7225));
#1431=EDGE_LOOP('',(#7226,#7227,#7228,#7229));
#1432=EDGE_LOOP('',(#7230,#7231,#7232,#7233));
#1433=EDGE_LOOP('',(#7234,#7235,#7236,#7237));
#1434=EDGE_LOOP('',(#7238,#7239,#7240,#7241));
#1435=EDGE_LOOP('',(#7242,#7243,#7244,#7245));
#1436=EDGE_LOOP('',(#7246,#7247,#7248,#7249));
#1437=EDGE_LOOP('',(#7250,#7251,#7252,#7253));
#1438=EDGE_LOOP('',(#7254,#7255,#7256,#7257));
#1439=EDGE_LOOP('',(#7258,#7259,#7260,#7261));
#1440=EDGE_LOOP('',(#7262,#7263,#7264,#7265));
#1441=EDGE_LOOP('',(#7266,#7267,#7268,#7269));
#1442=EDGE_LOOP('',(#7270,#7271,#7272,#7273));
#1443=EDGE_LOOP('',(#7274,#7275,#7276,#7277));
#1444=EDGE_LOOP('',(#7278,#7279,#7280,#7281));
#1445=EDGE_LOOP('',(#7282,#7283,#7284,#7285));
#1446=EDGE_LOOP('',(#7286,#7287,#7288,#7289));
#1447=EDGE_LOOP('',(#7290,#7291,#7292,#7293));
#1448=EDGE_LOOP('',(#7294,#7295,#7296,#7297));
#1449=EDGE_LOOP('',(#7298,#7299,#7300,#7301));
#1450=EDGE_LOOP('',(#7302,#7303,#7304,#7305));
#1451=EDGE_LOOP('',(#7306,#7307,#7308,#7309));
#1452=EDGE_LOOP('',(#7310,#7311,#7312,#7313));
#1453=EDGE_LOOP('',(#7314,#7315,#7316,#7317));
#1454=EDGE_LOOP('',(#7318,#7319,#7320,#7321,#7322,#7323,#7324,#7325,#7326,
#7327));
#1455=EDGE_LOOP('',(#7328,#7329));
#1456=EDGE_LOOP('',(#7330,#7331,#7332,#7333,#7334,#7335,#7336));
#1457=EDGE_LOOP('',(#7337,#7338,#7339,#7340,#7341,#7342,#7343));
#1458=EDGE_LOOP('',(#7344,#7345,#7346,#7347,#7348,#7349,#7350));
#1459=EDGE_LOOP('',(#7351,#7352,#7353,#7354));
#1460=EDGE_LOOP('',(#7355,#7356,#7357,#7358));
#1461=EDGE_LOOP('',(#7359,#7360,#7361,#7362));
#1462=EDGE_LOOP('',(#7363,#7364,#7365,#7366));
#1463=EDGE_LOOP('',(#7367,#7368,#7369,#7370));
#1464=EDGE_LOOP('',(#7371,#7372,#7373,#7374,#7375,#7376));
#1465=EDGE_LOOP('',(#7377,#7378,#7379,#7380,#7381));
#1466=EDGE_LOOP('',(#7382,#7383,#7384,#7385,#7386));
#1467=EDGE_LOOP('',(#7387,#7388,#7389,#7390,#7391));
#1468=EDGE_LOOP('',(#7392,#7393,#7394,#7395,#7396,#7397));
#1469=EDGE_LOOP('',(#7398,#7399,#7400,#7401,#7402,#7403));
#1470=EDGE_LOOP('',(#7404,#7405,#7406,#7407));
#1471=EDGE_LOOP('',(#7408,#7409,#7410,#7411));
#1472=EDGE_LOOP('',(#7412,#7413,#7414,#7415));
#1473=EDGE_LOOP('',(#7416,#7417,#7418,#7419));
#1474=EDGE_LOOP('',(#7420,#7421,#7422,#7423));
#1475=EDGE_LOOP('',(#7424,#7425,#7426,#7427,#7428,#7429));
#1476=EDGE_LOOP('',(#7430,#7431,#7432,#7433,#7434,#7435));
#1477=EDGE_LOOP('',(#7436,#7437,#7438,#7439,#7440,#7441,#7442));
#1478=EDGE_LOOP('',(#7443,#7444,#7445,#7446));
#1479=CIRCLE('',#8033,4.4);
#1480=CIRCLE('',#8034,4.);
#1481=CIRCLE('',#8037,4.4);
#1482=CIRCLE('',#8038,4.);
#1483=CIRCLE('',#8042,4.);
#1484=CIRCLE('',#8045,4.4);
#1485=CIRCLE('',#8048,4.4);
#1486=CIRCLE('',#8049,4.);
#1487=CIRCLE('',#8055,3.61);
#1488=CIRCLE('',#8056,3.81);
#1489=CIRCLE('',#8058,3.81);
#1490=CIRCLE('',#8060,1.3);
#1491=CIRCLE('',#8062,3.61);
#1492=CIRCLE('',#8063,3.81);
#1493=CIRCLE('',#8065,3.81);
#1494=CIRCLE('',#8067,1.3);
#1495=CIRCLE('',#8069,3.61);
#1496=CIRCLE('',#8070,3.81);
#1497=CIRCLE('',#8072,3.81);
#1498=CIRCLE('',#8074,1.3);
#1499=CIRCLE('',#8076,3.61);
#1500=CIRCLE('',#8077,3.81);
#1501=CIRCLE('',#8079,3.81);
#1502=CIRCLE('',#8081,1.3);
#1503=CIRCLE('',#8084,2.6);
#1504=CIRCLE('',#8085,2.);
#1505=CIRCLE('',#8091,1.8);
#1506=CIRCLE('',#8092,2.2);
#1507=CIRCLE('',#8093,3.80000000000001);
#1508=CIRCLE('',#8094,2.2);
#1509=CIRCLE('',#8095,1.8);
#1510=CIRCLE('',#8096,1.8);
#1511=CIRCLE('',#8097,1.8);
#1512=CIRCLE('',#8098,2.25);
#1513=CIRCLE('',#8105,2.6);
#1514=CIRCLE('',#8106,2.);
#1515=CIRCLE('',#8110,2.);
#1516=CIRCLE('',#8113,2.);
#1517=CIRCLE('',#8115,4.);
#1518=CIRCLE('',#8117,2.);
#1519=CIRCLE('',#8120,2.);
#1520=CIRCLE('',#8123,2.);
#1521=CIRCLE('',#8126,2.);
#1522=CIRCLE('',#8128,2.);
#1523=CIRCLE('',#8130,2.);
#1524=CIRCLE('',#8132,2.60000002980232);
#1525=CIRCLE('',#8133,2.60000002980232);
#1526=CIRCLE('',#8135,2.);
#1527=CIRCLE('',#8138,2.);
#1528=CIRCLE('',#8140,4.);
#1529=CIRCLE('',#8142,2.);
#1530=CIRCLE('',#8145,2.);
#1531=CIRCLE('',#8152,2.00000002980232);
#1532=CIRCLE('',#8155,2.00000002980232);
#1533=CIRCLE('',#8157,2.00000002980232);
#1534=CIRCLE('',#8161,2.60000002980232);
#1535=CIRCLE('',#8162,2.00000002980232);
#1536=CIRCLE('',#8165,2.60000002980232);
#1537=CIRCLE('',#8170,1.6);
#1538=CIRCLE('',#8173,1.6);
#1539=CIRCLE('',#8176,1.6);
#1540=CIRCLE('',#8179,2.4);
#1541=CIRCLE('',#8181,3.6);
#1542=CIRCLE('',#8183,2.4);
#1543=CIRCLE('',#8186,1.6);
#1544=CIRCLE('',#8197,2.25);
#1545=CIRCLE('',#8198,1.75);
#1546=CIRCLE('',#8201,1.75);
#1547=CIRCLE('',#8207,1.3);
#1548=CIRCLE('',#8209,1.3);
#1549=CIRCLE('',#8211,1.3);
#1550=CIRCLE('',#8213,1.3);
#1551=CIRCLE('',#8222,1.95);
#1552=CIRCLE('',#8223,1.75);
#1553=CIRCLE('',#8225,1.80000000000001);
#1554=CIRCLE('',#8226,2.2);
#1555=CIRCLE('',#8227,3.80000000000001);
#1556=CIRCLE('',#8228,2.2);
#1557=CIRCLE('',#8229,1.80000000000001);
#1558=CIRCLE('',#8230,1.8);
#1559=CIRCLE('',#8231,1.80000000000001);
#1560=CIRCLE('',#8232,2.);
#1561=CIRCLE('',#8233,2.);
#1562=CIRCLE('',#8234,2.);
#1563=CIRCLE('',#8235,2.);
#1564=CIRCLE('',#8237,1.75);
#1565=CIRCLE('',#8238,1.75);
#1566=CIRCLE('',#8241,2.00000000000001);
#1567=CIRCLE('',#8244,2.);
#1568=CIRCLE('',#8247,2.00000000000001);
#1569=CIRCLE('',#8250,2.);
#1570=CIRCLE('',#8252,4.);
#1571=CIRCLE('',#8254,2.);
#1572=CIRCLE('',#8257,2.00000000000001);
#1573=CIRCLE('',#8259,2.);
#1574=CIRCLE('',#8261,4.);
#1575=CIRCLE('',#8263,2.);
#1576=CIRCLE('',#8266,2.00000000000001);
#1577=CIRCLE('',#8269,1.60000000000001);
#1578=CIRCLE('',#8270,2.00000000000001);
#1579=CIRCLE('',#8273,2.4);
#1580=CIRCLE('',#8275,3.6);
#1581=CIRCLE('',#8277,2.4);
#1582=CIRCLE('',#8280,1.6);
#1583=CIRCLE('',#8283,1.60000000000001);
#1584=CIRCLE('',#8284,2.00000000000001);
#1585=CIRCLE('',#8287,1.6);
#1586=CIRCLE('',#8288,2.);
#1587=CIRCLE('',#8293,2.15);
#1588=CIRCLE('',#8428,1.);
#1589=CIRCLE('',#8429,1.);
#1590=CIRCLE('',#8430,1.);
#1591=CIRCLE('',#8431,1.);
#1592=CIRCLE('',#8432,1.6);
#1593=CIRCLE('',#8433,1.6);
#1594=CIRCLE('',#8434,1.6);
#1595=CIRCLE('',#8435,1.6);
#1596=CIRCLE('',#8440,2.);
#1597=CIRCLE('',#8443,2.);
#1598=CIRCLE('',#8446,2.);
#1599=CIRCLE('',#8449,2.);
#1600=CIRCLE('',#8455,1.);
#1601=CIRCLE('',#8458,1.);
#1602=CIRCLE('',#8461,1.);
#1603=CIRCLE('',#8463,1.);
#1604=CIRCLE('',#8476,50.5);
#1605=CIRCLE('',#8477,50.9);
#1606=CIRCLE('',#8479,3.);
#1607=CIRCLE('',#8481,1.8);
#1608=CIRCLE('',#8483,50.5);
#1609=CIRCLE('',#8484,50.9);
#1610=CIRCLE('',#8486,50.9);
#1611=CIRCLE('',#8489,1.8);
#1612=CIRCLE('',#8491,3.);
#1613=CIRCLE('',#8495,4.2);
#1614=CIRCLE('',#8496,5.);
#1615=CIRCLE('',#8497,5.);
#1616=CIRCLE('',#8498,5.);
#1617=CIRCLE('',#8499,5.);
#1618=CIRCLE('',#8500,4.2);
#1619=CIRCLE('',#8501,12.4);
#1620=CIRCLE('',#8502,1.4);
#1621=CIRCLE('',#8503,1.4);
#1622=CIRCLE('',#8504,2.4);
#1623=CIRCLE('',#8505,2.4);
#1624=CIRCLE('',#8506,2.4);
#1625=CIRCLE('',#8507,1.39999999999999);
#1626=CIRCLE('',#8508,12.4);
#1627=CIRCLE('',#8509,1.4);
#1628=CIRCLE('',#8510,2.4);
#1629=CIRCLE('',#8511,2.4);
#1630=CIRCLE('',#8512,2.4);
#1631=CIRCLE('',#8525,50.9);
#1632=CIRCLE('',#8528,2.);
#1633=CIRCLE('',#8529,2.4);
#1634=CIRCLE('',#8532,2.);
#1635=CIRCLE('',#8533,2.4);
#1636=CIRCLE('',#8536,2.);
#1637=CIRCLE('',#8537,2.4);
#1638=CIRCLE('',#8540,2.);
#1639=CIRCLE('',#8543,2.);
#1640=CIRCLE('',#8545,5.4);
#1641=CIRCLE('',#8546,4.6);
#1642=CIRCLE('',#8547,4.60000000000005);
#1643=CIRCLE('',#8548,5.4);
#1644=CIRCLE('',#8549,5.4);
#1645=CIRCLE('',#8550,4.6);
#1646=CIRCLE('',#8551,4.60000000000007);
#1647=CIRCLE('',#8552,5.4);
#1648=CIRCLE('',#8553,1.4);
#1649=CIRCLE('',#8554,1.4);
#1650=CIRCLE('',#8555,12.4);
#1651=CIRCLE('',#8556,12.4);
#1652=CIRCLE('',#8557,1.39999999999999);
#1653=CIRCLE('',#8558,1.4);
#1654=CIRCLE('',#8559,2.25);
#1655=CIRCLE('',#8560,2.25);
#1656=CIRCLE('',#8561,2.25);
#1657=CIRCLE('',#8562,2.25);
#1658=CIRCLE('',#8563,2.4);
#1659=CIRCLE('',#8564,2.4);
#1660=CIRCLE('',#8565,2.4);
#1661=CIRCLE('',#8568,12.);
#1662=CIRCLE('',#8571,1.);
#1663=CIRCLE('',#8574,1.);
#1664=CIRCLE('',#8577,1.);
#1665=CIRCLE('',#8581,2.);
#1666=CIRCLE('',#8584,2.);
#1667=CIRCLE('',#8587,2.);
#1668=CIRCLE('',#8590,2.);
#1669=CIRCLE('',#8594,1.);
#1670=CIRCLE('',#8597,1.);
#1671=CIRCLE('',#8600,12.);
#1672=CIRCLE('',#8603,12.);
#1673=CIRCLE('',#8609,5.);
#1674=CIRCLE('',#8611,5.00000000000005);
#1675=CIRCLE('',#8616,5.);
#1676=CIRCLE('',#8618,5.);
#1677=CIRCLE('',#8623,5.);
#1678=CIRCLE('',#8625,5.00000000000006);
#1679=CIRCLE('',#8629,5.);
#1680=CIRCLE('',#8631,5.);
#1681=CIRCLE('',#8637,5.00000000000005);
#1682=CIRCLE('',#8642,5.);
#1683=CIRCLE('',#8646,50.9);
#1684=CIRCLE('',#8647,50.5);
#1685=CIRCLE('',#8649,3.);
#1686=CIRCLE('',#8652,50.9);
#1687=CIRCLE('',#8663,2.);
#1688=CIRCLE('',#8667,12.);
#1689=CIRCLE('',#8670,1.);
#1690=CIRCLE('',#8677,1.);
#1691=CIRCLE('',#8682,1.);
#1692=CIRCLE('',#8687,2.);
#1693=CIRCLE('',#8692,2.);
#1694=CIRCLE('',#8700,2.25);
#1695=CIRCLE('',#8701,2.25);
#1696=CIRCLE('',#8703,5.);
#1697=CIRCLE('',#8704,2.25);
#1698=CIRCLE('',#8705,2.25);
#1699=CIRCLE('',#8707,2.25);
#1700=CIRCLE('',#8708,2.25);
#1701=CIRCLE('',#8709,5.00000000000006);
#1702=CIRCLE('',#8716,3.);
#1703=CIRCLE('',#8729,2.25);
#1704=CIRCLE('',#8730,2.25);
#1705=LINE('',#11018,#2570);
#1706=LINE('',#11022,#2571);
#1707=LINE('',#11027,#2572);
#1708=LINE('',#11028,#2573);
#1709=LINE('',#11029,#2574);
#1710=LINE('',#11033,#2575);
#1711=LINE('',#11037,#2576);
#1712=LINE('',#11038,#2577);
#1713=LINE('',#11041,#2578);
#1714=LINE('',#11043,#2579);
#1715=LINE('',#11044,#2580);
#1716=LINE('',#11047,#2581);
#1717=LINE('',#11052,#2582);
#1718=LINE('',#11054,#2583);
#1719=LINE('',#11056,#2584);
#1720=LINE('',#11057,#2585);
#1721=LINE('',#11060,#2586);
#1722=LINE('',#11062,#2587);
#1723=LINE('',#11064,#2588);
#1724=LINE('',#11065,#2589);
#1725=LINE('',#11068,#2590);
#1726=LINE('',#11070,#2591);
#1727=LINE('',#11072,#2592);
#1728=LINE('',#11073,#2593);
#1729=LINE('',#11076,#2594);
#1730=LINE('',#11079,#2595);
#1731=LINE('',#11083,#2596);
#1732=LINE('',#11084,#2597);
#1733=LINE('',#11085,#2598);
#1734=LINE('',#11088,#2599);
#1735=LINE('',#11092,#2600);
#1736=LINE('',#11094,#2601);
#1737=LINE('',#11098,#2602);
#1738=LINE('',#11100,#2603);
#1739=LINE('',#11102,#2604);
#1740=LINE('',#11103,#2605);
#1741=LINE('',#11109,#2606);
#1742=LINE('',#11113,#2607);
#1743=LINE('',#11122,#2608);
#1744=LINE('',#11126,#2609);
#1745=LINE('',#11135,#2610);
#1746=LINE('',#11139,#2611);
#1747=LINE('',#11148,#2612);
#1748=LINE('',#11152,#2613);
#1749=LINE('',#11160,#2614);
#1750=LINE('',#11162,#2615);
#1751=LINE('',#11164,#2616);
#1752=LINE('',#11166,#2617);
#1753=LINE('',#11167,#2618);
#1754=LINE('',#11171,#2619);
#1755=LINE('',#11177,#2620);
#1756=LINE('',#11178,#2621);
#1757=LINE('',#11180,#2622);
#1758=LINE('',#11181,#2623);
#1759=LINE('',#11184,#2624);
#1760=LINE('',#11186,#2625);
#1761=LINE('',#11187,#2626);
#1762=LINE('',#11188,#2627);
#1763=LINE('',#11191,#2628);
#1764=LINE('',#11193,#2629);
#1765=LINE('',#11194,#2630);
#1766=LINE('',#11197,#2631);
#1767=LINE('',#11199,#2632);
#1768=LINE('',#11201,#2633);
#1769=LINE('',#11202,#2634);
#1770=LINE('',#11205,#2635);
#1771=LINE('',#11209,#2636);
#1772=LINE('',#11217,#2637);
#1773=LINE('',#11221,#2638);
#1774=LINE('',#11225,#2639);
#1775=LINE('',#11229,#2640);
#1776=LINE('',#11231,#2641);
#1777=LINE('',#11233,#2642);
#1778=LINE('',#11235,#2643);
#1779=LINE('',#11237,#2644);
#1780=LINE('',#11238,#2645);
#1781=LINE('',#11243,#2646);
#1782=LINE('',#11245,#2647);
#1783=LINE('',#11246,#2648);
#1784=LINE('',#11249,#2649);
#1785=LINE('',#11251,#2650);
#1786=LINE('',#11252,#2651);
#1787=LINE('',#11254,#2652);
#1788=LINE('',#11256,#2653);
#1789=LINE('',#11258,#2654);
#1790=LINE('',#11259,#2655);
#1791=LINE('',#11262,#2656);
#1792=LINE('',#11264,#2657);
#1793=LINE('',#11265,#2658);
#1794=LINE('',#11267,#2659);
#1795=LINE('',#11271,#2660);
#1796=LINE('',#11275,#2661);
#1797=LINE('',#11276,#2662);
#1798=LINE('',#11279,#2663);
#1799=LINE('',#11281,#2664);
#1800=LINE('',#11282,#2665);
#1801=LINE('',#11286,#2666);
#1802=LINE('',#11289,#2667);
#1803=LINE('',#11290,#2668);
#1804=LINE('',#11294,#2669);
#1805=LINE('',#11297,#2670);
#1806=LINE('',#11302,#2671);
#1807=LINE('',#11305,#2672);
#1808=LINE('',#11306,#2673);
#1809=LINE('',#11310,#2674);
#1810=LINE('',#11313,#2675);
#1811=LINE('',#11314,#2676);
#1812=LINE('',#11317,#2677);
#1813=LINE('',#11319,#2678);
#1814=LINE('',#11326,#2679);
#1815=LINE('',#11330,#2680);
#1816=LINE('',#11331,#2681);
#1817=LINE('',#11334,#2682);
#1818=LINE('',#11338,#2683);
#1819=LINE('',#11342,#2684);
#1820=LINE('',#11346,#2685);
#1821=LINE('',#11347,#2686);
#1822=LINE('',#11350,#2687);
#1823=LINE('',#11354,#2688);
#1824=LINE('',#11358,#2689);
#1825=LINE('',#11362,#2690);
#1826=LINE('',#11363,#2691);
#1827=LINE('',#11367,#2692);
#1828=LINE('',#11369,#2693);
#1829=LINE('',#11372,#2694);
#1830=LINE('',#11373,#2695);
#1831=LINE('',#11375,#2696);
#1832=LINE('',#11378,#2697);
#1833=LINE('',#11380,#2698);
#1834=LINE('',#11381,#2699);
#1835=LINE('',#11384,#2700);
#1836=LINE('',#11388,#2701);
#1837=LINE('',#11389,#2702);
#1838=LINE('',#11394,#2703);
#1839=LINE('',#11397,#2704);
#1840=LINE('',#11400,#2705);
#1841=LINE('',#11401,#2706);
#1842=LINE('',#11404,#2707);
#1843=LINE('',#11406,#2708);
#1844=LINE('',#11407,#2709);
#1845=LINE('',#11411,#2710);
#1846=LINE('',#11416,#2711);
#1847=LINE('',#11417,#2712);
#1848=LINE('',#11418,#2713);
#1849=LINE('',#11422,#2714);
#1850=LINE('',#11425,#2715);
#1851=LINE('',#11426,#2716);
#1852=LINE('',#11429,#2717);
#1853=LINE('',#11431,#2718);
#1854=LINE('',#11432,#2719);
#1855=LINE('',#11435,#2720);
#1856=LINE('',#11439,#2721);
#1857=LINE('',#11440,#2722);
#1858=LINE('',#11443,#2723);
#1859=LINE('',#11447,#2724);
#1860=LINE('',#11448,#2725);
#1861=LINE('',#11451,#2726);
#1862=LINE('',#11455,#2727);
#1863=LINE('',#11456,#2728);
#1864=LINE('',#11459,#2729);
#1865=LINE('',#11463,#2730);
#1866=LINE('',#11467,#2731);
#1867=LINE('',#11471,#2732);
#1868=LINE('',#11472,#2733);
#1869=LINE('',#11478,#2734);
#1870=LINE('',#11480,#2735);
#1871=LINE('',#11481,#2736);
#1872=LINE('',#11483,#2737);
#1873=LINE('',#11486,#2738);
#1874=LINE('',#11488,#2739);
#1875=LINE('',#11489,#2740);
#1876=LINE('',#11491,#2741);
#1877=LINE('',#11493,#2742);
#1878=LINE('',#11496,#2743);
#1879=LINE('',#11504,#2744);
#1880=LINE('',#11507,#2745);
#1881=LINE('',#11512,#2746);
#1882=LINE('',#11527,#2747);
#1883=LINE('',#11529,#2748);
#1884=LINE('',#11531,#2749);
#1885=LINE('',#11533,#2750);
#1886=LINE('',#11535,#2751);
#1887=LINE('',#11542,#2752);
#1888=LINE('',#11547,#2753);
#1889=LINE('',#11551,#2754);
#1890=LINE('',#11559,#2755);
#1891=LINE('',#11563,#2756);
#1892=LINE('',#11567,#2757);
#1893=LINE('',#11571,#2758);
#1894=LINE('',#11575,#2759);
#1895=LINE('',#11579,#2760);
#1896=LINE('',#11583,#2761);
#1897=LINE('',#11590,#2762);
#1898=LINE('',#11593,#2763);
#1899=LINE('',#11595,#2764);
#1900=LINE('',#11596,#2765);
#1901=LINE('',#11599,#2766);
#1902=LINE('',#11603,#2767);
#1903=LINE('',#11604,#2768);
#1904=LINE('',#11607,#2769);
#1905=LINE('',#11611,#2770);
#1906=LINE('',#11612,#2771);
#1907=LINE('',#11615,#2772);
#1908=LINE('',#11619,#2773);
#1909=LINE('',#11620,#2774);
#1910=LINE('',#11623,#2775);
#1911=LINE('',#11627,#2776);
#1912=LINE('',#11631,#2777);
#1913=LINE('',#11635,#2778);
#1914=LINE('',#11636,#2779);
#1915=LINE('',#11641,#2780);
#1916=LINE('',#11644,#2781);
#1917=LINE('',#11647,#2782);
#1918=LINE('',#11651,#2783);
#1919=LINE('',#11655,#2784);
#1920=LINE('',#11656,#2785);
#1921=LINE('',#11659,#2786);
#1922=LINE('',#11663,#2787);
#1923=LINE('',#11664,#2788);
#1924=LINE('',#11668,#2789);
#1925=LINE('',#11672,#2790);
#1926=LINE('',#11676,#2791);
#1927=LINE('',#11677,#2792);
#1928=LINE('',#11678,#2793);
#1929=LINE('',#11681,#2794);
#1930=LINE('',#11685,#2795);
#1931=LINE('',#11689,#2796);
#1932=LINE('',#11693,#2797);
#1933=LINE('',#11694,#2798);
#1934=LINE('',#11697,#2799);
#1935=LINE('',#11701,#2800);
#1936=LINE('',#11702,#2801);
#1937=LINE('',#11706,#2802);
#1938=LINE('',#11712,#2803);
#1939=LINE('',#11713,#2804);
#1940=LINE('',#11714,#2805);
#1941=LINE('',#11718,#2806);
#1942=LINE('',#11722,#2807);
#1943=LINE('',#11723,#2808);
#1944=LINE('',#11725,#2809);
#1945=LINE('',#11727,#2810);
#1946=LINE('',#11731,#2811);
#1947=LINE('',#11733,#2812);
#1948=LINE('',#11735,#2813);
#1949=LINE('',#11736,#2814);
#1950=LINE('',#11739,#2815);
#1951=LINE('',#11741,#2816);
#1952=LINE('',#11743,#2817);
#1953=LINE('',#11744,#2818);
#1954=LINE('',#11747,#2819);
#1955=LINE('',#11749,#2820);
#1956=LINE('',#11751,#2821);
#1957=LINE('',#11752,#2822);
#1958=LINE('',#11755,#2823);
#1959=LINE('',#11757,#2824);
#1960=LINE('',#11759,#2825);
#1961=LINE('',#11760,#2826);
#1962=LINE('',#11763,#2827);
#1963=LINE('',#11765,#2828);
#1964=LINE('',#11767,#2829);
#1965=LINE('',#11768,#2830);
#1966=LINE('',#11771,#2831);
#1967=LINE('',#11773,#2832);
#1968=LINE('',#11775,#2833);
#1969=LINE('',#11776,#2834);
#1970=LINE('',#11779,#2835);
#1971=LINE('',#11781,#2836);
#1972=LINE('',#11783,#2837);
#1973=LINE('',#11784,#2838);
#1974=LINE('',#11789,#2839);
#1975=LINE('',#11791,#2840);
#1976=LINE('',#11793,#2841);
#1977=LINE('',#11794,#2842);
#1978=LINE('',#11797,#2843);
#1979=LINE('',#11799,#2844);
#1980=LINE('',#11801,#2845);
#1981=LINE('',#11802,#2846);
#1982=LINE('',#11805,#2847);
#1983=LINE('',#11807,#2848);
#1984=LINE('',#11809,#2849);
#1985=LINE('',#11810,#2850);
#1986=LINE('',#11813,#2851);
#1987=LINE('',#11815,#2852);
#1988=LINE('',#11817,#2853);
#1989=LINE('',#11818,#2854);
#1990=LINE('',#11821,#2855);
#1991=LINE('',#11823,#2856);
#1992=LINE('',#11825,#2857);
#1993=LINE('',#11826,#2858);
#1994=LINE('',#11829,#2859);
#1995=LINE('',#11831,#2860);
#1996=LINE('',#11833,#2861);
#1997=LINE('',#11834,#2862);
#1998=LINE('',#11837,#2863);
#1999=LINE('',#11839,#2864);
#2000=LINE('',#11840,#2865);
#2001=LINE('',#11843,#2866);
#2002=LINE('',#11844,#2867);
#2003=LINE('',#11847,#2868);
#2004=LINE('',#11848,#2869);
#2005=LINE('',#11850,#2870);
#2006=LINE('',#11853,#2871);
#2007=LINE('',#11855,#2872);
#2008=LINE('',#11856,#2873);
#2009=LINE('',#11859,#2874);
#2010=LINE('',#11860,#2875);
#2011=LINE('',#11863,#2876);
#2012=LINE('',#11865,#2877);
#2013=LINE('',#11866,#2878);
#2014=LINE('',#11869,#2879);
#2015=LINE('',#11870,#2880);
#2016=LINE('',#11873,#2881);
#2017=LINE('',#11874,#2882);
#2018=LINE('',#11876,#2883);
#2019=LINE('',#11879,#2884);
#2020=LINE('',#11881,#2885);
#2021=LINE('',#11882,#2886);
#2022=LINE('',#11885,#2887);
#2023=LINE('',#11886,#2888);
#2024=LINE('',#11889,#2889);
#2025=LINE('',#11891,#2890);
#2026=LINE('',#11892,#2891);
#2027=LINE('',#11895,#2892);
#2028=LINE('',#11896,#2893);
#2029=LINE('',#11899,#2894);
#2030=LINE('',#11900,#2895);
#2031=LINE('',#11902,#2896);
#2032=LINE('',#11905,#2897);
#2033=LINE('',#11907,#2898);
#2034=LINE('',#11908,#2899);
#2035=LINE('',#11911,#2900);
#2036=LINE('',#11912,#2901);
#2037=LINE('',#11915,#2902);
#2038=LINE('',#11917,#2903);
#2039=LINE('',#11918,#2904);
#2040=LINE('',#11921,#2905);
#2041=LINE('',#11922,#2906);
#2042=LINE('',#11925,#2907);
#2043=LINE('',#11926,#2908);
#2044=LINE('',#11928,#2909);
#2045=LINE('',#11931,#2910);
#2046=LINE('',#11933,#2911);
#2047=LINE('',#11934,#2912);
#2048=LINE('',#11937,#2913);
#2049=LINE('',#11938,#2914);
#2050=LINE('',#11941,#2915);
#2051=LINE('',#11943,#2916);
#2052=LINE('',#11944,#2917);
#2053=LINE('',#11947,#2918);
#2054=LINE('',#11948,#2919);
#2055=LINE('',#11951,#2920);
#2056=LINE('',#11952,#2921);
#2057=LINE('',#11954,#2922);
#2058=LINE('',#11957,#2923);
#2059=LINE('',#11959,#2924);
#2060=LINE('',#11960,#2925);
#2061=LINE('',#11963,#2926);
#2062=LINE('',#11964,#2927);
#2063=LINE('',#11967,#2928);
#2064=LINE('',#11969,#2929);
#2065=LINE('',#11970,#2930);
#2066=LINE('',#11973,#2931);
#2067=LINE('',#11974,#2932);
#2068=LINE('',#11977,#2933);
#2069=LINE('',#11978,#2934);
#2070=LINE('',#11980,#2935);
#2071=LINE('',#11983,#2936);
#2072=LINE('',#11985,#2937);
#2073=LINE('',#11986,#2938);
#2074=LINE('',#11989,#2939);
#2075=LINE('',#11990,#2940);
#2076=LINE('',#11993,#2941);
#2077=LINE('',#11995,#2942);
#2078=LINE('',#11996,#2943);
#2079=LINE('',#11999,#2944);
#2080=LINE('',#12000,#2945);
#2081=LINE('',#12003,#2946);
#2082=LINE('',#12004,#2947);
#2083=LINE('',#12006,#2948);
#2084=LINE('',#12009,#2949);
#2085=LINE('',#12011,#2950);
#2086=LINE('',#12012,#2951);
#2087=LINE('',#12015,#2952);
#2088=LINE('',#12016,#2953);
#2089=LINE('',#12019,#2954);
#2090=LINE('',#12021,#2955);
#2091=LINE('',#12022,#2956);
#2092=LINE('',#12025,#2957);
#2093=LINE('',#12026,#2958);
#2094=LINE('',#12029,#2959);
#2095=LINE('',#12030,#2960);
#2096=LINE('',#12032,#2961);
#2097=LINE('',#12035,#2962);
#2098=LINE('',#12037,#2963);
#2099=LINE('',#12038,#2964);
#2100=LINE('',#12041,#2965);
#2101=LINE('',#12042,#2966);
#2102=LINE('',#12045,#2967);
#2103=LINE('',#12047,#2968);
#2104=LINE('',#12048,#2969);
#2105=LINE('',#12051,#2970);
#2106=LINE('',#12052,#2971);
#2107=LINE('',#12055,#2972);
#2108=LINE('',#12056,#2973);
#2109=LINE('',#12058,#2974);
#2110=LINE('',#12061,#2975);
#2111=LINE('',#12063,#2976);
#2112=LINE('',#12064,#2977);
#2113=LINE('',#12067,#2978);
#2114=LINE('',#12068,#2979);
#2115=LINE('',#12071,#2980);
#2116=LINE('',#12073,#2981);
#2117=LINE('',#12074,#2982);
#2118=LINE('',#12077,#2983);
#2119=LINE('',#12078,#2984);
#2120=LINE('',#12081,#2985);
#2121=LINE('',#12082,#2986);
#2122=LINE('',#12084,#2987);
#2123=LINE('',#12087,#2988);
#2124=LINE('',#12089,#2989);
#2125=LINE('',#12090,#2990);
#2126=LINE('',#12093,#2991);
#2127=LINE('',#12094,#2992);
#2128=LINE('',#12097,#2993);
#2129=LINE('',#12099,#2994);
#2130=LINE('',#12100,#2995);
#2131=LINE('',#12103,#2996);
#2132=LINE('',#12104,#2997);
#2133=LINE('',#12107,#2998);
#2134=LINE('',#12108,#2999);
#2135=LINE('',#12110,#3000);
#2136=LINE('',#12113,#3001);
#2137=LINE('',#12115,#3002);
#2138=LINE('',#12116,#3003);
#2139=LINE('',#12119,#3004);
#2140=LINE('',#12120,#3005);
#2141=LINE('',#12123,#3006);
#2142=LINE('',#12125,#3007);
#2143=LINE('',#12126,#3008);
#2144=LINE('',#12129,#3009);
#2145=LINE('',#12130,#3010);
#2146=LINE('',#12133,#3011);
#2147=LINE('',#12134,#3012);
#2148=LINE('',#12136,#3013);
#2149=LINE('',#12139,#3014);
#2150=LINE('',#12141,#3015);
#2151=LINE('',#12142,#3016);
#2152=LINE('',#12145,#3017);
#2153=LINE('',#12146,#3018);
#2154=LINE('',#12149,#3019);
#2155=LINE('',#12151,#3020);
#2156=LINE('',#12152,#3021);
#2157=LINE('',#12155,#3022);
#2158=LINE('',#12156,#3023);
#2159=LINE('',#12159,#3024);
#2160=LINE('',#12160,#3025);
#2161=LINE('',#12162,#3026);
#2162=LINE('',#12165,#3027);
#2163=LINE('',#12167,#3028);
#2164=LINE('',#12168,#3029);
#2165=LINE('',#12171,#3030);
#2166=LINE('',#12172,#3031);
#2167=LINE('',#12174,#3032);
#2168=LINE('',#12178,#3033);
#2169=LINE('',#12180,#3034);
#2170=LINE('',#12182,#3035);
#2171=LINE('',#12183,#3036);
#2172=LINE('',#12186,#3037);
#2173=LINE('',#12188,#3038);
#2174=LINE('',#12189,#3039);
#2175=LINE('',#12192,#3040);
#2176=LINE('',#12194,#3041);
#2177=LINE('',#12195,#3042);
#2178=LINE('',#12198,#3043);
#2179=LINE('',#12200,#3044);
#2180=LINE('',#12201,#3045);
#2181=LINE('',#12204,#3046);
#2182=LINE('',#12206,#3047);
#2183=LINE('',#12208,#3048);
#2184=LINE('',#12210,#3049);
#2185=LINE('',#12212,#3050);
#2186=LINE('',#12214,#3051);
#2187=LINE('',#12216,#3052);
#2188=LINE('',#12218,#3053);
#2189=LINE('',#12220,#3054);
#2190=LINE('',#12222,#3055);
#2191=LINE('',#12224,#3056);
#2192=LINE('',#12226,#3057);
#2193=LINE('',#12228,#3058);
#2194=LINE('',#12230,#3059);
#2195=LINE('',#12231,#3060);
#2196=LINE('',#12234,#3061);
#2197=LINE('',#12235,#3062);
#2198=LINE('',#12238,#3063);
#2199=LINE('',#12239,#3064);
#2200=LINE('',#12242,#3065);
#2201=LINE('',#12243,#3066);
#2202=LINE('',#12246,#3067);
#2203=LINE('',#12247,#3068);
#2204=LINE('',#12249,#3069);
#2205=LINE('',#12251,#3070);
#2206=LINE('',#12253,#3071);
#2207=LINE('',#12255,#3072);
#2208=LINE('',#12257,#3073);
#2209=LINE('',#12259,#3074);
#2210=LINE('',#12260,#3075);
#2211=LINE('',#12263,#3076);
#2212=LINE('',#12264,#3077);
#2213=LINE('',#12267,#3078);
#2214=LINE('',#12268,#3079);
#2215=LINE('',#12271,#3080);
#2216=LINE('',#12272,#3081);
#2217=LINE('',#12275,#3082);
#2218=LINE('',#12276,#3083);
#2219=LINE('',#12279,#3084);
#2220=LINE('',#12280,#3085);
#2221=LINE('',#12283,#3086);
#2222=LINE('',#12285,#3087);
#2223=LINE('',#12286,#3088);
#2224=LINE('',#12289,#3089);
#2225=LINE('',#12291,#3090);
#2226=LINE('',#12292,#3091);
#2227=LINE('',#12294,#3092);
#2228=LINE('',#12296,#3093);
#2229=LINE('',#12297,#3094);
#2230=LINE('',#12300,#3095);
#2231=LINE('',#12301,#3096);
#2232=LINE('',#12304,#3097);
#2233=LINE('',#12305,#3098);
#2234=LINE('',#12308,#3099);
#2235=LINE('',#12309,#3100);
#2236=LINE('',#12311,#3101);
#2237=LINE('',#12314,#3102);
#2238=LINE('',#12316,#3103);
#2239=LINE('',#12317,#3104);
#2240=LINE('',#12320,#3105);
#2241=LINE('',#12321,#3106);
#2242=LINE('',#12324,#3107);
#2243=LINE('',#12325,#3108);
#2244=LINE('',#12327,#3109);
#2245=LINE('',#12330,#3110);
#2246=LINE('',#12331,#3111);
#2247=LINE('',#12334,#3112);
#2248=LINE('',#12335,#3113);
#2249=LINE('',#12337,#3114);
#2250=LINE('',#12340,#3115);
#2251=LINE('',#12341,#3116);
#2252=LINE('',#12343,#3117);
#2253=LINE('',#12346,#3118);
#2254=LINE('',#12347,#3119);
#2255=LINE('',#12349,#3120);
#2256=LINE('',#12352,#3121);
#2257=LINE('',#12353,#3122);
#2258=LINE('',#12355,#3123);
#2259=LINE('',#12358,#3124);
#2260=LINE('',#12359,#3125);
#2261=LINE('',#12361,#3126);
#2262=LINE('',#12364,#3127);
#2263=LINE('',#12365,#3128);
#2264=LINE('',#12367,#3129);
#2265=LINE('',#12370,#3130);
#2266=LINE('',#12371,#3131);
#2267=LINE('',#12373,#3132);
#2268=LINE('',#12376,#3133);
#2269=LINE('',#12377,#3134);
#2270=LINE('',#12379,#3135);
#2271=LINE('',#12382,#3136);
#2272=LINE('',#12383,#3137);
#2273=LINE('',#12385,#3138);
#2274=LINE('',#12388,#3139);
#2275=LINE('',#12389,#3140);
#2276=LINE('',#12391,#3141);
#2277=LINE('',#12394,#3142);
#2278=LINE('',#12395,#3143);
#2279=LINE('',#12397,#3144);
#2280=LINE('',#12400,#3145);
#2281=LINE('',#12401,#3146);
#2282=LINE('',#12403,#3147);
#2283=LINE('',#12406,#3148);
#2284=LINE('',#12407,#3149);
#2285=LINE('',#12409,#3150);
#2286=LINE('',#12412,#3151);
#2287=LINE('',#12413,#3152);
#2288=LINE('',#12416,#3153);
#2289=LINE('',#12417,#3154);
#2290=LINE('',#12422,#3155);
#2291=LINE('',#12426,#3156);
#2292=LINE('',#12430,#3157);
#2293=LINE('',#12433,#3158);
#2294=LINE('',#12437,#3159);
#2295=LINE('',#12441,#3160);
#2296=LINE('',#12445,#3161);
#2297=LINE('',#12449,#3162);
#2298=LINE('',#12450,#3163);
#2299=LINE('',#12452,#3164);
#2300=LINE('',#12455,#3165);
#2301=LINE('',#12457,#3166);
#2302=LINE('',#12458,#3167);
#2303=LINE('',#12462,#3168);
#2304=LINE('',#12466,#3169);
#2305=LINE('',#12469,#3170);
#2306=LINE('',#12470,#3171);
#2307=LINE('',#12474,#3172);
#2308=LINE('',#12477,#3173);
#2309=LINE('',#12478,#3174);
#2310=LINE('',#12482,#3175);
#2311=LINE('',#12484,#3176);
#2312=LINE('',#12486,#3177);
#2313=LINE('',#12492,#3178);
#2314=LINE('',#12493,#3179);
#2315=LINE('',#12496,#3180);
#2316=LINE('',#12497,#3181);
#2317=LINE('',#12501,#3182);
#2318=LINE('',#12504,#3183);
#2319=LINE('',#12505,#3184);
#2320=LINE('',#12511,#3185);
#2321=LINE('',#12513,#3186);
#2322=LINE('',#12515,#3187);
#2323=LINE('',#12517,#3188);
#2324=LINE('',#12519,#3189);
#2325=LINE('',#12522,#3190);
#2326=LINE('',#12524,#3191);
#2327=LINE('',#12526,#3192);
#2328=LINE('',#12551,#3193);
#2329=LINE('',#12553,#3194);
#2330=LINE('',#12568,#3195);
#2331=LINE('',#12610,#3196);
#2332=LINE('',#12613,#3197);
#2333=LINE('',#12616,#3198);
#2334=LINE('',#12619,#3199);
#2335=LINE('',#12632,#3200);
#2336=LINE('',#12636,#3201);
#2337=LINE('',#12649,#3202);
#2338=LINE('',#12650,#3203);
#2339=LINE('',#12654,#3204);
#2340=LINE('',#12656,#3205);
#2341=LINE('',#12658,#3206);
#2342=LINE('',#12660,#3207);
#2343=LINE('',#12662,#3208);
#2344=LINE('',#12664,#3209);
#2345=LINE('',#12666,#3210);
#2346=LINE('',#12667,#3211);
#2347=LINE('',#12670,#3212);
#2348=LINE('',#12674,#3213);
#2349=LINE('',#12676,#3214);
#2350=LINE('',#12678,#3215);
#2351=LINE('',#12682,#3216);
#2352=LINE('',#12684,#3217);
#2353=LINE('',#12686,#3218);
#2354=LINE('',#12690,#3219);
#2355=LINE('',#12692,#3220);
#2356=LINE('',#12694,#3221);
#2357=LINE('',#12699,#3222);
#2358=LINE('',#12703,#3223);
#2359=LINE('',#12707,#3224);
#2360=LINE('',#12711,#3225);
#2361=LINE('',#12715,#3226);
#2362=LINE('',#12719,#3227);
#2363=LINE('',#12723,#3228);
#2364=LINE('',#12727,#3229);
#2365=LINE('',#12731,#3230);
#2366=LINE('',#12735,#3231);
#2367=LINE('',#12739,#3232);
#2368=LINE('',#12743,#3233);
#2369=LINE('',#12753,#3234);
#2370=LINE('',#12758,#3235);
#2371=LINE('',#12761,#3236);
#2372=LINE('',#12764,#3237);
#2373=LINE('',#12765,#3238);
#2374=LINE('',#12768,#3239);
#2375=LINE('',#12771,#3240);
#2376=LINE('',#12774,#3241);
#2377=LINE('',#12782,#3242);
#2378=LINE('',#12786,#3243);
#2379=LINE('',#12791,#3244);
#2380=LINE('',#12792,#3245);
#2381=LINE('',#12793,#3246);
#2382=LINE('',#12797,#3247);
#2383=LINE('',#12803,#3248);
#2384=LINE('',#12804,#3249);
#2385=LINE('',#12805,#3250);
#2386=LINE('',#12809,#3251);
#2387=LINE('',#12813,#3252);
#2388=LINE('',#12814,#3253);
#2389=LINE('',#12817,#3254);
#2390=LINE('',#12820,#3255);
#2391=LINE('',#12823,#3256);
#2392=LINE('',#12824,#3257);
#2393=LINE('',#12827,#3258);
#2394=LINE('',#12832,#3259);
#2395=LINE('',#12838,#3260);
#2396=LINE('',#12840,#3261);
#2397=LINE('',#12842,#3262);
#2398=LINE('',#12848,#3263);
#2399=LINE('',#12850,#3264);
#2400=LINE('',#12852,#3265);
#2401=LINE('',#12858,#3266);
#2402=LINE('',#12860,#3267);
#2403=LINE('',#12862,#3268);
#2404=LINE('',#12868,#3269);
#2405=LINE('',#12869,#3270);
#2406=LINE('',#12872,#3271);
#2407=LINE('',#12876,#3272);
#2408=LINE('',#12880,#3273);
#2409=LINE('',#12884,#3274);
#2410=LINE('',#12888,#3275);
#2411=LINE('',#12892,#3276);
#2412=LINE('',#12904,#3277);
#2413=LINE('',#12908,#3278);
#2414=LINE('',#12912,#3279);
#2415=LINE('',#12916,#3280);
#2416=LINE('',#12918,#3281);
#2417=LINE('',#12919,#3282);
#2418=LINE('',#12922,#3283);
#2419=LINE('',#12926,#3284);
#2420=LINE('',#12927,#3285);
#2421=LINE('',#12930,#3286);
#2422=LINE('',#12934,#3287);
#2423=LINE('',#12935,#3288);
#2424=LINE('',#12940,#3289);
#2425=LINE('',#12942,#3290);
#2426=LINE('',#12943,#3291);
#2427=LINE('',#12946,#3292);
#2428=LINE('',#12950,#3293);
#2429=LINE('',#12951,#3294);
#2430=LINE('',#12954,#3295);
#2431=LINE('',#12956,#3296);
#2432=LINE('',#12957,#3297);
#2433=LINE('',#12960,#3298);
#2434=LINE('',#12964,#3299);
#2435=LINE('',#12965,#3300);
#2436=LINE('',#12968,#3301);
#2437=LINE('',#12972,#3302);
#2438=LINE('',#12973,#3303);
#2439=LINE('',#12978,#3304);
#2440=LINE('',#12980,#3305);
#2441=LINE('',#12981,#3306);
#2442=LINE('',#12984,#3307);
#2443=LINE('',#12988,#3308);
#2444=LINE('',#12989,#3309);
#2445=LINE('',#12992,#3310);
#2446=LINE('',#12994,#3311);
#2447=LINE('',#12995,#3312);
#2448=LINE('',#12998,#3313);
#2449=LINE('',#13002,#3314);
#2450=LINE('',#13003,#3315);
#2451=LINE('',#13006,#3316);
#2452=LINE('',#13010,#3317);
#2453=LINE('',#13011,#3318);
#2454=LINE('',#13016,#3319);
#2455=LINE('',#13018,#3320);
#2456=LINE('',#13019,#3321);
#2457=LINE('',#13022,#3322);
#2458=LINE('',#13026,#3323);
#2459=LINE('',#13027,#3324);
#2460=LINE('',#13031,#3325);
#2461=LINE('',#13032,#3326);
#2462=LINE('',#13033,#3327);
#2463=LINE('',#13036,#3328);
#2464=LINE('',#13037,#3329);
#2465=LINE('',#13040,#3330);
#2466=LINE('',#13041,#3331);
#2467=LINE('',#13044,#3332);
#2468=LINE('',#13048,#3333);
#2469=LINE('',#13052,#3334);
#2470=LINE('',#13053,#3335);
#2471=LINE('',#13056,#3336);
#2472=LINE('',#13057,#3337);
#2473=LINE('',#13061,#3338);
#2474=LINE('',#13062,#3339);
#2475=LINE('',#13063,#3340);
#2476=LINE('',#13067,#3341);
#2477=LINE('',#13071,#3342);
#2478=LINE('',#13073,#3343);
#2479=LINE('',#13076,#3344);
#2480=LINE('',#13077,#3345);
#2481=LINE('',#13080,#3346);
#2482=LINE('',#13081,#3347);
#2483=LINE('',#13084,#3348);
#2484=LINE('',#13088,#3349);
#2485=LINE('',#13091,#3350);
#2486=LINE('',#13092,#3351);
#2487=LINE('',#13094,#3352);
#2488=LINE('',#13098,#3353);
#2489=LINE('',#13102,#3354);
#2490=LINE('',#13104,#3355);
#2491=LINE('',#13107,#3356);
#2492=LINE('',#13109,#3357);
#2493=LINE('',#13110,#3358);
#2494=LINE('',#13112,#3359);
#2495=LINE('',#13113,#3360);
#2496=LINE('',#13116,#3361);
#2497=LINE('',#13129,#3362);
#2498=LINE('',#13133,#3363);
#2499=LINE('',#13134,#3364);
#2500=LINE('',#13137,#3365);
#2501=LINE('',#13138,#3366);
#2502=LINE('',#13141,#3367);
#2503=LINE('',#13142,#3368);
#2504=LINE('',#13145,#3369);
#2505=LINE('',#13148,#3370);
#2506=LINE('',#13161,#3371);
#2507=LINE('',#13162,#3372);
#2508=LINE('',#13180,#3373);
#2509=LINE('',#13181,#3374);
#2510=LINE('',#13185,#3375);
#2511=LINE('',#13192,#3376);
#2512=LINE('',#13194,#3377);
#2513=LINE('',#13197,#3378);
#2514=LINE('',#13198,#3379);
#2515=LINE('',#13200,#3380);
#2516=LINE('',#13202,#3381);
#2517=LINE('',#13203,#3382);
#2518=LINE('',#13205,#3383);
#2519=LINE('',#13207,#3384);
#2520=LINE('',#13209,#3385);
#2521=LINE('',#13212,#3386);
#2522=LINE('',#13213,#3387);
#2523=LINE('',#13217,#3388);
#2524=LINE('',#13219,#3389);
#2525=LINE('',#13220,#3390);
#2526=LINE('',#13223,#3391);
#2527=LINE('',#13227,#3392);
#2528=LINE('',#13228,#3393);
#2529=LINE('',#13231,#3394);
#2530=LINE('',#13233,#3395);
#2531=LINE('',#13236,#3396);
#2532=LINE('',#13237,#3397);
#2533=LINE('',#13241,#3398);
#2534=LINE('',#13243,#3399);
#2535=LINE('',#13244,#3400);
#2536=LINE('',#13247,#3401);
#2537=LINE('',#13249,#3402);
#2538=LINE('',#13251,#3403);
#2539=LINE('',#13253,#3404);
#2540=LINE('',#13257,#3405);
#2541=LINE('',#13259,#3406);
#2542=LINE('',#13262,#3407);
#2543=LINE('',#13264,#3408);
#2544=LINE('',#13265,#3409);
#2545=LINE('',#13268,#3410);
#2546=LINE('',#13270,#3411);
#2547=LINE('',#13272,#3412);
#2548=LINE('',#13274,#3413);
#2549=LINE('',#13278,#3414);
#2550=LINE('',#13280,#3415);
#2551=LINE('',#13285,#3416);
#2552=LINE('',#13286,#3417);
#2553=LINE('',#13288,#3418);
#2554=LINE('',#13291,#3419);
#2555=LINE('',#13292,#3420);
#2556=LINE('',#13300,#3421);
#2557=LINE('',#13311,#3422);
#2558=LINE('',#13316,#3423);
#2559=LINE('',#13320,#3424);
#2560=LINE('',#13322,#3425);
#2561=LINE('',#13324,#3426);
#2562=LINE('',#13325,#3427);
#2563=LINE('',#13327,#3428);
#2564=LINE('',#13329,#3429);
#2565=LINE('',#13331,#3430);
#2566=LINE('',#13333,#3431);
#2567=LINE('',#13335,#3432);
#2568=LINE('',#13340,#3433);
#2569=LINE('',#13345,#3434);
#2570=VECTOR('',#8742,10.);
#2571=VECTOR('',#8745,10.);
#2572=VECTOR('',#8750,10.);
#2573=VECTOR('',#8751,10.);
#2574=VECTOR('',#8752,10.);
#2575=VECTOR('',#8755,10.);
#2576=VECTOR('',#8762,10.);
#2577=VECTOR('',#8763,10.);
#2578=VECTOR('',#8766,10.);
#2579=VECTOR('',#8767,10.);
#2580=VECTOR('',#8768,10.);
#2581=VECTOR('',#8771,10.);
#2582=VECTOR('',#8776,10.);
#2583=VECTOR('',#8777,10.);
#2584=VECTOR('',#8778,10.);
#2585=VECTOR('',#8779,10.);
#2586=VECTOR('',#8780,10.);
#2587=VECTOR('',#8781,10.);
#2588=VECTOR('',#8782,10.);
#2589=VECTOR('',#8783,10.);
#2590=VECTOR('',#8784,10.);
#2591=VECTOR('',#8785,10.);
#2592=VECTOR('',#8786,10.);
#2593=VECTOR('',#8787,10.);
#2594=VECTOR('',#8790,10.);
#2595=VECTOR('',#8793,10.);
#2596=VECTOR('',#8796,10.);
#2597=VECTOR('',#8797,10.);
#2598=VECTOR('',#8798,10.);
#2599=VECTOR('',#8801,10.);
#2600=VECTOR('',#8808,10.);
#2601=VECTOR('',#8811,10.);
#2602=VECTOR('',#8814,10.);
#2603=VECTOR('',#8815,10.);
#2604=VECTOR('',#8816,10.);
#2605=VECTOR('',#8817,10.);
#2606=VECTOR('',#8824,3.71);
#2607=VECTOR('',#8829,3.81);
#2608=VECTOR('',#8840,3.71);
#2609=VECTOR('',#8845,3.81);
#2610=VECTOR('',#8856,3.71);
#2611=VECTOR('',#8861,3.81);
#2612=VECTOR('',#8872,3.71);
#2613=VECTOR('',#8877,3.81);
#2614=VECTOR('',#8886,10.);
#2615=VECTOR('',#8887,10.);
#2616=VECTOR('',#8888,10.);
#2617=VECTOR('',#8889,10.);
#2618=VECTOR('',#8890,10.);
#2619=VECTOR('',#8893,10.);
#2620=VECTOR('',#8900,10.);
#2621=VECTOR('',#8901,10.);
#2622=VECTOR('',#8902,10.);
#2623=VECTOR('',#8903,10.);
#2624=VECTOR('',#8906,10.);
#2625=VECTOR('',#8907,10.);
#2626=VECTOR('',#8908,10.);
#2627=VECTOR('',#8909,10.);
#2628=VECTOR('',#8912,10.);
#2629=VECTOR('',#8913,10.);
#2630=VECTOR('',#8914,10.);
#2631=VECTOR('',#8917,10.);
#2632=VECTOR('',#8918,10.);
#2633=VECTOR('',#8919,10.);
#2634=VECTOR('',#8920,10.);
#2635=VECTOR('',#8923,10.);
#2636=VECTOR('',#8926,10.);
#2637=VECTOR('',#8933,10.);
#2638=VECTOR('',#8936,10.);
#2639=VECTOR('',#8939,10.);
#2640=VECTOR('',#8942,10.);
#2641=VECTOR('',#8943,10.);
#2642=VECTOR('',#8944,10.);
#2643=VECTOR('',#8945,10.);
#2644=VECTOR('',#8946,10.);
#2645=VECTOR('',#8947,10.);
#2646=VECTOR('',#8952,10.);
#2647=VECTOR('',#8953,10.);
#2648=VECTOR('',#8954,10.);
#2649=VECTOR('',#8957,10.);
#2650=VECTOR('',#8958,10.);
#2651=VECTOR('',#8959,10.);
#2652=VECTOR('',#8962,10.);
#2653=VECTOR('',#8963,10.);
#2654=VECTOR('',#8964,10.);
#2655=VECTOR('',#8965,10.);
#2656=VECTOR('',#8968,10.);
#2657=VECTOR('',#8969,10.);
#2658=VECTOR('',#8970,10.);
#2659=VECTOR('',#8973,10.);
#2660=VECTOR('',#8976,10.);
#2661=VECTOR('',#8983,10.);
#2662=VECTOR('',#8984,10.);
#2663=VECTOR('',#8987,10.);
#2664=VECTOR('',#8988,10.);
#2665=VECTOR('',#8989,10.);
#2666=VECTOR('',#8994,10.);
#2667=VECTOR('',#8997,10.);
#2668=VECTOR('',#8998,10.);
#2669=VECTOR('',#9003,10.);
#2670=VECTOR('',#9006,10.);
#2671=VECTOR('',#9013,10.);
#2672=VECTOR('',#9016,10.);
#2673=VECTOR('',#9017,10.);
#2674=VECTOR('',#9022,10.);
#2675=VECTOR('',#9025,10.);
#2676=VECTOR('',#9026,10.);
#2677=VECTOR('',#9031,10.);
#2678=VECTOR('',#9034,10.);
#2679=VECTOR('',#9045,10.);
#2680=VECTOR('',#9050,10.);
#2681=VECTOR('',#9051,10.);
#2682=VECTOR('',#9052,10.);
#2683=VECTOR('',#9055,10.);
#2684=VECTOR('',#9060,10.);
#2685=VECTOR('',#9065,10.);
#2686=VECTOR('',#9066,10.);
#2687=VECTOR('',#9069,10.);
#2688=VECTOR('',#9074,10.);
#2689=VECTOR('',#9079,10.);
#2690=VECTOR('',#9084,10.);
#2691=VECTOR('',#9085,10.);
#2692=VECTOR('',#9092,10.);
#2693=VECTOR('',#9095,10.);
#2694=VECTOR('',#9098,10.);
#2695=VECTOR('',#9099,10.);
#2696=VECTOR('',#9102,10.);
#2697=VECTOR('',#9105,10.);
#2698=VECTOR('',#9106,10.);
#2699=VECTOR('',#9107,10.);
#2700=VECTOR('',#9110,10.);
#2701=VECTOR('',#9115,10.);
#2702=VECTOR('',#9116,10.);
#2703=VECTOR('',#9123,10.);
#2704=VECTOR('',#9126,10.);
#2705=VECTOR('',#9129,10.);
#2706=VECTOR('',#9130,10.);
#2707=VECTOR('',#9133,10.);
#2708=VECTOR('',#9134,10.);
#2709=VECTOR('',#9135,10.);
#2710=VECTOR('',#9138,10.);
#2711=VECTOR('',#9145,10.);
#2712=VECTOR('',#9146,10.);
#2713=VECTOR('',#9147,10.);
#2714=VECTOR('',#9154,10.);
#2715=VECTOR('',#9157,10.);
#2716=VECTOR('',#9158,10.);
#2717=VECTOR('',#9161,10.);
#2718=VECTOR('',#9162,10.);
#2719=VECTOR('',#9163,10.);
#2720=VECTOR('',#9166,10.);
#2721=VECTOR('',#9171,10.);
#2722=VECTOR('',#9172,10.);
#2723=VECTOR('',#9175,10.);
#2724=VECTOR('',#9180,10.);
#2725=VECTOR('',#9181,10.);
#2726=VECTOR('',#9184,10.);
#2727=VECTOR('',#9189,10.);
#2728=VECTOR('',#9190,10.);
#2729=VECTOR('',#9193,10.);
#2730=VECTOR('',#9198,10.);
#2731=VECTOR('',#9203,10.);
#2732=VECTOR('',#9208,10.);
#2733=VECTOR('',#9209,10.);
#2734=VECTOR('',#9218,10.);
#2735=VECTOR('',#9219,10.);
#2736=VECTOR('',#9220,10.);
#2737=VECTOR('',#9223,10.);
#2738=VECTOR('',#9226,10.);
#2739=VECTOR('',#9227,10.);
#2740=VECTOR('',#9228,10.);
#2741=VECTOR('',#9231,10.);
#2742=VECTOR('',#9234,10.);
#2743=VECTOR('',#9239,10.);
#2744=VECTOR('',#9250,2.25);
#2745=VECTOR('',#9253,1.75);
#2746=VECTOR('',#9262,10.);
#2747=VECTOR('',#9283,1.3);
#2748=VECTOR('',#9286,10.);
#2749=VECTOR('',#9289,1.3);
#2750=VECTOR('',#9292,1.3);
#2751=VECTOR('',#9295,1.3);
#2752=VECTOR('',#9304,1.85);
#2753=VECTOR('',#9309,10.);
#2754=VECTOR('',#9312,10.);
#2755=VECTOR('',#9319,10.);
#2756=VECTOR('',#9322,10.);
#2757=VECTOR('',#9325,10.);
#2758=VECTOR('',#9328,10.);
#2759=VECTOR('',#9331,10.);
#2760=VECTOR('',#9334,10.);
#2761=VECTOR('',#9337,10.);
#2762=VECTOR('',#9346,1.75);
#2763=VECTOR('',#9349,10.);
#2764=VECTOR('',#9350,10.);
#2765=VECTOR('',#9351,10.);
#2766=VECTOR('',#9354,10.);
#2767=VECTOR('',#9359,10.);
#2768=VECTOR('',#9360,10.);
#2769=VECTOR('',#9363,10.);
#2770=VECTOR('',#9368,10.);
#2771=VECTOR('',#9369,10.);
#2772=VECTOR('',#9372,10.);
#2773=VECTOR('',#9377,10.);
#2774=VECTOR('',#9378,10.);
#2775=VECTOR('',#9381,10.);
#2776=VECTOR('',#9386,10.);
#2777=VECTOR('',#9391,10.);
#2778=VECTOR('',#9396,10.);
#2779=VECTOR('',#9397,10.);
#2780=VECTOR('',#9404,10.);
#2781=VECTOR('',#9407,10.);
#2782=VECTOR('',#9410,10.);
#2783=VECTOR('',#9415,10.);
#2784=VECTOR('',#9420,10.);
#2785=VECTOR('',#9421,10.);
#2786=VECTOR('',#9424,10.);
#2787=VECTOR('',#9429,10.);
#2788=VECTOR('',#9430,10.);
#2789=VECTOR('',#9433,10.);
#2790=VECTOR('',#9436,10.);
#2791=VECTOR('',#9441,10.);
#2792=VECTOR('',#9442,10.);
#2793=VECTOR('',#9443,10.);
#2794=VECTOR('',#9446,10.);
#2795=VECTOR('',#9451,10.);
#2796=VECTOR('',#9456,10.);
#2797=VECTOR('',#9461,10.);
#2798=VECTOR('',#9462,10.);
#2799=VECTOR('',#9465,10.);
#2800=VECTOR('',#9470,10.);
#2801=VECTOR('',#9471,10.);
#2802=VECTOR('',#9474,10.);
#2803=VECTOR('',#9481,10.);
#2804=VECTOR('',#9482,10.);
#2805=VECTOR('',#9483,10.);
#2806=VECTOR('',#9486,10.);
#2807=VECTOR('',#9493,10.);
#2808=VECTOR('',#9494,10.);
#2809=VECTOR('',#9497,10.);
#2810=VECTOR('',#9500,10.);
#2811=VECTOR('',#9503,10.);
#2812=VECTOR('',#9504,10.);
#2813=VECTOR('',#9505,10.);
#2814=VECTOR('',#9506,10.);
#2815=VECTOR('',#9507,10.);
#2816=VECTOR('',#9508,10.);
#2817=VECTOR('',#9509,10.);
#2818=VECTOR('',#9510,10.);
#2819=VECTOR('',#9511,10.);
#2820=VECTOR('',#9512,10.);
#2821=VECTOR('',#9513,10.);
#2822=VECTOR('',#9514,10.);
#2823=VECTOR('',#9515,10.);
#2824=VECTOR('',#9516,10.);
#2825=VECTOR('',#9517,10.);
#2826=VECTOR('',#9518,10.);
#2827=VECTOR('',#9519,10.);
#2828=VECTOR('',#9520,10.);
#2829=VECTOR('',#9521,10.);
#2830=VECTOR('',#9522,10.);
#2831=VECTOR('',#9523,10.);
#2832=VECTOR('',#9524,10.);
#2833=VECTOR('',#9525,10.);
#2834=VECTOR('',#9526,10.);
#2835=VECTOR('',#9527,10.);
#2836=VECTOR('',#9528,10.);
#2837=VECTOR('',#9529,10.);
#2838=VECTOR('',#9530,10.);
#2839=VECTOR('',#9533,10.);
#2840=VECTOR('',#9534,10.);
#2841=VECTOR('',#9535,10.);
#2842=VECTOR('',#9536,10.);
#2843=VECTOR('',#9537,10.);
#2844=VECTOR('',#9538,10.);
#2845=VECTOR('',#9539,10.);
#2846=VECTOR('',#9540,10.);
#2847=VECTOR('',#9541,10.);
#2848=VECTOR('',#9542,10.);
#2849=VECTOR('',#9543,10.);
#2850=VECTOR('',#9544,10.);
#2851=VECTOR('',#9545,10.);
#2852=VECTOR('',#9546,10.);
#2853=VECTOR('',#9547,10.);
#2854=VECTOR('',#9548,10.);
#2855=VECTOR('',#9549,10.);
#2856=VECTOR('',#9550,10.);
#2857=VECTOR('',#9551,10.);
#2858=VECTOR('',#9552,10.);
#2859=VECTOR('',#9553,10.);
#2860=VECTOR('',#9554,10.);
#2861=VECTOR('',#9555,10.);
#2862=VECTOR('',#9556,10.);
#2863=VECTOR('',#9559,10.);
#2864=VECTOR('',#9560,10.);
#2865=VECTOR('',#9561,10.);
#2866=VECTOR('',#9564,10.);
#2867=VECTOR('',#9565,10.);
#2868=VECTOR('',#9568,10.);
#2869=VECTOR('',#9569,10.);
#2870=VECTOR('',#9572,10.);
#2871=VECTOR('',#9575,10.);
#2872=VECTOR('',#9576,10.);
#2873=VECTOR('',#9577,10.);
#2874=VECTOR('',#9580,10.);
#2875=VECTOR('',#9581,10.);
#2876=VECTOR('',#9584,10.);
#2877=VECTOR('',#9585,10.);
#2878=VECTOR('',#9586,10.);
#2879=VECTOR('',#9589,10.);
#2880=VECTOR('',#9590,10.);
#2881=VECTOR('',#9593,10.);
#2882=VECTOR('',#9594,10.);
#2883=VECTOR('',#9597,10.);
#2884=VECTOR('',#9600,10.);
#2885=VECTOR('',#9601,10.);
#2886=VECTOR('',#9602,10.);
#2887=VECTOR('',#9605,10.);
#2888=VECTOR('',#9606,10.);
#2889=VECTOR('',#9609,10.);
#2890=VECTOR('',#9610,10.);
#2891=VECTOR('',#9611,10.);
#2892=VECTOR('',#9614,10.);
#2893=VECTOR('',#9615,10.);
#2894=VECTOR('',#9618,10.);
#2895=VECTOR('',#9619,10.);
#2896=VECTOR('',#9622,10.);
#2897=VECTOR('',#9625,10.);
#2898=VECTOR('',#9626,10.);
#2899=VECTOR('',#9627,10.);
#2900=VECTOR('',#9630,10.);
#2901=VECTOR('',#9631,10.);
#2902=VECTOR('',#9634,10.);
#2903=VECTOR('',#9635,10.);
#2904=VECTOR('',#9636,10.);
#2905=VECTOR('',#9639,10.);
#2906=VECTOR('',#9640,10.);
#2907=VECTOR('',#9643,10.);
#2908=VECTOR('',#9644,10.);
#2909=VECTOR('',#9647,10.);
#2910=VECTOR('',#9650,10.);
#2911=VECTOR('',#9651,10.);
#2912=VECTOR('',#9652,10.);
#2913=VECTOR('',#9655,10.);
#2914=VECTOR('',#9656,10.);
#2915=VECTOR('',#9659,10.);
#2916=VECTOR('',#9660,10.);
#2917=VECTOR('',#9661,10.);
#2918=VECTOR('',#9664,10.);
#2919=VECTOR('',#9665,10.);
#2920=VECTOR('',#9668,10.);
#2921=VECTOR('',#9669,10.);
#2922=VECTOR('',#9672,10.);
#2923=VECTOR('',#9675,10.);
#2924=VECTOR('',#9676,10.);
#2925=VECTOR('',#9677,10.);
#2926=VECTOR('',#9680,10.);
#2927=VECTOR('',#9681,10.);
#2928=VECTOR('',#9684,10.);
#2929=VECTOR('',#9685,10.);
#2930=VECTOR('',#9686,10.);
#2931=VECTOR('',#9689,10.);
#2932=VECTOR('',#9690,10.);
#2933=VECTOR('',#9693,10.);
#2934=VECTOR('',#9694,10.);
#2935=VECTOR('',#9697,10.);
#2936=VECTOR('',#9700,10.);
#2937=VECTOR('',#9701,10.);
#2938=VECTOR('',#9702,10.);
#2939=VECTOR('',#9705,10.);
#2940=VECTOR('',#9706,10.);
#2941=VECTOR('',#9709,10.);
#2942=VECTOR('',#9710,10.);
#2943=VECTOR('',#9711,10.);
#2944=VECTOR('',#9714,10.);
#2945=VECTOR('',#9715,10.);
#2946=VECTOR('',#9718,10.);
#2947=VECTOR('',#9719,10.);
#2948=VECTOR('',#9722,10.);
#2949=VECTOR('',#9725,10.);
#2950=VECTOR('',#9726,10.);
#2951=VECTOR('',#9727,10.);
#2952=VECTOR('',#9730,10.);
#2953=VECTOR('',#9731,10.);
#2954=VECTOR('',#9734,10.);
#2955=VECTOR('',#9735,10.);
#2956=VECTOR('',#9736,10.);
#2957=VECTOR('',#9739,10.);
#2958=VECTOR('',#9740,10.);
#2959=VECTOR('',#9743,10.);
#2960=VECTOR('',#9744,10.);
#2961=VECTOR('',#9747,10.);
#2962=VECTOR('',#9750,10.);
#2963=VECTOR('',#9751,10.);
#2964=VECTOR('',#9752,10.);
#2965=VECTOR('',#9755,10.);
#2966=VECTOR('',#9756,10.);
#2967=VECTOR('',#9759,10.);
#2968=VECTOR('',#9760,10.);
#2969=VECTOR('',#9761,10.);
#2970=VECTOR('',#9764,10.);
#2971=VECTOR('',#9765,10.);
#2972=VECTOR('',#9768,10.);
#2973=VECTOR('',#9769,10.);
#2974=VECTOR('',#9772,10.);
#2975=VECTOR('',#9775,10.);
#2976=VECTOR('',#9776,10.);
#2977=VECTOR('',#9777,10.);
#2978=VECTOR('',#9780,10.);
#2979=VECTOR('',#9781,10.);
#2980=VECTOR('',#9784,10.);
#2981=VECTOR('',#9785,10.);
#2982=VECTOR('',#9786,10.);
#2983=VECTOR('',#9789,10.);
#2984=VECTOR('',#9790,10.);
#2985=VECTOR('',#9793,10.);
#2986=VECTOR('',#9794,10.);
#2987=VECTOR('',#9797,10.);
#2988=VECTOR('',#9800,10.);
#2989=VECTOR('',#9801,10.);
#2990=VECTOR('',#9802,10.);
#2991=VECTOR('',#9805,10.);
#2992=VECTOR('',#9806,10.);
#2993=VECTOR('',#9809,10.);
#2994=VECTOR('',#9810,10.);
#2995=VECTOR('',#9811,10.);
#2996=VECTOR('',#9814,10.);
#2997=VECTOR('',#9815,10.);
#2998=VECTOR('',#9818,10.);
#2999=VECTOR('',#9819,10.);
#3000=VECTOR('',#9822,10.);
#3001=VECTOR('',#9825,10.);
#3002=VECTOR('',#9826,10.);
#3003=VECTOR('',#9827,10.);
#3004=VECTOR('',#9830,10.);
#3005=VECTOR('',#9831,10.);
#3006=VECTOR('',#9834,10.);
#3007=VECTOR('',#9835,10.);
#3008=VECTOR('',#9836,10.);
#3009=VECTOR('',#9839,10.);
#3010=VECTOR('',#9840,10.);
#3011=VECTOR('',#9843,10.);
#3012=VECTOR('',#9844,10.);
#3013=VECTOR('',#9847,10.);
#3014=VECTOR('',#9850,10.);
#3015=VECTOR('',#9851,10.);
#3016=VECTOR('',#9852,10.);
#3017=VECTOR('',#9855,10.);
#3018=VECTOR('',#9856,10.);
#3019=VECTOR('',#9859,10.);
#3020=VECTOR('',#9860,10.);
#3021=VECTOR('',#9861,10.);
#3022=VECTOR('',#9864,10.);
#3023=VECTOR('',#9865,10.);
#3024=VECTOR('',#9868,10.);
#3025=VECTOR('',#9869,10.);
#3026=VECTOR('',#9872,10.);
#3027=VECTOR('',#9875,10.);
#3028=VECTOR('',#9876,10.);
#3029=VECTOR('',#9877,10.);
#3030=VECTOR('',#9880,10.);
#3031=VECTOR('',#9881,10.);
#3032=VECTOR('',#9884,1.95);
#3033=VECTOR('',#9887,10.);
#3034=VECTOR('',#9888,10.);
#3035=VECTOR('',#9889,10.);
#3036=VECTOR('',#9890,10.);
#3037=VECTOR('',#9893,10.);
#3038=VECTOR('',#9894,10.);
#3039=VECTOR('',#9895,10.);
#3040=VECTOR('',#9898,10.);
#3041=VECTOR('',#9899,10.);
#3042=VECTOR('',#9900,10.);
#3043=VECTOR('',#9903,10.);
#3044=VECTOR('',#9904,10.);
#3045=VECTOR('',#9905,10.);
#3046=VECTOR('',#9908,10.);
#3047=VECTOR('',#9909,10.);
#3048=VECTOR('',#9910,10.);
#3049=VECTOR('',#9911,10.);
#3050=VECTOR('',#9912,10.);
#3051=VECTOR('',#9913,10.);
#3052=VECTOR('',#9914,10.);
#3053=VECTOR('',#9915,10.);
#3054=VECTOR('',#9916,10.);
#3055=VECTOR('',#9917,10.);
#3056=VECTOR('',#9918,10.);
#3057=VECTOR('',#9919,10.);
#3058=VECTOR('',#9920,10.);
#3059=VECTOR('',#9921,10.);
#3060=VECTOR('',#9922,10.);
#3061=VECTOR('',#9925,10.);
#3062=VECTOR('',#9926,10.);
#3063=VECTOR('',#9929,10.);
#3064=VECTOR('',#9930,10.);
#3065=VECTOR('',#9933,10.);
#3066=VECTOR('',#9934,10.);
#3067=VECTOR('',#9937,10.);
#3068=VECTOR('',#9938,10.);
#3069=VECTOR('',#9939,10.);
#3070=VECTOR('',#9940,10.);
#3071=VECTOR('',#9941,10.);
#3072=VECTOR('',#9942,10.);
#3073=VECTOR('',#9943,10.);
#3074=VECTOR('',#9944,10.);
#3075=VECTOR('',#9945,10.);
#3076=VECTOR('',#9948,10.);
#3077=VECTOR('',#9949,10.);
#3078=VECTOR('',#9952,10.);
#3079=VECTOR('',#9953,10.);
#3080=VECTOR('',#9956,10.);
#3081=VECTOR('',#9957,10.);
#3082=VECTOR('',#9960,10.);
#3083=VECTOR('',#9961,10.);
#3084=VECTOR('',#9964,10.);
#3085=VECTOR('',#9965,10.);
#3086=VECTOR('',#9968,10.);
#3087=VECTOR('',#9969,10.);
#3088=VECTOR('',#9970,10.);
#3089=VECTOR('',#9973,10.);
#3090=VECTOR('',#9974,10.);
#3091=VECTOR('',#9975,10.);
#3092=VECTOR('',#9978,10.);
#3093=VECTOR('',#9979,10.);
#3094=VECTOR('',#9980,10.);
#3095=VECTOR('',#9983,10.);
#3096=VECTOR('',#9984,10.);
#3097=VECTOR('',#9987,10.);
#3098=VECTOR('',#9988,10.);
#3099=VECTOR('',#9991,10.);
#3100=VECTOR('',#9992,10.);
#3101=VECTOR('',#9995,10.);
#3102=VECTOR('',#9998,10.);
#3103=VECTOR('',#9999,10.);
#3104=VECTOR('',#10000,10.);
#3105=VECTOR('',#10003,10.);
#3106=VECTOR('',#10004,10.);
#3107=VECTOR('',#10007,10.);
#3108=VECTOR('',#10008,10.);
#3109=VECTOR('',#10011,10.);
#3110=VECTOR('',#10014,10.);
#3111=VECTOR('',#10015,10.);
#3112=VECTOR('',#10018,10.);
#3113=VECTOR('',#10019,10.);
#3114=VECTOR('',#10022,10.);
#3115=VECTOR('',#10025,10.);
#3116=VECTOR('',#10026,10.);
#3117=VECTOR('',#10029,10.);
#3118=VECTOR('',#10032,10.);
#3119=VECTOR('',#10033,10.);
#3120=VECTOR('',#10036,10.);
#3121=VECTOR('',#10039,10.);
#3122=VECTOR('',#10040,10.);
#3123=VECTOR('',#10043,10.);
#3124=VECTOR('',#10046,10.);
#3125=VECTOR('',#10047,10.);
#3126=VECTOR('',#10050,10.);
#3127=VECTOR('',#10053,10.);
#3128=VECTOR('',#10054,10.);
#3129=VECTOR('',#10057,10.);
#3130=VECTOR('',#10060,10.);
#3131=VECTOR('',#10061,10.);
#3132=VECTOR('',#10064,10.);
#3133=VECTOR('',#10067,10.);
#3134=VECTOR('',#10068,10.);
#3135=VECTOR('',#10071,10.);
#3136=VECTOR('',#10074,10.);
#3137=VECTOR('',#10075,10.);
#3138=VECTOR('',#10078,10.);
#3139=VECTOR('',#10081,10.);
#3140=VECTOR('',#10082,10.);
#3141=VECTOR('',#10085,10.);
#3142=VECTOR('',#10088,10.);
#3143=VECTOR('',#10089,10.);
#3144=VECTOR('',#10092,10.);
#3145=VECTOR('',#10095,10.);
#3146=VECTOR('',#10096,10.);
#3147=VECTOR('',#10099,10.);
#3148=VECTOR('',#10102,10.);
#3149=VECTOR('',#10103,10.);
#3150=VECTOR('',#10106,10.);
#3151=VECTOR('',#10109,10.);
#3152=VECTOR('',#10110,10.);
#3153=VECTOR('',#10113,10.);
#3154=VECTOR('',#10114,10.);
#3155=VECTOR('',#10119,10.);
#3156=VECTOR('',#10122,10.);
#3157=VECTOR('',#10125,10.);
#3158=VECTOR('',#10128,10.);
#3159=VECTOR('',#10131,10.);
#3160=VECTOR('',#10134,10.);
#3161=VECTOR('',#10137,10.);
#3162=VECTOR('',#10142,10.);
#3163=VECTOR('',#10143,10.);
#3164=VECTOR('',#10146,10.);
#3165=VECTOR('',#10149,10.);
#3166=VECTOR('',#10150,10.);
#3167=VECTOR('',#10151,10.);
#3168=VECTOR('',#10158,10.);
#3169=VECTOR('',#10163,10.);
#3170=VECTOR('',#10166,10.);
#3171=VECTOR('',#10167,10.);
#3172=VECTOR('',#10172,10.);
#3173=VECTOR('',#10175,10.);
#3174=VECTOR('',#10176,10.);
#3175=VECTOR('',#10183,10.);
#3176=VECTOR('',#10186,10.);
#3177=VECTOR('',#10189,10.);
#3178=VECTOR('',#10196,10.);
#3179=VECTOR('',#10197,10.);
#3180=VECTOR('',#10200,10.);
#3181=VECTOR('',#10201,10.);
#3182=VECTOR('',#10206,10.);
#3183=VECTOR('',#10209,10.);
#3184=VECTOR('',#10210,10.);
#3185=VECTOR('',#10219,10.);
#3186=VECTOR('',#10222,10.);
#3187=VECTOR('',#10225,10.);
#3188=VECTOR('',#10228,10.);
#3189=VECTOR('',#10231,10.);
#3190=VECTOR('',#10236,10.);
#3191=VECTOR('',#10239,10.);
#3192=VECTOR('',#10242,10.);
#3193=VECTOR('',#10257,10.);
#3194=VECTOR('',#10258,10.);
#3195=VECTOR('',#10263,10.);
#3196=VECTOR('',#10278,10.);
#3197=VECTOR('',#10281,10.);
#3198=VECTOR('',#10284,10.);
#3199=VECTOR('',#10287,10.);
#3200=VECTOR('',#10288,10.);
#3201=VECTOR('',#10293,10.);
#3202=VECTOR('',#10294,10.);
#3203=VECTOR('',#10295,10.);
#3204=VECTOR('',#10298,10.);
#3205=VECTOR('',#10299,10.);
#3206=VECTOR('',#10300,10.);
#3207=VECTOR('',#10301,10.);
#3208=VECTOR('',#10302,10.);
#3209=VECTOR('',#10303,10.);
#3210=VECTOR('',#10304,10.);
#3211=VECTOR('',#10305,10.);
#3212=VECTOR('',#10310,10.);
#3213=VECTOR('',#10313,10.);
#3214=VECTOR('',#10314,10.);
#3215=VECTOR('',#10315,10.);
#3216=VECTOR('',#10318,10.);
#3217=VECTOR('',#10319,10.);
#3218=VECTOR('',#10320,10.);
#3219=VECTOR('',#10323,10.);
#3220=VECTOR('',#10324,10.);
#3221=VECTOR('',#10325,10.);
#3222=VECTOR('',#10330,10.);
#3223=VECTOR('',#10333,10.);
#3224=VECTOR('',#10336,10.);
#3225=VECTOR('',#10339,10.);
#3226=VECTOR('',#10342,10.);
#3227=VECTOR('',#10345,10.);
#3228=VECTOR('',#10348,10.);
#3229=VECTOR('',#10351,10.);
#3230=VECTOR('',#10354,10.);
#3231=VECTOR('',#10357,10.);
#3232=VECTOR('',#10360,10.);
#3233=VECTOR('',#10363,10.);
#3234=VECTOR('',#10370,10.);
#3235=VECTOR('',#10377,10.);
#3236=VECTOR('',#10380,10.);
#3237=VECTOR('',#10383,10.);
#3238=VECTOR('',#10384,10.);
#3239=VECTOR('',#10387,10.);
#3240=VECTOR('',#10390,10.);
#3241=VECTOR('',#10393,10.);
#3242=VECTOR('',#10404,10.);
#3243=VECTOR('',#10407,10.);
#3244=VECTOR('',#10412,10.);
#3245=VECTOR('',#10413,10.);
#3246=VECTOR('',#10414,10.);
#3247=VECTOR('',#10417,10.);
#3248=VECTOR('',#10424,10.);
#3249=VECTOR('',#10425,10.);
#3250=VECTOR('',#10426,10.);
#3251=VECTOR('',#10429,10.);
#3252=VECTOR('',#10436,10.);
#3253=VECTOR('',#10437,10.);
#3254=VECTOR('',#10440,10.);
#3255=VECTOR('',#10443,10.);
#3256=VECTOR('',#10446,10.);
#3257=VECTOR('',#10447,10.);
#3258=VECTOR('',#10450,10.);
#3259=VECTOR('',#10455,10.);
#3260=VECTOR('',#10460,10.);
#3261=VECTOR('',#10461,10.);
#3262=VECTOR('',#10462,10.);
#3263=VECTOR('',#10467,10.);
#3264=VECTOR('',#10468,10.);
#3265=VECTOR('',#10469,10.);
#3266=VECTOR('',#10474,10.);
#3267=VECTOR('',#10475,10.);
#3268=VECTOR('',#10476,10.);
#3269=VECTOR('',#10481,10.);
#3270=VECTOR('',#10482,10.);
#3271=VECTOR('',#10483,10.);
#3272=VECTOR('',#10486,10.);
#3273=VECTOR('',#10489,10.);
#3274=VECTOR('',#10492,10.);
#3275=VECTOR('',#10495,10.);
#3276=VECTOR('',#10498,10.);
#3277=VECTOR('',#10509,10.);
#3278=VECTOR('',#10512,10.);
#3279=VECTOR('',#10515,10.);
#3280=VECTOR('',#10520,10.);
#3281=VECTOR('',#10521,10.);
#3282=VECTOR('',#10522,10.);
#3283=VECTOR('',#10525,10.);
#3284=VECTOR('',#10530,10.);
#3285=VECTOR('',#10531,10.);
#3286=VECTOR('',#10534,10.);
#3287=VECTOR('',#10539,10.);
#3288=VECTOR('',#10540,10.);
#3289=VECTOR('',#10547,10.);
#3290=VECTOR('',#10548,10.);
#3291=VECTOR('',#10549,10.);
#3292=VECTOR('',#10552,10.);
#3293=VECTOR('',#10557,10.);
#3294=VECTOR('',#10558,10.);
#3295=VECTOR('',#10561,10.);
#3296=VECTOR('',#10562,10.);
#3297=VECTOR('',#10563,10.);
#3298=VECTOR('',#10566,10.);
#3299=VECTOR('',#10571,10.);
#3300=VECTOR('',#10572,10.);
#3301=VECTOR('',#10575,10.);
#3302=VECTOR('',#10580,10.);
#3303=VECTOR('',#10581,10.);
#3304=VECTOR('',#10588,10.);
#3305=VECTOR('',#10589,10.);
#3306=VECTOR('',#10590,10.);
#3307=VECTOR('',#10593,10.);
#3308=VECTOR('',#10598,10.);
#3309=VECTOR('',#10599,10.);
#3310=VECTOR('',#10602,10.);
#3311=VECTOR('',#10603,10.);
#3312=VECTOR('',#10604,10.);
#3313=VECTOR('',#10607,10.);
#3314=VECTOR('',#10612,10.);
#3315=VECTOR('',#10613,10.);
#3316=VECTOR('',#10616,10.);
#3317=VECTOR('',#10621,10.);
#3318=VECTOR('',#10622,10.);
#3319=VECTOR('',#10629,10.);
#3320=VECTOR('',#10630,10.);
#3321=VECTOR('',#10631,10.);
#3322=VECTOR('',#10634,10.);
#3323=VECTOR('',#10639,10.);
#3324=VECTOR('',#10640,10.);
#3325=VECTOR('',#10643,10.);
#3326=VECTOR('',#10644,10.);
#3327=VECTOR('',#10645,10.);
#3328=VECTOR('',#10648,10.);
#3329=VECTOR('',#10649,10.);
#3330=VECTOR('',#10652,10.);
#3331=VECTOR('',#10653,10.);
#3332=VECTOR('',#10656,10.);
#3333=VECTOR('',#10661,10.);
#3334=VECTOR('',#10666,10.);
#3335=VECTOR('',#10667,10.);
#3336=VECTOR('',#10670,10.);
#3337=VECTOR('',#10671,10.);
#3338=VECTOR('',#10674,10.);
#3339=VECTOR('',#10675,10.);
#3340=VECTOR('',#10676,10.);
#3341=VECTOR('',#10681,10.);
#3342=VECTOR('',#10686,10.);
#3343=VECTOR('',#10689,10.);
#3344=VECTOR('',#10692,10.);
#3345=VECTOR('',#10693,10.);
#3346=VECTOR('',#10696,10.);
#3347=VECTOR('',#10697,10.);
#3348=VECTOR('',#10700,10.);
#3349=VECTOR('',#10705,10.);
#3350=VECTOR('',#10710,10.);
#3351=VECTOR('',#10711,10.);
#3352=VECTOR('',#10714,10.);
#3353=VECTOR('',#10719,10.);
#3354=VECTOR('',#10724,10.);
#3355=VECTOR('',#10727,10.);
#3356=VECTOR('',#10730,10.);
#3357=VECTOR('',#10731,10.);
#3358=VECTOR('',#10732,10.);
#3359=VECTOR('',#10735,10.);
#3360=VECTOR('',#10736,10.);
#3361=VECTOR('',#10739,10.);
#3362=VECTOR('',#10742,10.);
#3363=VECTOR('',#10747,10.);
#3364=VECTOR('',#10748,10.);
#3365=VECTOR('',#10751,10.);
#3366=VECTOR('',#10752,10.);
#3367=VECTOR('',#10755,10.);
#3368=VECTOR('',#10756,10.);
#3369=VECTOR('',#10759,10.);
#3370=VECTOR('',#10764,10.);
#3371=VECTOR('',#10767,10.);
#3372=VECTOR('',#10768,10.);
#3373=VECTOR('',#10777,10.);
#3374=VECTOR('',#10778,10.);
#3375=VECTOR('',#10783,10.);
#3376=VECTOR('',#10792,10.);
#3377=VECTOR('',#10795,10.);
#3378=VECTOR('',#10798,10.);
#3379=VECTOR('',#10799,10.);
#3380=VECTOR('',#10802,10.);
#3381=VECTOR('',#10803,10.);
#3382=VECTOR('',#10804,10.);
#3383=VECTOR('',#10807,10.);
#3384=VECTOR('',#10810,10.);
#3385=VECTOR('',#10813,10.);
#3386=VECTOR('',#10816,10.);
#3387=VECTOR('',#10817,10.);
#3388=VECTOR('',#10824,10.);
#3389=VECTOR('',#10827,10.);
#3390=VECTOR('',#10828,10.);
#3391=VECTOR('',#10831,10.);
#3392=VECTOR('',#10836,10.);
#3393=VECTOR('',#10837,10.);
#3394=VECTOR('',#10842,10.);
#3395=VECTOR('',#10845,10.);
#3396=VECTOR('',#10850,10.);
#3397=VECTOR('',#10851,10.);
#3398=VECTOR('',#10856,10.);
#3399=VECTOR('',#10857,10.);
#3400=VECTOR('',#10858,10.);
#3401=VECTOR('',#10863,10.);
#3402=VECTOR('',#10866,10.);
#3403=VECTOR('',#10869,10.);
#3404=VECTOR('',#10872,10.);
#3405=VECTOR('',#10879,10.);
#3406=VECTOR('',#10882,10.);
#3407=VECTOR('',#10885,10.);
#3408=VECTOR('',#10886,10.);
#3409=VECTOR('',#10887,10.);
#3410=VECTOR('',#10892,10.);
#3411=VECTOR('',#10895,10.);
#3412=VECTOR('',#10898,10.);
#3413=VECTOR('',#10901,10.);
#3414=VECTOR('',#10908,10.);
#3415=VECTOR('',#10911,10.);
#3416=VECTOR('',#10916,10.);
#3417=VECTOR('',#10917,10.);
#3418=VECTOR('',#10918,10.);
#3419=VECTOR('',#10921,10.);
#3420=VECTOR('',#10922,10.);
#3421=VECTOR('',#10933,10.);
#3422=VECTOR('',#10948,10.);
#3423=VECTOR('',#10957,10.);
#3424=VECTOR('',#10964,10.);
#3425=VECTOR('',#10967,10.);
#3426=VECTOR('',#10970,10.);
#3427=VECTOR('',#10971,10.);
#3428=VECTOR('',#10974,10.);
#3429=VECTOR('',#10977,2.25);
#3430=VECTOR('',#10980,2.25);
#3431=VECTOR('',#10983,10.);
#3432=VECTOR('',#10986,10.);
#3433=VECTOR('',#10995,2.25);
#3434=VECTOR('',#11002,2.25);
#3435=VERTEX_POINT('',#11016);
#3436=VERTEX_POINT('',#11017);
#3437=VERTEX_POINT('',#11019);
#3438=VERTEX_POINT('',#11021);
#3439=VERTEX_POINT('',#11025);
#3440=VERTEX_POINT('',#11026);
#3441=VERTEX_POINT('',#11031);
#3442=VERTEX_POINT('',#11032);
#3443=VERTEX_POINT('',#11040);
#3444=VERTEX_POINT('',#11042);
#3445=VERTEX_POINT('',#11046);
#3446=VERTEX_POINT('',#11050);
#3447=VERTEX_POINT('',#11051);
#3448=VERTEX_POINT('',#11053);
#3449=VERTEX_POINT('',#11055);
#3450=VERTEX_POINT('',#11058);
#3451=VERTEX_POINT('',#11059);
#3452=VERTEX_POINT('',#11061);
#3453=VERTEX_POINT('',#11063);
#3454=VERTEX_POINT('',#11066);
#3455=VERTEX_POINT('',#11067);
#3456=VERTEX_POINT('',#11069);
#3457=VERTEX_POINT('',#11071);
#3458=VERTEX_POINT('',#11075);
#3459=VERTEX_POINT('',#11077);
#3460=VERTEX_POINT('',#11081);
#3461=VERTEX_POINT('',#11082);
#3462=VERTEX_POINT('',#11087);
#3463=VERTEX_POINT('',#11096);
#3464=VERTEX_POINT('',#11097);
#3465=VERTEX_POINT('',#11099);
#3466=VERTEX_POINT('',#11101);
#3467=VERTEX_POINT('',#11106);
#3468=VERTEX_POINT('',#11108);
#3469=VERTEX_POINT('',#11112);
#3470=VERTEX_POINT('',#11116);
#3471=VERTEX_POINT('',#11119);
#3472=VERTEX_POINT('',#11121);
#3473=VERTEX_POINT('',#11125);
#3474=VERTEX_POINT('',#11129);
#3475=VERTEX_POINT('',#11132);
#3476=VERTEX_POINT('',#11134);
#3477=VERTEX_POINT('',#11138);
#3478=VERTEX_POINT('',#11142);
#3479=VERTEX_POINT('',#11145);
#3480=VERTEX_POINT('',#11147);
#3481=VERTEX_POINT('',#11151);
#3482=VERTEX_POINT('',#11155);
#3483=VERTEX_POINT('',#11158);
#3484=VERTEX_POINT('',#11159);
#3485=VERTEX_POINT('',#11161);
#3486=VERTEX_POINT('',#11163);
#3487=VERTEX_POINT('',#11165);
#3488=VERTEX_POINT('',#11169);
#3489=VERTEX_POINT('',#11170);
#3490=VERTEX_POINT('',#11175);
#3491=VERTEX_POINT('',#11176);
#3492=VERTEX_POINT('',#11179);
#3493=VERTEX_POINT('',#11183);
#3494=VERTEX_POINT('',#11185);
#3495=VERTEX_POINT('',#11190);
#3496=VERTEX_POINT('',#11192);
#3497=VERTEX_POINT('',#11196);
#3498=VERTEX_POINT('',#11198);
#3499=VERTEX_POINT('',#11200);
#3500=VERTEX_POINT('',#11204);
#3501=VERTEX_POINT('',#11206);
#3502=VERTEX_POINT('',#11208);
#3503=VERTEX_POINT('',#11210);
#3504=VERTEX_POINT('',#11212);
#3505=VERTEX_POINT('',#11214);
#3506=VERTEX_POINT('',#11216);
#3507=VERTEX_POINT('',#11218);
#3508=VERTEX_POINT('',#11220);
#3509=VERTEX_POINT('',#11222);
#3510=VERTEX_POINT('',#11224);
#3511=VERTEX_POINT('',#11226);
#3512=VERTEX_POINT('',#11228);
#3513=VERTEX_POINT('',#11230);
#3514=VERTEX_POINT('',#11232);
#3515=VERTEX_POINT('',#11234);
#3516=VERTEX_POINT('',#11236);
#3517=VERTEX_POINT('',#11239);
#3518=VERTEX_POINT('',#11242);
#3519=VERTEX_POINT('',#11244);
#3520=VERTEX_POINT('',#11248);
#3521=VERTEX_POINT('',#11250);
#3522=VERTEX_POINT('',#11255);
#3523=VERTEX_POINT('',#11257);
#3524=VERTEX_POINT('',#11261);
#3525=VERTEX_POINT('',#11263);
#3526=VERTEX_POINT('',#11269);
#3527=VERTEX_POINT('',#11270);
#3528=VERTEX_POINT('',#11278);
#3529=VERTEX_POINT('',#11280);
#3530=VERTEX_POINT('',#11284);
#3531=VERTEX_POINT('',#11288);
#3532=VERTEX_POINT('',#11292);
#3533=VERTEX_POINT('',#11296);
#3534=VERTEX_POINT('',#11300);
#3535=VERTEX_POINT('',#11304);
#3536=VERTEX_POINT('',#11308);
#3537=VERTEX_POINT('',#11312);
#3538=VERTEX_POINT('',#11325);
#3539=VERTEX_POINT('',#11329);
#3540=VERTEX_POINT('',#11332);
#3541=VERTEX_POINT('',#11333);
#3542=VERTEX_POINT('',#11335);
#3543=VERTEX_POINT('',#11337);
#3544=VERTEX_POINT('',#11341);
#3545=VERTEX_POINT('',#11345);
#3546=VERTEX_POINT('',#11349);
#3547=VERTEX_POINT('',#11353);
#3548=VERTEX_POINT('',#11357);
#3549=VERTEX_POINT('',#11361);
#3550=VERTEX_POINT('',#11371);
#3551=VERTEX_POINT('',#11377);
#3552=VERTEX_POINT('',#11379);
#3553=VERTEX_POINT('',#11383);
#3554=VERTEX_POINT('',#11387);
#3555=VERTEX_POINT('',#11393);
#3556=VERTEX_POINT('',#11395);
#3557=VERTEX_POINT('',#11399);
#3558=VERTEX_POINT('',#11403);
#3559=VERTEX_POINT('',#11405);
#3560=VERTEX_POINT('',#11409);
#3561=VERTEX_POINT('',#11410);
#3562=VERTEX_POINT('',#11415);
#3563=VERTEX_POINT('',#11424);
#3564=VERTEX_POINT('',#11428);
#3565=VERTEX_POINT('',#11430);
#3566=VERTEX_POINT('',#11434);
#3567=VERTEX_POINT('',#11438);
#3568=VERTEX_POINT('',#11442);
#3569=VERTEX_POINT('',#11446);
#3570=VERTEX_POINT('',#11450);
#3571=VERTEX_POINT('',#11454);
#3572=VERTEX_POINT('',#11458);
#3573=VERTEX_POINT('',#11462);
#3574=VERTEX_POINT('',#11466);
#3575=VERTEX_POINT('',#11470);
#3576=VERTEX_POINT('',#11477);
#3577=VERTEX_POINT('',#11479);
#3578=VERTEX_POINT('',#11485);
#3579=VERTEX_POINT('',#11487);
#3580=VERTEX_POINT('',#11499);
#3581=VERTEX_POINT('',#11501);
#3582=VERTEX_POINT('',#11506);
#3583=VERTEX_POINT('',#11515);
#3584=VERTEX_POINT('',#11518);
#3585=VERTEX_POINT('',#11521);
#3586=VERTEX_POINT('',#11524);
#3587=VERTEX_POINT('',#11539);
#3588=VERTEX_POINT('',#11541);
#3589=VERTEX_POINT('',#11545);
#3590=VERTEX_POINT('',#11546);
#3591=VERTEX_POINT('',#11548);
#3592=VERTEX_POINT('',#11550);
#3593=VERTEX_POINT('',#11552);
#3594=VERTEX_POINT('',#11554);
#3595=VERTEX_POINT('',#11556);
#3596=VERTEX_POINT('',#11558);
#3597=VERTEX_POINT('',#11560);
#3598=VERTEX_POINT('',#11562);
#3599=VERTEX_POINT('',#11564);
#3600=VERTEX_POINT('',#11566);
#3601=VERTEX_POINT('',#11569);
#3602=VERTEX_POINT('',#11570);
#3603=VERTEX_POINT('',#11572);
#3604=VERTEX_POINT('',#11574);
#3605=VERTEX_POINT('',#11576);
#3606=VERTEX_POINT('',#11578);
#3607=VERTEX_POINT('',#11580);
#3608=VERTEX_POINT('',#11582);
#3609=VERTEX_POINT('',#11586);
#3610=VERTEX_POINT('',#11587);
#3611=VERTEX_POINT('',#11592);
#3612=VERTEX_POINT('',#11594);
#3613=VERTEX_POINT('',#11598);
#3614=VERTEX_POINT('',#11602);
#3615=VERTEX_POINT('',#11606);
#3616=VERTEX_POINT('',#11610);
#3617=VERTEX_POINT('',#11614);
#3618=VERTEX_POINT('',#11618);
#3619=VERTEX_POINT('',#11622);
#3620=VERTEX_POINT('',#11626);
#3621=VERTEX_POINT('',#11630);
#3622=VERTEX_POINT('',#11634);
#3623=VERTEX_POINT('',#11640);
#3624=VERTEX_POINT('',#11642);
#3625=VERTEX_POINT('',#11646);
#3626=VERTEX_POINT('',#11650);
#3627=VERTEX_POINT('',#11654);
#3628=VERTEX_POINT('',#11658);
#3629=VERTEX_POINT('',#11662);
#3630=VERTEX_POINT('',#11666);
#3631=VERTEX_POINT('',#11667);
#3632=VERTEX_POINT('',#11669);
#3633=VERTEX_POINT('',#11671);
#3634=VERTEX_POINT('',#11675);
#3635=VERTEX_POINT('',#11680);
#3636=VERTEX_POINT('',#11684);
#3637=VERTEX_POINT('',#11688);
#3638=VERTEX_POINT('',#11692);
#3639=VERTEX_POINT('',#11696);
#3640=VERTEX_POINT('',#11700);
#3641=VERTEX_POINT('',#11704);
#3642=VERTEX_POINT('',#11705);
#3643=VERTEX_POINT('',#11710);
#3644=VERTEX_POINT('',#11711);
#3645=VERTEX_POINT('',#11716);
#3646=VERTEX_POINT('',#11717);
#3647=VERTEX_POINT('',#11729);
#3648=VERTEX_POINT('',#11730);
#3649=VERTEX_POINT('',#11732);
#3650=VERTEX_POINT('',#11734);
#3651=VERTEX_POINT('',#11737);
#3652=VERTEX_POINT('',#11738);
#3653=VERTEX_POINT('',#11740);
#3654=VERTEX_POINT('',#11742);
#3655=VERTEX_POINT('',#11745);
#3656=VERTEX_POINT('',#11746);
#3657=VERTEX_POINT('',#11748);
#3658=VERTEX_POINT('',#11750);
#3659=VERTEX_POINT('',#11753);
#3660=VERTEX_POINT('',#11754);
#3661=VERTEX_POINT('',#11756);
#3662=VERTEX_POINT('',#11758);
#3663=VERTEX_POINT('',#11761);
#3664=VERTEX_POINT('',#11762);
#3665=VERTEX_POINT('',#11764);
#3666=VERTEX_POINT('',#11766);
#3667=VERTEX_POINT('',#11769);
#3668=VERTEX_POINT('',#11770);
#3669=VERTEX_POINT('',#11772);
#3670=VERTEX_POINT('',#11774);
#3671=VERTEX_POINT('',#11777);
#3672=VERTEX_POINT('',#11778);
#3673=VERTEX_POINT('',#11780);
#3674=VERTEX_POINT('',#11782);
#3675=VERTEX_POINT('',#11785);
#3676=VERTEX_POINT('',#11787);
#3677=VERTEX_POINT('',#11788);
#3678=VERTEX_POINT('',#11790);
#3679=VERTEX_POINT('',#11792);
#3680=VERTEX_POINT('',#11795);
#3681=VERTEX_POINT('',#11796);
#3682=VERTEX_POINT('',#11798);
#3683=VERTEX_POINT('',#11800);
#3684=VERTEX_POINT('',#11803);
#3685=VERTEX_POINT('',#11804);
#3686=VERTEX_POINT('',#11806);
#3687=VERTEX_POINT('',#11808);
#3688=VERTEX_POINT('',#11811);
#3689=VERTEX_POINT('',#11812);
#3690=VERTEX_POINT('',#11814);
#3691=VERTEX_POINT('',#11816);
#3692=VERTEX_POINT('',#11819);
#3693=VERTEX_POINT('',#11820);
#3694=VERTEX_POINT('',#11822);
#3695=VERTEX_POINT('',#11824);
#3696=VERTEX_POINT('',#11827);
#3697=VERTEX_POINT('',#11828);
#3698=VERTEX_POINT('',#11830);
#3699=VERTEX_POINT('',#11832);
#3700=VERTEX_POINT('',#11836);
#3701=VERTEX_POINT('',#11838);
#3702=VERTEX_POINT('',#11842);
#3703=VERTEX_POINT('',#11846);
#3704=VERTEX_POINT('',#11852);
#3705=VERTEX_POINT('',#11854);
#3706=VERTEX_POINT('',#11858);
#3707=VERTEX_POINT('',#11862);
#3708=VERTEX_POINT('',#11864);
#3709=VERTEX_POINT('',#11868);
#3710=VERTEX_POINT('',#11872);
#3711=VERTEX_POINT('',#11878);
#3712=VERTEX_POINT('',#11880);
#3713=VERTEX_POINT('',#11884);
#3714=VERTEX_POINT('',#11888);
#3715=VERTEX_POINT('',#11890);
#3716=VERTEX_POINT('',#11894);
#3717=VERTEX_POINT('',#11898);
#3718=VERTEX_POINT('',#11904);
#3719=VERTEX_POINT('',#11906);
#3720=VERTEX_POINT('',#11910);
#3721=VERTEX_POINT('',#11914);
#3722=VERTEX_POINT('',#11916);
#3723=VERTEX_POINT('',#11920);
#3724=VERTEX_POINT('',#11924);
#3725=VERTEX_POINT('',#11930);
#3726=VERTEX_POINT('',#11932);
#3727=VERTEX_POINT('',#11936);
#3728=VERTEX_POINT('',#11940);
#3729=VERTEX_POINT('',#11942);
#3730=VERTEX_POINT('',#11946);
#3731=VERTEX_POINT('',#11950);
#3732=VERTEX_POINT('',#11956);
#3733=VERTEX_POINT('',#11958);
#3734=VERTEX_POINT('',#11962);
#3735=VERTEX_POINT('',#11966);
#3736=VERTEX_POINT('',#11968);
#3737=VERTEX_POINT('',#11972);
#3738=VERTEX_POINT('',#11976);
#3739=VERTEX_POINT('',#11982);
#3740=VERTEX_POINT('',#11984);
#3741=VERTEX_POINT('',#11988);
#3742=VERTEX_POINT('',#11992);
#3743=VERTEX_POINT('',#11994);
#3744=VERTEX_POINT('',#11998);
#3745=VERTEX_POINT('',#12002);
#3746=VERTEX_POINT('',#12008);
#3747=VERTEX_POINT('',#12010);
#3748=VERTEX_POINT('',#12014);
#3749=VERTEX_POINT('',#12018);
#3750=VERTEX_POINT('',#12020);
#3751=VERTEX_POINT('',#12024);
#3752=VERTEX_POINT('',#12028);
#3753=VERTEX_POINT('',#12034);
#3754=VERTEX_POINT('',#12036);
#3755=VERTEX_POINT('',#12040);
#3756=VERTEX_POINT('',#12044);
#3757=VERTEX_POINT('',#12046);
#3758=VERTEX_POINT('',#12050);
#3759=VERTEX_POINT('',#12054);
#3760=VERTEX_POINT('',#12060);
#3761=VERTEX_POINT('',#12062);
#3762=VERTEX_POINT('',#12066);
#3763=VERTEX_POINT('',#12070);
#3764=VERTEX_POINT('',#12072);
#3765=VERTEX_POINT('',#12076);
#3766=VERTEX_POINT('',#12080);
#3767=VERTEX_POINT('',#12086);
#3768=VERTEX_POINT('',#12088);
#3769=VERTEX_POINT('',#12092);
#3770=VERTEX_POINT('',#12096);
#3771=VERTEX_POINT('',#12098);
#3772=VERTEX_POINT('',#12102);
#3773=VERTEX_POINT('',#12106);
#3774=VERTEX_POINT('',#12112);
#3775=VERTEX_POINT('',#12114);
#3776=VERTEX_POINT('',#12118);
#3777=VERTEX_POINT('',#12122);
#3778=VERTEX_POINT('',#12124);
#3779=VERTEX_POINT('',#12128);
#3780=VERTEX_POINT('',#12132);
#3781=VERTEX_POINT('',#12138);
#3782=VERTEX_POINT('',#12140);
#3783=VERTEX_POINT('',#12144);
#3784=VERTEX_POINT('',#12148);
#3785=VERTEX_POINT('',#12150);
#3786=VERTEX_POINT('',#12154);
#3787=VERTEX_POINT('',#12158);
#3788=VERTEX_POINT('',#12164);
#3789=VERTEX_POINT('',#12166);
#3790=VERTEX_POINT('',#12170);
#3791=VERTEX_POINT('',#12176);
#3792=VERTEX_POINT('',#12177);
#3793=VERTEX_POINT('',#12179);
#3794=VERTEX_POINT('',#12181);
#3795=VERTEX_POINT('',#12185);
#3796=VERTEX_POINT('',#12187);
#3797=VERTEX_POINT('',#12191);
#3798=VERTEX_POINT('',#12193);
#3799=VERTEX_POINT('',#12197);
#3800=VERTEX_POINT('',#12199);
#3801=VERTEX_POINT('',#12203);
#3802=VERTEX_POINT('',#12205);
#3803=VERTEX_POINT('',#12207);
#3804=VERTEX_POINT('',#12209);
#3805=VERTEX_POINT('',#12211);
#3806=VERTEX_POINT('',#12213);
#3807=VERTEX_POINT('',#12215);
#3808=VERTEX_POINT('',#12217);
#3809=VERTEX_POINT('',#12219);
#3810=VERTEX_POINT('',#12221);
#3811=VERTEX_POINT('',#12223);
#3812=VERTEX_POINT('',#12225);
#3813=VERTEX_POINT('',#12227);
#3814=VERTEX_POINT('',#12229);
#3815=VERTEX_POINT('',#12233);
#3816=VERTEX_POINT('',#12237);
#3817=VERTEX_POINT('',#12241);
#3818=VERTEX_POINT('',#12245);
#3819=VERTEX_POINT('',#12248);
#3820=VERTEX_POINT('',#12250);
#3821=VERTEX_POINT('',#12252);
#3822=VERTEX_POINT('',#12254);
#3823=VERTEX_POINT('',#12256);
#3824=VERTEX_POINT('',#12258);
#3825=VERTEX_POINT('',#12262);
#3826=VERTEX_POINT('',#12266);
#3827=VERTEX_POINT('',#12270);
#3828=VERTEX_POINT('',#12274);
#3829=VERTEX_POINT('',#12278);
#3830=VERTEX_POINT('',#12282);
#3831=VERTEX_POINT('',#12284);
#3832=VERTEX_POINT('',#12288);
#3833=VERTEX_POINT('',#12290);
#3834=VERTEX_POINT('',#12295);
#3835=VERTEX_POINT('',#12299);
#3836=VERTEX_POINT('',#12303);
#3837=VERTEX_POINT('',#12307);
#3838=VERTEX_POINT('',#12313);
#3839=VERTEX_POINT('',#12315);
#3840=VERTEX_POINT('',#12319);
#3841=VERTEX_POINT('',#12323);
#3842=VERTEX_POINT('',#12329);
#3843=VERTEX_POINT('',#12333);
#3844=VERTEX_POINT('',#12339);
#3845=VERTEX_POINT('',#12345);
#3846=VERTEX_POINT('',#12351);
#3847=VERTEX_POINT('',#12357);
#3848=VERTEX_POINT('',#12363);
#3849=VERTEX_POINT('',#12369);
#3850=VERTEX_POINT('',#12375);
#3851=VERTEX_POINT('',#12381);
#3852=VERTEX_POINT('',#12387);
#3853=VERTEX_POINT('',#12393);
#3854=VERTEX_POINT('',#12399);
#3855=VERTEX_POINT('',#12405);
#3856=VERTEX_POINT('',#12411);
#3857=VERTEX_POINT('',#12415);
#3858=VERTEX_POINT('',#12419);
#3859=VERTEX_POINT('',#12421);
#3860=VERTEX_POINT('',#12423);
#3861=VERTEX_POINT('',#12425);
#3862=VERTEX_POINT('',#12427);
#3863=VERTEX_POINT('',#12429);
#3864=VERTEX_POINT('',#12432);
#3865=VERTEX_POINT('',#12434);
#3866=VERTEX_POINT('',#12436);
#3867=VERTEX_POINT('',#12438);
#3868=VERTEX_POINT('',#12440);
#3869=VERTEX_POINT('',#12442);
#3870=VERTEX_POINT('',#12444);
#3871=VERTEX_POINT('',#12448);
#3872=VERTEX_POINT('',#12454);
#3873=VERTEX_POINT('',#12456);
#3874=VERTEX_POINT('',#12464);
#3875=VERTEX_POINT('',#12468);
#3876=VERTEX_POINT('',#12472);
#3877=VERTEX_POINT('',#12476);
#3878=VERTEX_POINT('',#12489);
#3879=VERTEX_POINT('',#12490);
#3880=VERTEX_POINT('',#12495);
#3881=VERTEX_POINT('',#12499);
#3882=VERTEX_POINT('',#12503);
#3883=VERTEX_POINT('',#12509);
#3884=VERTEX_POINT('',#12531);
#3885=VERTEX_POINT('',#12532);
#3886=VERTEX_POINT('',#12541);
#3887=VERTEX_POINT('',#12543);
#3888=VERTEX_POINT('',#12550);
#3889=VERTEX_POINT('',#12552);
#3890=VERTEX_POINT('',#12556);
#3891=VERTEX_POINT('',#12567);
#3892=VERTEX_POINT('',#12571);
#3893=VERTEX_POINT('',#12572);
#3894=VERTEX_POINT('',#12577);
#3895=VERTEX_POINT('',#12579);
#3896=VERTEX_POINT('',#12590);
#3897=VERTEX_POINT('',#12601);
#3898=VERTEX_POINT('',#12606);
#3899=VERTEX_POINT('',#12608);
#3900=VERTEX_POINT('',#12612);
#3901=VERTEX_POINT('',#12614);
#3902=VERTEX_POINT('',#12618);
#3903=VERTEX_POINT('',#12620);
#3904=VERTEX_POINT('',#12631);
#3905=VERTEX_POINT('',#12635);
#3906=VERTEX_POINT('',#12637);
#3907=VERTEX_POINT('',#12648);
#3908=VERTEX_POINT('',#12652);
#3909=VERTEX_POINT('',#12653);
#3910=VERTEX_POINT('',#12655);
#3911=VERTEX_POINT('',#12657);
#3912=VERTEX_POINT('',#12659);
#3913=VERTEX_POINT('',#12661);
#3914=VERTEX_POINT('',#12663);
#3915=VERTEX_POINT('',#12665);
#3916=VERTEX_POINT('',#12671);
#3917=VERTEX_POINT('',#12673);
#3918=VERTEX_POINT('',#12675);
#3919=VERTEX_POINT('',#12677);
#3920=VERTEX_POINT('',#12679);
#3921=VERTEX_POINT('',#12681);
#3922=VERTEX_POINT('',#12683);
#3923=VERTEX_POINT('',#12685);
#3924=VERTEX_POINT('',#12687);
#3925=VERTEX_POINT('',#12689);
#3926=VERTEX_POINT('',#12691);
#3927=VERTEX_POINT('',#12693);
#3928=VERTEX_POINT('',#12697);
#3929=VERTEX_POINT('',#12698);
#3930=VERTEX_POINT('',#12700);
#3931=VERTEX_POINT('',#12702);
#3932=VERTEX_POINT('',#12704);
#3933=VERTEX_POINT('',#12706);
#3934=VERTEX_POINT('',#12709);
#3935=VERTEX_POINT('',#12710);
#3936=VERTEX_POINT('',#12712);
#3937=VERTEX_POINT('',#12714);
#3938=VERTEX_POINT('',#12716);
#3939=VERTEX_POINT('',#12718);
#3940=VERTEX_POINT('',#12721);
#3941=VERTEX_POINT('',#12722);
#3942=VERTEX_POINT('',#12724);
#3943=VERTEX_POINT('',#12726);
#3944=VERTEX_POINT('',#12728);
#3945=VERTEX_POINT('',#12730);
#3946=VERTEX_POINT('',#12733);
#3947=VERTEX_POINT('',#12734);
#3948=VERTEX_POINT('',#12736);
#3949=VERTEX_POINT('',#12738);
#3950=VERTEX_POINT('',#12740);
#3951=VERTEX_POINT('',#12742);
#3952=VERTEX_POINT('',#12747);
#3953=VERTEX_POINT('',#12752);
#3954=VERTEX_POINT('',#12756);
#3955=VERTEX_POINT('',#12760);
#3956=VERTEX_POINT('',#12762);
#3957=VERTEX_POINT('',#12767);
#3958=VERTEX_POINT('',#12770);
#3959=VERTEX_POINT('',#12772);
#3960=VERTEX_POINT('',#12780);
#3961=VERTEX_POINT('',#12781);
#3962=VERTEX_POINT('',#12783);
#3963=VERTEX_POINT('',#12785);
#3964=VERTEX_POINT('',#12789);
#3965=VERTEX_POINT('',#12790);
#3966=VERTEX_POINT('',#12795);
#3967=VERTEX_POINT('',#12796);
#3968=VERTEX_POINT('',#12801);
#3969=VERTEX_POINT('',#12802);
#3970=VERTEX_POINT('',#12807);
#3971=VERTEX_POINT('',#12808);
#3972=VERTEX_POINT('',#12816);
#3973=VERTEX_POINT('',#12818);
#3974=VERTEX_POINT('',#12822);
#3975=VERTEX_POINT('',#12826);
#3976=VERTEX_POINT('',#12830);
#3977=VERTEX_POINT('',#12831);
#3978=VERTEX_POINT('',#12833);
#3979=VERTEX_POINT('',#12835);
#3980=VERTEX_POINT('',#12837);
#3981=VERTEX_POINT('',#12839);
#3982=VERTEX_POINT('',#12841);
#3983=VERTEX_POINT('',#12843);
#3984=VERTEX_POINT('',#12845);
#3985=VERTEX_POINT('',#12847);
#3986=VERTEX_POINT('',#12849);
#3987=VERTEX_POINT('',#12851);
#3988=VERTEX_POINT('',#12853);
#3989=VERTEX_POINT('',#12855);
#3990=VERTEX_POINT('',#12857);
#3991=VERTEX_POINT('',#12859);
#3992=VERTEX_POINT('',#12861);
#3993=VERTEX_POINT('',#12863);
#3994=VERTEX_POINT('',#12865);
#3995=VERTEX_POINT('',#12867);
#3996=VERTEX_POINT('',#12870);
#3997=VERTEX_POINT('',#12871);
#3998=VERTEX_POINT('',#12873);
#3999=VERTEX_POINT('',#12875);
#4000=VERTEX_POINT('',#12877);
#4001=VERTEX_POINT('',#12879);
#4002=VERTEX_POINT('',#12882);
#4003=VERTEX_POINT('',#12883);
#4004=VERTEX_POINT('',#12885);
#4005=VERTEX_POINT('',#12887);
#4006=VERTEX_POINT('',#12889);
#4007=VERTEX_POINT('',#12891);
#4008=VERTEX_POINT('',#12894);
#4009=VERTEX_POINT('',#12896);
#4010=VERTEX_POINT('',#12898);
#4011=VERTEX_POINT('',#12900);
#4012=VERTEX_POINT('',#12902);
#4013=VERTEX_POINT('',#12903);
#4014=VERTEX_POINT('',#12905);
#4015=VERTEX_POINT('',#12907);
#4016=VERTEX_POINT('',#12909);
#4017=VERTEX_POINT('',#12911);
#4018=VERTEX_POINT('',#12915);
#4019=VERTEX_POINT('',#12917);
#4020=VERTEX_POINT('',#12921);
#4021=VERTEX_POINT('',#12925);
#4022=VERTEX_POINT('',#12929);
#4023=VERTEX_POINT('',#12933);
#4024=VERTEX_POINT('',#12939);
#4025=VERTEX_POINT('',#12941);
#4026=VERTEX_POINT('',#12945);
#4027=VERTEX_POINT('',#12949);
#4028=VERTEX_POINT('',#12953);
#4029=VERTEX_POINT('',#12955);
#4030=VERTEX_POINT('',#12959);
#4031=VERTEX_POINT('',#12963);
#4032=VERTEX_POINT('',#12967);
#4033=VERTEX_POINT('',#12971);
#4034=VERTEX_POINT('',#12977);
#4035=VERTEX_POINT('',#12979);
#4036=VERTEX_POINT('',#12983);
#4037=VERTEX_POINT('',#12987);
#4038=VERTEX_POINT('',#12991);
#4039=VERTEX_POINT('',#12993);
#4040=VERTEX_POINT('',#12997);
#4041=VERTEX_POINT('',#13001);
#4042=VERTEX_POINT('',#13005);
#4043=VERTEX_POINT('',#13009);
#4044=VERTEX_POINT('',#13015);
#4045=VERTEX_POINT('',#13017);
#4046=VERTEX_POINT('',#13021);
#4047=VERTEX_POINT('',#13025);
#4048=VERTEX_POINT('',#13029);
#4049=VERTEX_POINT('',#13030);
#4050=VERTEX_POINT('',#13035);
#4051=VERTEX_POINT('',#13039);
#4052=VERTEX_POINT('',#13043);
#4053=VERTEX_POINT('',#13047);
#4054=VERTEX_POINT('',#13051);
#4055=VERTEX_POINT('',#13055);
#4056=VERTEX_POINT('',#13059);
#4057=VERTEX_POINT('',#13060);
#4058=VERTEX_POINT('',#13065);
#4059=VERTEX_POINT('',#13069);
#4060=VERTEX_POINT('',#13075);
#4061=VERTEX_POINT('',#13079);
#4062=VERTEX_POINT('',#13083);
#4063=VERTEX_POINT('',#13087);
#4064=VERTEX_POINT('',#13096);
#4065=VERTEX_POINT('',#13100);
#4066=VERTEX_POINT('',#13106);
#4067=VERTEX_POINT('',#13108);
#4068=VERTEX_POINT('',#13115);
#4069=VERTEX_POINT('',#13128);
#4070=VERTEX_POINT('',#13132);
#4071=VERTEX_POINT('',#13136);
#4072=VERTEX_POINT('',#13140);
#4073=VERTEX_POINT('',#13144);
#4074=VERTEX_POINT('',#13160);
#4075=VERTEX_POINT('',#13164);
#4076=VERTEX_POINT('',#13165);
#4077=VERTEX_POINT('',#13170);
#4078=VERTEX_POINT('',#13172);
#4079=VERTEX_POINT('',#13179);
#4080=VERTEX_POINT('',#13184);
#4081=VERTEX_POINT('',#13186);
#4082=VERTEX_POINT('',#13188);
#4083=VERTEX_POINT('',#13196);
#4084=VERTEX_POINT('',#13201);
#4085=VERTEX_POINT('',#13211);
#4086=VERTEX_POINT('',#13222);
#4087=VERTEX_POINT('',#13226);
#4088=VERTEX_POINT('',#13240);
#4089=VERTEX_POINT('',#13242);
#4090=VERTEX_POINT('',#13261);
#4091=VERTEX_POINT('',#13263);
#4092=VERTEX_POINT('',#13282);
#4093=VERTEX_POINT('',#13283);
#4094=VERTEX_POINT('',#13287);
#4095=VERTEX_POINT('',#13289);
#4096=VERTEX_POINT('',#13295);
#4097=VERTEX_POINT('',#13299);
#4098=VERTEX_POINT('',#13302);
#4099=VERTEX_POINT('',#13306);
#4100=VERTEX_POINT('',#13309);
#4101=VERTEX_POINT('',#13342);
#4102=EDGE_CURVE('',#3435,#3436,#1705,.T.);
#4103=EDGE_CURVE('',#3436,#3437,#1479,.T.);
#4104=EDGE_CURVE('',#3437,#3438,#1706,.T.);
#4105=EDGE_CURVE('',#3438,#3435,#1480,.T.);
#4106=EDGE_CURVE('',#3439,#3440,#1707,.T.);
#4107=EDGE_CURVE('',#3440,#3436,#1708,.T.);
#4108=EDGE_CURVE('',#3435,#3439,#1709,.T.);
#4109=EDGE_CURVE('',#3441,#3442,#1710,.T.);
#4110=EDGE_CURVE('',#3442,#3440,#1481,.T.);
#4111=EDGE_CURVE('',#3439,#3441,#1482,.T.);
#4112=EDGE_CURVE('',#3437,#3442,#1711,.T.);
#4113=EDGE_CURVE('',#3441,#3438,#1712,.T.);
#4114=EDGE_CURVE('',#3435,#3443,#1713,.T.);
#4115=EDGE_CURVE('',#3444,#3443,#1714,.T.);
#4116=EDGE_CURVE('',#3439,#3444,#1715,.T.);
#4117=EDGE_CURVE('',#3438,#3445,#1716,.T.);
#4118=EDGE_CURVE('',#3443,#3445,#1483,.T.);
#4119=EDGE_CURVE('',#3446,#3447,#1717,.T.);
#4120=EDGE_CURVE('',#3448,#3446,#1718,.T.);
#4121=EDGE_CURVE('',#3449,#3448,#1719,.F.);
#4122=EDGE_CURVE('',#3449,#3447,#1720,.F.);
#4123=EDGE_CURVE('',#3450,#3451,#1721,.F.);
#4124=EDGE_CURVE('',#3451,#3452,#1722,.T.);
#4125=EDGE_CURVE('',#3452,#3453,#1723,.F.);
#4126=EDGE_CURVE('',#3453,#3450,#1724,.F.);
#4127=EDGE_CURVE('',#3454,#3455,#1725,.F.);
#4128=EDGE_CURVE('',#3455,#3456,#1726,.F.);
#4129=EDGE_CURVE('',#3456,#3457,#1727,.F.);
#4130=EDGE_CURVE('',#3457,#3454,#1728,.F.);
#4131=EDGE_CURVE('',#3445,#3458,#1729,.T.);
#4132=EDGE_CURVE('',#3458,#3459,#1484,.T.);
#4133=EDGE_CURVE('',#3459,#3443,#1730,.T.);
#4134=EDGE_CURVE('',#3460,#3461,#1731,.T.);
#4135=EDGE_CURVE('',#3461,#3458,#1732,.T.);
#4136=EDGE_CURVE('',#3445,#3460,#1733,.T.);
#4137=EDGE_CURVE('',#3444,#3462,#1734,.T.);
#4138=EDGE_CURVE('',#3462,#3461,#1485,.T.);
#4139=EDGE_CURVE('',#3460,#3444,#1486,.T.);
#4140=EDGE_CURVE('',#3459,#3462,#1735,.T.);
#4141=EDGE_CURVE('',#3441,#3460,#1736,.T.);
#4142=EDGE_CURVE('',#3463,#3464,#1737,.T.);
#4143=EDGE_CURVE('',#3465,#3463,#1738,.T.);
#4144=EDGE_CURVE('',#3466,#3465,#1739,.T.);
#4145=EDGE_CURVE('',#3464,#3466,#1740,.T.);
#4146=EDGE_CURVE('',#3467,#3467,#1487,.T.);
#4147=EDGE_CURVE('',#3467,#3468,#1741,.T.);
#4148=EDGE_CURVE('',#3468,#3468,#1488,.T.);
#4149=EDGE_CURVE('',#3468,#3469,#1742,.T.);
#4150=EDGE_CURVE('',#3469,#3469,#1489,.T.);
#4151=EDGE_CURVE('',#3470,#3470,#1490,.T.);
#4152=EDGE_CURVE('',#3471,#3471,#1491,.T.);
#4153=EDGE_CURVE('',#3471,#3472,#1743,.T.);
#4154=EDGE_CURVE('',#3472,#3472,#1492,.T.);
#4155=EDGE_CURVE('',#3472,#3473,#1744,.T.);
#4156=EDGE_CURVE('',#3473,#3473,#1493,.T.);
#4157=EDGE_CURVE('',#3474,#3474,#1494,.T.);
#4158=EDGE_CURVE('',#3475,#3475,#1495,.T.);
#4159=EDGE_CURVE('',#3475,#3476,#1745,.T.);
#4160=EDGE_CURVE('',#3476,#3476,#1496,.T.);
#4161=EDGE_CURVE('',#3476,#3477,#1746,.T.);
#4162=EDGE_CURVE('',#3477,#3477,#1497,.T.);
#4163=EDGE_CURVE('',#3478,#3478,#1498,.T.);
#4164=EDGE_CURVE('',#3479,#3479,#1499,.T.);
#4165=EDGE_CURVE('',#3479,#3480,#1747,.T.);
#4166=EDGE_CURVE('',#3480,#3480,#1500,.T.);
#4167=EDGE_CURVE('',#3480,#3481,#1748,.T.);
#4168=EDGE_CURVE('',#3481,#3481,#1501,.T.);
#4169=EDGE_CURVE('',#3482,#3482,#1502,.T.);
#4170=EDGE_CURVE('',#3483,#3484,#1749,.T.);
#4171=EDGE_CURVE('',#3484,#3485,#1750,.T.);
#4172=EDGE_CURVE('',#3485,#3486,#1751,.T.);
#4173=EDGE_CURVE('',#3486,#3487,#1752,.T.);
#4174=EDGE_CURVE('',#3487,#3483,#1753,.T.);
#4175=EDGE_CURVE('',#3488,#3489,#1754,.T.);
#4176=EDGE_CURVE('',#3489,#3486,#1503,.T.);
#4177=EDGE_CURVE('',#3485,#3488,#1504,.T.);
#4178=EDGE_CURVE('',#3490,#3491,#1755,.T.);
#4179=EDGE_CURVE('',#3491,#3489,#1756,.T.);
#4180=EDGE_CURVE('',#3488,#3492,#1757,.T.);
#4181=EDGE_CURVE('',#3492,#3490,#1758,.T.);
#4182=EDGE_CURVE('',#3493,#3491,#1759,.T.);
#4183=EDGE_CURVE('',#3494,#3493,#1760,.F.);
#4184=EDGE_CURVE('',#3448,#3494,#1761,.F.);
#4185=EDGE_CURVE('',#3487,#3446,#1762,.T.);
#4186=EDGE_CURVE('',#3495,#3490,#1763,.T.);
#4187=EDGE_CURVE('',#3495,#3496,#1764,.T.);
#4188=EDGE_CURVE('',#3493,#3496,#1765,.T.);
#4189=EDGE_CURVE('',#3492,#3497,#1766,.T.);
#4190=EDGE_CURVE('',#3497,#3498,#1767,.T.);
#4191=EDGE_CURVE('',#3498,#3499,#1768,.T.);
#4192=EDGE_CURVE('',#3499,#3495,#1769,.T.);
#4193=EDGE_CURVE('',#3500,#3499,#1770,.T.);
#4194=EDGE_CURVE('',#3501,#3500,#1505,.T.);
#4195=EDGE_CURVE('',#3502,#3501,#1771,.T.);
#4196=EDGE_CURVE('',#3503,#3502,#1506,.T.);
#4197=EDGE_CURVE('',#3504,#3503,#1507,.T.);
#4198=EDGE_CURVE('',#3505,#3504,#1508,.T.);
#4199=EDGE_CURVE('',#3506,#3505,#1772,.T.);
#4200=EDGE_CURVE('',#3507,#3506,#1509,.T.);
#4201=EDGE_CURVE('',#3508,#3507,#1773,.T.);
#4202=EDGE_CURVE('',#3509,#3508,#1510,.T.);
#4203=EDGE_CURVE('',#3510,#3509,#1774,.T.);
#4204=EDGE_CURVE('',#3511,#3510,#1511,.T.);
#4205=EDGE_CURVE('',#3512,#3511,#1775,.T.);
#4206=EDGE_CURVE('',#3513,#3512,#1776,.T.);
#4207=EDGE_CURVE('',#3514,#3513,#1777,.T.);
#4208=EDGE_CURVE('',#3515,#3514,#1778,.T.);
#4209=EDGE_CURVE('',#3516,#3515,#1779,.T.);
#4210=EDGE_CURVE('',#3496,#3516,#1780,.T.);
#4211=EDGE_CURVE('',#3517,#3517,#1512,.T.);
#4212=EDGE_CURVE('',#3518,#3498,#1781,.T.);
#4213=EDGE_CURVE('',#3518,#3519,#1782,.T.);
#4214=EDGE_CURVE('',#3519,#3500,#1783,.T.);
#4215=EDGE_CURVE('',#3497,#3520,#1784,.T.);
#4216=EDGE_CURVE('',#3520,#3521,#1785,.T.);
#4217=EDGE_CURVE('',#3521,#3518,#1786,.T.);
#4218=EDGE_CURVE('',#3483,#3513,#1787,.T.);
#4219=EDGE_CURVE('',#3512,#3522,#1788,.T.);
#4220=EDGE_CURVE('',#3522,#3523,#1789,.T.);
#4221=EDGE_CURVE('',#3523,#3484,#1790,.T.);
#4222=EDGE_CURVE('',#3524,#3511,#1791,.T.);
#4223=EDGE_CURVE('',#3524,#3525,#1792,.T.);
#4224=EDGE_CURVE('',#3522,#3525,#1793,.T.);
#4225=EDGE_CURVE('',#3514,#3446,#1794,.T.);
#4226=EDGE_CURVE('',#3526,#3527,#1795,.T.);
#4227=EDGE_CURVE('',#3527,#3521,#1513,.T.);
#4228=EDGE_CURVE('',#3520,#3526,#1514,.T.);
#4229=EDGE_CURVE('',#3525,#3527,#1796,.T.);
#4230=EDGE_CURVE('',#3526,#3523,#1797,.T.);
#4231=EDGE_CURVE('',#3528,#3524,#1798,.T.);
#4232=EDGE_CURVE('',#3529,#3528,#1799,.T.);
#4233=EDGE_CURVE('',#3519,#3529,#1800,.T.);
#4234=EDGE_CURVE('',#3519,#3530,#1515,.T.);
#4235=EDGE_CURVE('',#3530,#3501,#1801,.T.);
#4236=EDGE_CURVE('',#3531,#3502,#1802,.T.);
#4237=EDGE_CURVE('',#3530,#3531,#1803,.T.);
#4238=EDGE_CURVE('',#3531,#3532,#1516,.T.);
#4239=EDGE_CURVE('',#3532,#3503,#1804,.T.);
#4240=EDGE_CURVE('',#3533,#3504,#1805,.T.);
#4241=EDGE_CURVE('',#3532,#3533,#1517,.T.);
#4242=EDGE_CURVE('',#3533,#3534,#1518,.T.);
#4243=EDGE_CURVE('',#3534,#3505,#1806,.T.);
#4244=EDGE_CURVE('',#3535,#3506,#1807,.T.);
#4245=EDGE_CURVE('',#3534,#3535,#1808,.T.);
#4246=EDGE_CURVE('',#3535,#3536,#1519,.T.);
#4247=EDGE_CURVE('',#3536,#3507,#1809,.T.);
#4248=EDGE_CURVE('',#3537,#3508,#1810,.T.);
#4249=EDGE_CURVE('',#3536,#3537,#1811,.T.);
#4250=EDGE_CURVE('',#3537,#3463,#1520,.T.);
#4251=EDGE_CURVE('',#3463,#3509,#1812,.T.);
#4252=EDGE_CURVE('',#3464,#3510,#1813,.T.);
#4253=EDGE_CURVE('',#3464,#3524,#1521,.T.);
#4254=EDGE_CURVE('',#3528,#3466,#1522,.T.);
#4255=EDGE_CURVE('',#3537,#3538,#1814,.T.);
#4256=EDGE_CURVE('',#3465,#3538,#1523,.T.);
#4257=EDGE_CURVE('',#3539,#3536,#1815,.T.);
#4258=EDGE_CURVE('',#3538,#3539,#1816,.T.);
#4259=EDGE_CURVE('',#3540,#3541,#1817,.T.);
#4260=EDGE_CURVE('',#3542,#3540,#1524,.T.);
#4261=EDGE_CURVE('',#3543,#3542,#1818,.T.);
#4262=EDGE_CURVE('',#3541,#3543,#1525,.T.);
#4263=EDGE_CURVE('',#3535,#3544,#1819,.T.);
#4264=EDGE_CURVE('',#3539,#3544,#1526,.T.);
#4265=EDGE_CURVE('',#3545,#3534,#1820,.T.);
#4266=EDGE_CURVE('',#3544,#3545,#1821,.T.);
#4267=EDGE_CURVE('',#3533,#3546,#1822,.T.);
#4268=EDGE_CURVE('',#3545,#3546,#1527,.T.);
#4269=EDGE_CURVE('',#3547,#3532,#1823,.T.);
#4270=EDGE_CURVE('',#3546,#3547,#1528,.T.);
#4271=EDGE_CURVE('',#3531,#3548,#1824,.T.);
#4272=EDGE_CURVE('',#3547,#3548,#1529,.T.);
#4273=EDGE_CURVE('',#3549,#3530,#1825,.T.);
#4274=EDGE_CURVE('',#3548,#3549,#1826,.T.);
#4275=EDGE_CURVE('',#3549,#3529,#1530,.T.);
#4276=EDGE_CURVE('',#3520,#3488,#1827,.T.);
#4277=EDGE_CURVE('',#3447,#3515,#1828,.T.);
#4278=EDGE_CURVE('',#3447,#3550,#1829,.T.);
#4279=EDGE_CURVE('',#3550,#3516,#1830,.T.);
#4280=EDGE_CURVE('',#3550,#3493,#1831,.T.);
#4281=EDGE_CURVE('',#3551,#3540,#1832,.T.);
#4282=EDGE_CURVE('',#3541,#3552,#1833,.T.);
#4283=EDGE_CURVE('',#3552,#3551,#1834,.T.);
#4284=EDGE_CURVE('',#3553,#3542,#1835,.T.);
#4285=EDGE_CURVE('',#3551,#3553,#1531,.T.);
#4286=EDGE_CURVE('',#3554,#3543,#1836,.T.);
#4287=EDGE_CURVE('',#3553,#3554,#1837,.T.);
#4288=EDGE_CURVE('',#3554,#3552,#1532,.T.);
#4289=EDGE_CURVE('',#3551,#3555,#1838,.T.);
#4290=EDGE_CURVE('',#3556,#3555,#1533,.T.);
#4291=EDGE_CURVE('',#3553,#3556,#1839,.T.);
#4292=EDGE_CURVE('',#3552,#3557,#1840,.T.);
#4293=EDGE_CURVE('',#3555,#3557,#1841,.T.);
#4294=EDGE_CURVE('',#3557,#3558,#1842,.T.);
#4295=EDGE_CURVE('',#3558,#3559,#1843,.T.);
#4296=EDGE_CURVE('',#3559,#3555,#1844,.T.);
#4297=EDGE_CURVE('',#3560,#3561,#1845,.T.);
#4298=EDGE_CURVE('',#3561,#3558,#1534,.T.);
#4299=EDGE_CURVE('',#3557,#3560,#1535,.T.);
#4300=EDGE_CURVE('',#3556,#3562,#1846,.T.);
#4301=EDGE_CURVE('',#3562,#3561,#1847,.T.);
#4302=EDGE_CURVE('',#3560,#3556,#1848,.T.);
#4303=EDGE_CURVE('',#3559,#3562,#1536,.T.);
#4304=EDGE_CURVE('',#3554,#3560,#1849,.T.);
#4305=EDGE_CURVE('',#3563,#3449,#1850,.F.);
#4306=EDGE_CURVE('',#3563,#3550,#1851,.F.);
#4307=EDGE_CURVE('',#3564,#3538,#1852,.T.);
#4308=EDGE_CURVE('',#3539,#3565,#1853,.T.);
#4309=EDGE_CURVE('',#3565,#3564,#1854,.T.);
#4310=EDGE_CURVE('',#3566,#3465,#1855,.T.);
#4311=EDGE_CURVE('',#3564,#3566,#1537,.T.);
#4312=EDGE_CURVE('',#3567,#3466,#1856,.T.);
#4313=EDGE_CURVE('',#3566,#3567,#1857,.T.);
#4314=EDGE_CURVE('',#3568,#3528,#1858,.T.);
#4315=EDGE_CURVE('',#3567,#3568,#1538,.T.);
#4316=EDGE_CURVE('',#3569,#3529,#1859,.T.);
#4317=EDGE_CURVE('',#3568,#3569,#1860,.T.);
#4318=EDGE_CURVE('',#3570,#3549,#1861,.T.);
#4319=EDGE_CURVE('',#3569,#3570,#1539,.T.);
#4320=EDGE_CURVE('',#3571,#3548,#1862,.T.);
#4321=EDGE_CURVE('',#3570,#3571,#1863,.T.);
#4322=EDGE_CURVE('',#3572,#3547,#1864,.T.);
#4323=EDGE_CURVE('',#3571,#3572,#1540,.T.);
#4324=EDGE_CURVE('',#3573,#3546,#1865,.T.);
#4325=EDGE_CURVE('',#3572,#3573,#1541,.T.);
#4326=EDGE_CURVE('',#3574,#3545,#1866,.T.);
#4327=EDGE_CURVE('',#3573,#3574,#1542,.T.);
#4328=EDGE_CURVE('',#3575,#3544,#1867,.T.);
#4329=EDGE_CURVE('',#3574,#3575,#1868,.T.);
#4330=EDGE_CURVE('',#3575,#3565,#1543,.T.);
#4331=EDGE_CURVE('',#3576,#3456,#1869,.T.);
#4332=EDGE_CURVE('',#3576,#3577,#1870,.T.);
#4333=EDGE_CURVE('',#3577,#3457,#1871,.F.);
#4334=EDGE_CURVE('',#3454,#3577,#1872,.F.);
#4335=EDGE_CURVE('',#3452,#3578,#1873,.T.);
#4336=EDGE_CURVE('',#3578,#3579,#1874,.T.);
#4337=EDGE_CURVE('',#3579,#3453,#1875,.F.);
#4338=EDGE_CURVE('',#3450,#3579,#1876,.F.);
#4339=EDGE_CURVE('',#3455,#3576,#1877,.T.);
#4340=EDGE_CURVE('',#3578,#3451,#1878,.T.);
#4341=EDGE_CURVE('',#3580,#3580,#1544,.T.);
#4342=EDGE_CURVE('',#3581,#3581,#1545,.T.);
#4343=EDGE_CURVE('',#3517,#3580,#1879,.T.);
#4344=EDGE_CURVE('',#3581,#3582,#1880,.T.);
#4345=EDGE_CURVE('',#3582,#3582,#1546,.T.);
#4346=EDGE_CURVE('',#3526,#3485,#1881,.T.);
#4347=EDGE_CURVE('',#3583,#3583,#1547,.T.);
#4348=EDGE_CURVE('',#3584,#3584,#1548,.T.);
#4349=EDGE_CURVE('',#3585,#3585,#1549,.T.);
#4350=EDGE_CURVE('',#3586,#3586,#1550,.T.);
#4351=EDGE_CURVE('',#3478,#3584,#1882,.T.);
#4352=EDGE_CURVE('',#3494,#3563,#1883,.F.);
#4353=EDGE_CURVE('',#3482,#3585,#1884,.T.);
#4354=EDGE_CURVE('',#3470,#3586,#1885,.T.);
#4355=EDGE_CURVE('',#3474,#3583,#1886,.T.);
#4356=EDGE_CURVE('',#3587,#3587,#1551,.T.);
#4357=EDGE_CURVE('',#3587,#3588,#1887,.T.);
#4358=EDGE_CURVE('',#3588,#3588,#1552,.T.);
#4359=EDGE_CURVE('',#3589,#3590,#1888,.T.);
#4360=EDGE_CURVE('',#3591,#3589,#1553,.T.);
#4361=EDGE_CURVE('',#3592,#3591,#1889,.T.);
#4362=EDGE_CURVE('',#3593,#3592,#1554,.T.);
#4363=EDGE_CURVE('',#3594,#3593,#1555,.T.);
#4364=EDGE_CURVE('',#3595,#3594,#1556,.T.);
#4365=EDGE_CURVE('',#3596,#3595,#1890,.T.);
#4366=EDGE_CURVE('',#3597,#3596,#1557,.T.);
#4367=EDGE_CURVE('',#3598,#3597,#1891,.T.);
#4368=EDGE_CURVE('',#3599,#3598,#1558,.T.);
#4369=EDGE_CURVE('',#3600,#3599,#1892,.T.);
#4370=EDGE_CURVE('',#3590,#3600,#1559,.T.);
#4371=EDGE_CURVE('',#3601,#3602,#1893,.T.);
#4372=EDGE_CURVE('',#3603,#3602,#1560,.F.);
#4373=EDGE_CURVE('',#3603,#3604,#1894,.T.);
#4374=EDGE_CURVE('',#3605,#3604,#1561,.F.);
#4375=EDGE_CURVE('',#3605,#3606,#1895,.T.);
#4376=EDGE_CURVE('',#3607,#3606,#1562,.F.);
#4377=EDGE_CURVE('',#3607,#3608,#1896,.T.);
#4378=EDGE_CURVE('',#3601,#3608,#1563,.F.);
#4379=EDGE_CURVE('',#3609,#3610,#1564,.T.);
#4380=EDGE_CURVE('',#3610,#3609,#1565,.T.);
#4381=EDGE_CURVE('',#3610,#3588,#1897,.T.);
#4382=EDGE_CURVE('',#3590,#3611,#1898,.T.);
#4383=EDGE_CURVE('',#3611,#3612,#1899,.T.);
#4384=EDGE_CURVE('',#3612,#3589,#1900,.T.);
#4385=EDGE_CURVE('',#3600,#3613,#1901,.T.);
#4386=EDGE_CURVE('',#3613,#3611,#1566,.T.);
#4387=EDGE_CURVE('',#3599,#3614,#1902,.T.);
#4388=EDGE_CURVE('',#3614,#3613,#1903,.T.);
#4389=EDGE_CURVE('',#3598,#3615,#1904,.T.);
#4390=EDGE_CURVE('',#3615,#3614,#1567,.T.);
#4391=EDGE_CURVE('',#3597,#3616,#1905,.T.);
#4392=EDGE_CURVE('',#3616,#3615,#1906,.T.);
#4393=EDGE_CURVE('',#3596,#3617,#1907,.T.);
#4394=EDGE_CURVE('',#3617,#3616,#1568,.T.);
#4395=EDGE_CURVE('',#3595,#3618,#1908,.T.);
#4396=EDGE_CURVE('',#3618,#3617,#1909,.T.);
#4397=EDGE_CURVE('',#3594,#3619,#1910,.T.);
#4398=EDGE_CURVE('',#3619,#3618,#1569,.T.);
#4399=EDGE_CURVE('',#3593,#3620,#1911,.T.);
#4400=EDGE_CURVE('',#3620,#3619,#1570,.T.);
#4401=EDGE_CURVE('',#3592,#3621,#1912,.T.);
#4402=EDGE_CURVE('',#3621,#3620,#1571,.T.);
#4403=EDGE_CURVE('',#3591,#3622,#1913,.T.);
#4404=EDGE_CURVE('',#3622,#3621,#1914,.T.);
#4405=EDGE_CURVE('',#3612,#3622,#1572,.T.);
#4406=EDGE_CURVE('',#3619,#3623,#1915,.T.);
#4407=EDGE_CURVE('',#3624,#3623,#1573,.T.);
#4408=EDGE_CURVE('',#3618,#3624,#1916,.T.);
#4409=EDGE_CURVE('',#3620,#3625,#1917,.T.);
#4410=EDGE_CURVE('',#3623,#3625,#1574,.T.);
#4411=EDGE_CURVE('',#3621,#3626,#1918,.T.);
#4412=EDGE_CURVE('',#3625,#3626,#1575,.T.);
#4413=EDGE_CURVE('',#3622,#3627,#1919,.T.);
#4414=EDGE_CURVE('',#3626,#3627,#1920,.T.);
#4415=EDGE_CURVE('',#3612,#3628,#1921,.T.);
#4416=EDGE_CURVE('',#3627,#3628,#1576,.T.);
#4417=EDGE_CURVE('',#3611,#3629,#1922,.T.);
#4418=EDGE_CURVE('',#3628,#3629,#1923,.T.);
#4419=EDGE_CURVE('',#3630,#3631,#1924,.T.);
#4420=EDGE_CURVE('',#3631,#3632,#1577,.T.);
#4421=EDGE_CURVE('',#3632,#3633,#1925,.T.);
#4422=EDGE_CURVE('',#3633,#3630,#1578,.T.);
#4423=EDGE_CURVE('',#3624,#3634,#1926,.T.);
#4424=EDGE_CURVE('',#3634,#3631,#1927,.T.);
#4425=EDGE_CURVE('',#3630,#3624,#1928,.T.);
#4426=EDGE_CURVE('',#3623,#3635,#1929,.T.);
#4427=EDGE_CURVE('',#3635,#3634,#1579,.T.);
#4428=EDGE_CURVE('',#3625,#3636,#1930,.T.);
#4429=EDGE_CURVE('',#3636,#3635,#1580,.T.);
#4430=EDGE_CURVE('',#3626,#3637,#1931,.T.);
#4431=EDGE_CURVE('',#3637,#3636,#1581,.T.);
#4432=EDGE_CURVE('',#3627,#3638,#1932,.T.);
#4433=EDGE_CURVE('',#3638,#3637,#1933,.T.);
#4434=EDGE_CURVE('',#3628,#3639,#1934,.T.);
#4435=EDGE_CURVE('',#3639,#3638,#1582,.T.);
#4436=EDGE_CURVE('',#3629,#3640,#1935,.T.);
#4437=EDGE_CURVE('',#3640,#3639,#1936,.T.);
#4438=EDGE_CURVE('',#3641,#3642,#1937,.T.);
#4439=EDGE_CURVE('',#3642,#3640,#1583,.T.);
#4440=EDGE_CURVE('',#3629,#3641,#1584,.T.);
#4441=EDGE_CURVE('',#3643,#3644,#1938,.T.);
#4442=EDGE_CURVE('',#3644,#3642,#1939,.T.);
#4443=EDGE_CURVE('',#3641,#3643,#1940,.T.);
#4444=EDGE_CURVE('',#3645,#3646,#1941,.T.);
#4445=EDGE_CURVE('',#3646,#3644,#1585,.T.);
#4446=EDGE_CURVE('',#3643,#3645,#1586,.T.);
#4447=EDGE_CURVE('',#3632,#3646,#1942,.T.);
#4448=EDGE_CURVE('',#3645,#3633,#1943,.T.);
#4449=EDGE_CURVE('',#3617,#3630,#1944,.T.);
#4450=EDGE_CURVE('',#3616,#3633,#1945,.T.);
#4451=EDGE_CURVE('',#3647,#3648,#1946,.T.);
#4452=EDGE_CURVE('',#3649,#3647,#1947,.T.);
#4453=EDGE_CURVE('',#3650,#3649,#1948,.T.);
#4454=EDGE_CURVE('',#3648,#3650,#1949,.T.);
#4455=EDGE_CURVE('',#3651,#3652,#1950,.T.);
#4456=EDGE_CURVE('',#3653,#3651,#1951,.T.);
#4457=EDGE_CURVE('',#3654,#3653,#1952,.T.);
#4458=EDGE_CURVE('',#3652,#3654,#1953,.T.);
#4459=EDGE_CURVE('',#3655,#3656,#1954,.T.);
#4460=EDGE_CURVE('',#3657,#3655,#1955,.T.);
#4461=EDGE_CURVE('',#3658,#3657,#1956,.T.);
#4462=EDGE_CURVE('',#3656,#3658,#1957,.T.);
#4463=EDGE_CURVE('',#3659,#3660,#1958,.T.);
#4464=EDGE_CURVE('',#3661,#3659,#1959,.T.);
#4465=EDGE_CURVE('',#3662,#3661,#1960,.T.);
#4466=EDGE_CURVE('',#3660,#3662,#1961,.T.);
#4467=EDGE_CURVE('',#3663,#3664,#1962,.T.);
#4468=EDGE_CURVE('',#3665,#3663,#1963,.T.);
#4469=EDGE_CURVE('',#3666,#3665,#1964,.T.);
#4470=EDGE_CURVE('',#3664,#3666,#1965,.T.);
#4471=EDGE_CURVE('',#3667,#3668,#1966,.T.);
#4472=EDGE_CURVE('',#3669,#3667,#1967,.T.);
#4473=EDGE_CURVE('',#3670,#3669,#1968,.T.);
#4474=EDGE_CURVE('',#3668,#3670,#1969,.T.);
#4475=EDGE_CURVE('',#3671,#3672,#1970,.T.);
#4476=EDGE_CURVE('',#3673,#3671,#1971,.T.);
#4477=EDGE_CURVE('',#3674,#3673,#1972,.T.);
#4478=EDGE_CURVE('',#3672,#3674,#1973,.T.);
#4479=EDGE_CURVE('',#3675,#3675,#1587,.T.);
#4480=EDGE_CURVE('',#3676,#3677,#1974,.T.);
#4481=EDGE_CURVE('',#3678,#3676,#1975,.T.);
#4482=EDGE_CURVE('',#3679,#3678,#1976,.T.);
#4483=EDGE_CURVE('',#3677,#3679,#1977,.T.);
#4484=EDGE_CURVE('',#3680,#3681,#1978,.T.);
#4485=EDGE_CURVE('',#3682,#3680,#1979,.T.);
#4486=EDGE_CURVE('',#3683,#3682,#1980,.T.);
#4487=EDGE_CURVE('',#3681,#3683,#1981,.T.);
#4488=EDGE_CURVE('',#3684,#3685,#1982,.T.);
#4489=EDGE_CURVE('',#3686,#3684,#1983,.T.);
#4490=EDGE_CURVE('',#3687,#3686,#1984,.T.);
#4491=EDGE_CURVE('',#3685,#3687,#1985,.T.);
#4492=EDGE_CURVE('',#3688,#3689,#1986,.T.);
#4493=EDGE_CURVE('',#3690,#3688,#1987,.T.);
#4494=EDGE_CURVE('',#3691,#3690,#1988,.T.);
#4495=EDGE_CURVE('',#3689,#3691,#1989,.T.);
#4496=EDGE_CURVE('',#3692,#3693,#1990,.T.);
#4497=EDGE_CURVE('',#3694,#3692,#1991,.T.);
#4498=EDGE_CURVE('',#3695,#3694,#1992,.T.);
#4499=EDGE_CURVE('',#3693,#3695,#1993,.T.);
#4500=EDGE_CURVE('',#3696,#3697,#1994,.T.);
#4501=EDGE_CURVE('',#3698,#3696,#1995,.T.);
#4502=EDGE_CURVE('',#3699,#3698,#1996,.T.);
#4503=EDGE_CURVE('',#3697,#3699,#1997,.T.);
#4504=EDGE_CURVE('',#3648,#3700,#1998,.T.);
#4505=EDGE_CURVE('',#3700,#3701,#1999,.T.);
#4506=EDGE_CURVE('',#3701,#3647,#2000,.T.);
#4507=EDGE_CURVE('',#3702,#3700,#2001,.T.);
#4508=EDGE_CURVE('',#3702,#3650,#2002,.T.);
#4509=EDGE_CURVE('',#3701,#3703,#2003,.T.);
#4510=EDGE_CURVE('',#3703,#3649,#2004,.T.);
#4511=EDGE_CURVE('',#3703,#3702,#2005,.T.);
#4512=EDGE_CURVE('',#3704,#3701,#2006,.T.);
#4513=EDGE_CURVE('',#3705,#3704,#2007,.T.);
#4514=EDGE_CURVE('',#3705,#3703,#2008,.T.);
#4515=EDGE_CURVE('',#3706,#3700,#2009,.T.);
#4516=EDGE_CURVE('',#3704,#3706,#2010,.T.);
#4517=EDGE_CURVE('',#3697,#3707,#2011,.T.);
#4518=EDGE_CURVE('',#3707,#3708,#2012,.T.);
#4519=EDGE_CURVE('',#3708,#3696,#2013,.T.);
#4520=EDGE_CURVE('',#3709,#3707,#2014,.T.);
#4521=EDGE_CURVE('',#3709,#3699,#2015,.T.);
#4522=EDGE_CURVE('',#3708,#3710,#2016,.T.);
#4523=EDGE_CURVE('',#3710,#3698,#2017,.T.);
#4524=EDGE_CURVE('',#3710,#3709,#2018,.T.);
#4525=EDGE_CURVE('',#3711,#3708,#2019,.T.);
#4526=EDGE_CURVE('',#3712,#3711,#2020,.T.);
#4527=EDGE_CURVE('',#3712,#3710,#2021,.T.);
#4528=EDGE_CURVE('',#3713,#3707,#2022,.T.);
#4529=EDGE_CURVE('',#3711,#3713,#2023,.T.);
#4530=EDGE_CURVE('',#3652,#3714,#2024,.T.);
#4531=EDGE_CURVE('',#3714,#3715,#2025,.T.);
#4532=EDGE_CURVE('',#3715,#3651,#2026,.T.);
#4533=EDGE_CURVE('',#3716,#3714,#2027,.T.);
#4534=EDGE_CURVE('',#3716,#3654,#2028,.T.);
#4535=EDGE_CURVE('',#3715,#3717,#2029,.T.);
#4536=EDGE_CURVE('',#3717,#3653,#2030,.T.);
#4537=EDGE_CURVE('',#3717,#3716,#2031,.T.);
#4538=EDGE_CURVE('',#3718,#3715,#2032,.T.);
#4539=EDGE_CURVE('',#3719,#3718,#2033,.T.);
#4540=EDGE_CURVE('',#3719,#3717,#2034,.T.);
#4541=EDGE_CURVE('',#3720,#3714,#2035,.T.);
#4542=EDGE_CURVE('',#3718,#3720,#2036,.T.);
#4543=EDGE_CURVE('',#3693,#3721,#2037,.T.);
#4544=EDGE_CURVE('',#3721,#3722,#2038,.T.);
#4545=EDGE_CURVE('',#3722,#3692,#2039,.T.);
#4546=EDGE_CURVE('',#3723,#3721,#2040,.T.);
#4547=EDGE_CURVE('',#3723,#3695,#2041,.T.);
#4548=EDGE_CURVE('',#3722,#3724,#2042,.T.);
#4549=EDGE_CURVE('',#3724,#3694,#2043,.T.);
#4550=EDGE_CURVE('',#3724,#3723,#2044,.T.);
#4551=EDGE_CURVE('',#3725,#3722,#2045,.T.);
#4552=EDGE_CURVE('',#3726,#3725,#2046,.T.);
#4553=EDGE_CURVE('',#3726,#3724,#2047,.T.);
#4554=EDGE_CURVE('',#3727,#3721,#2048,.T.);
#4555=EDGE_CURVE('',#3725,#3727,#2049,.T.);
#4556=EDGE_CURVE('',#3656,#3728,#2050,.T.);
#4557=EDGE_CURVE('',#3728,#3729,#2051,.T.);
#4558=EDGE_CURVE('',#3729,#3655,#2052,.T.);
#4559=EDGE_CURVE('',#3730,#3728,#2053,.T.);
#4560=EDGE_CURVE('',#3730,#3658,#2054,.T.);
#4561=EDGE_CURVE('',#3729,#3731,#2055,.T.);
#4562=EDGE_CURVE('',#3731,#3657,#2056,.T.);
#4563=EDGE_CURVE('',#3731,#3730,#2057,.T.);
#4564=EDGE_CURVE('',#3732,#3729,#2058,.T.);
#4565=EDGE_CURVE('',#3733,#3732,#2059,.T.);
#4566=EDGE_CURVE('',#3733,#3731,#2060,.T.);
#4567=EDGE_CURVE('',#3734,#3728,#2061,.T.);
#4568=EDGE_CURVE('',#3732,#3734,#2062,.T.);
#4569=EDGE_CURVE('',#3689,#3735,#2063,.T.);
#4570=EDGE_CURVE('',#3735,#3736,#2064,.T.);
#4571=EDGE_CURVE('',#3736,#3688,#2065,.T.);
#4572=EDGE_CURVE('',#3737,#3735,#2066,.T.);
#4573=EDGE_CURVE('',#3737,#3691,#2067,.T.);
#4574=EDGE_CURVE('',#3736,#3738,#2068,.T.);
#4575=EDGE_CURVE('',#3738,#3690,#2069,.T.);
#4576=EDGE_CURVE('',#3738,#3737,#2070,.T.);
#4577=EDGE_CURVE('',#3739,#3736,#2071,.T.);
#4578=EDGE_CURVE('',#3740,#3739,#2072,.T.);
#4579=EDGE_CURVE('',#3740,#3738,#2073,.T.);
#4580=EDGE_CURVE('',#3741,#3735,#2074,.T.);
#4581=EDGE_CURVE('',#3739,#3741,#2075,.T.);
#4582=EDGE_CURVE('',#3660,#3742,#2076,.T.);
#4583=EDGE_CURVE('',#3742,#3743,#2077,.T.);
#4584=EDGE_CURVE('',#3743,#3659,#2078,.T.);
#4585=EDGE_CURVE('',#3744,#3742,#2079,.T.);
#4586=EDGE_CURVE('',#3744,#3662,#2080,.T.);
#4587=EDGE_CURVE('',#3743,#3745,#2081,.T.);
#4588=EDGE_CURVE('',#3745,#3661,#2082,.T.);
#4589=EDGE_CURVE('',#3745,#3744,#2083,.T.);
#4590=EDGE_CURVE('',#3746,#3743,#2084,.T.);
#4591=EDGE_CURVE('',#3747,#3746,#2085,.T.);
#4592=EDGE_CURVE('',#3747,#3745,#2086,.T.);
#4593=EDGE_CURVE('',#3748,#3742,#2087,.T.);
#4594=EDGE_CURVE('',#3746,#3748,#2088,.T.);
#4595=EDGE_CURVE('',#3685,#3749,#2089,.T.);
#4596=EDGE_CURVE('',#3749,#3750,#2090,.T.);
#4597=EDGE_CURVE('',#3750,#3684,#2091,.T.);
#4598=EDGE_CURVE('',#3751,#3749,#2092,.T.);
#4599=EDGE_CURVE('',#3751,#3687,#2093,.T.);
#4600=EDGE_CURVE('',#3750,#3752,#2094,.T.);
#4601=EDGE_CURVE('',#3752,#3686,#2095,.T.);
#4602=EDGE_CURVE('',#3752,#3751,#2096,.T.);
#4603=EDGE_CURVE('',#3753,#3750,#2097,.T.);
#4604=EDGE_CURVE('',#3754,#3753,#2098,.T.);
#4605=EDGE_CURVE('',#3754,#3752,#2099,.T.);
#4606=EDGE_CURVE('',#3755,#3749,#2100,.T.);
#4607=EDGE_CURVE('',#3753,#3755,#2101,.T.);
#4608=EDGE_CURVE('',#3664,#3756,#2102,.T.);
#4609=EDGE_CURVE('',#3756,#3757,#2103,.T.);
#4610=EDGE_CURVE('',#3757,#3663,#2104,.T.);
#4611=EDGE_CURVE('',#3758,#3756,#2105,.T.);
#4612=EDGE_CURVE('',#3758,#3666,#2106,.T.);
#4613=EDGE_CURVE('',#3757,#3759,#2107,.T.);
#4614=EDGE_CURVE('',#3759,#3665,#2108,.T.);
#4615=EDGE_CURVE('',#3759,#3758,#2109,.T.);
#4616=EDGE_CURVE('',#3760,#3757,#2110,.T.);
#4617=EDGE_CURVE('',#3761,#3760,#2111,.T.);
#4618=EDGE_CURVE('',#3761,#3759,#2112,.T.);
#4619=EDGE_CURVE('',#3762,#3756,#2113,.T.);
#4620=EDGE_CURVE('',#3760,#3762,#2114,.T.);
#4621=EDGE_CURVE('',#3681,#3763,#2115,.T.);
#4622=EDGE_CURVE('',#3763,#3764,#2116,.T.);
#4623=EDGE_CURVE('',#3764,#3680,#2117,.T.);
#4624=EDGE_CURVE('',#3765,#3763,#2118,.T.);
#4625=EDGE_CURVE('',#3765,#3683,#2119,.T.);
#4626=EDGE_CURVE('',#3764,#3766,#2120,.T.);
#4627=EDGE_CURVE('',#3766,#3682,#2121,.T.);
#4628=EDGE_CURVE('',#3766,#3765,#2122,.T.);
#4629=EDGE_CURVE('',#3767,#3764,#2123,.T.);
#4630=EDGE_CURVE('',#3768,#3767,#2124,.T.);
#4631=EDGE_CURVE('',#3768,#3766,#2125,.T.);
#4632=EDGE_CURVE('',#3769,#3763,#2126,.T.);
#4633=EDGE_CURVE('',#3767,#3769,#2127,.T.);
#4634=EDGE_CURVE('',#3668,#3770,#2128,.T.);
#4635=EDGE_CURVE('',#3770,#3771,#2129,.T.);
#4636=EDGE_CURVE('',#3771,#3667,#2130,.T.);
#4637=EDGE_CURVE('',#3772,#3770,#2131,.T.);
#4638=EDGE_CURVE('',#3772,#3670,#2132,.T.);
#4639=EDGE_CURVE('',#3771,#3773,#2133,.T.);
#4640=EDGE_CURVE('',#3773,#3669,#2134,.T.);
#4641=EDGE_CURVE('',#3773,#3772,#2135,.T.);
#4642=EDGE_CURVE('',#3774,#3771,#2136,.T.);
#4643=EDGE_CURVE('',#3775,#3774,#2137,.T.);
#4644=EDGE_CURVE('',#3775,#3773,#2138,.T.);
#4645=EDGE_CURVE('',#3776,#3770,#2139,.T.);
#4646=EDGE_CURVE('',#3774,#3776,#2140,.T.);
#4647=EDGE_CURVE('',#3677,#3777,#2141,.T.);
#4648=EDGE_CURVE('',#3777,#3778,#2142,.T.);
#4649=EDGE_CURVE('',#3778,#3676,#2143,.T.);
#4650=EDGE_CURVE('',#3779,#3777,#2144,.T.);
#4651=EDGE_CURVE('',#3779,#3679,#2145,.T.);
#4652=EDGE_CURVE('',#3778,#3780,#2146,.T.);
#4653=EDGE_CURVE('',#3780,#3678,#2147,.T.);
#4654=EDGE_CURVE('',#3780,#3779,#2148,.T.);
#4655=EDGE_CURVE('',#3781,#3778,#2149,.T.);
#4656=EDGE_CURVE('',#3782,#3781,#2150,.T.);
#4657=EDGE_CURVE('',#3782,#3780,#2151,.T.);
#4658=EDGE_CURVE('',#3783,#3777,#2152,.T.);
#4659=EDGE_CURVE('',#3781,#3783,#2153,.T.);
#4660=EDGE_CURVE('',#3672,#3784,#2154,.T.);
#4661=EDGE_CURVE('',#3784,#3785,#2155,.T.);
#4662=EDGE_CURVE('',#3785,#3671,#2156,.T.);
#4663=EDGE_CURVE('',#3786,#3784,#2157,.T.);
#4664=EDGE_CURVE('',#3786,#3674,#2158,.T.);
#4665=EDGE_CURVE('',#3785,#3787,#2159,.T.);
#4666=EDGE_CURVE('',#3787,#3673,#2160,.T.);
#4667=EDGE_CURVE('',#3787,#3786,#2161,.T.);
#4668=EDGE_CURVE('',#3788,#3785,#2162,.T.);
#4669=EDGE_CURVE('',#3789,#3788,#2163,.T.);
#4670=EDGE_CURVE('',#3789,#3787,#2164,.T.);
#4671=EDGE_CURVE('',#3790,#3784,#2165,.T.);
#4672=EDGE_CURVE('',#3788,#3790,#2166,.T.);
#4673=EDGE_CURVE('',#3675,#3609,#2167,.T.);
#4674=EDGE_CURVE('',#3791,#3792,#2168,.T.);
#4675=EDGE_CURVE('',#3792,#3793,#2169,.T.);
#4676=EDGE_CURVE('',#3793,#3794,#2170,.T.);
#4677=EDGE_CURVE('',#3794,#3791,#2171,.T.);
#4678=EDGE_CURVE('',#3795,#3791,#2172,.T.);
#4679=EDGE_CURVE('',#3794,#3796,#2173,.T.);
#4680=EDGE_CURVE('',#3796,#3795,#2174,.T.);
#4681=EDGE_CURVE('',#3797,#3795,#2175,.T.);
#4682=EDGE_CURVE('',#3796,#3798,#2176,.T.);
#4683=EDGE_CURVE('',#3798,#3797,#2177,.T.);
#4684=EDGE_CURVE('',#3798,#3799,#2178,.T.);
#4685=EDGE_CURVE('',#3799,#3800,#2179,.F.);
#4686=EDGE_CURVE('',#3800,#3797,#2180,.T.);
#4687=EDGE_CURVE('',#3801,#3792,#2181,.T.);
#4688=EDGE_CURVE('',#3802,#3801,#2182,.T.);
#4689=EDGE_CURVE('',#3803,#3802,#2183,.T.);
#4690=EDGE_CURVE('',#3804,#3803,#2184,.T.);
#4691=EDGE_CURVE('',#3804,#3805,#2185,.T.);
#4692=EDGE_CURVE('',#3806,#3805,#2186,.T.);
#4693=EDGE_CURVE('',#3806,#3807,#2187,.T.);
#4694=EDGE_CURVE('',#3808,#3807,#2188,.T.);
#4695=EDGE_CURVE('',#3809,#3808,#2189,.T.);
#4696=EDGE_CURVE('',#3810,#3809,#2190,.T.);
#4697=EDGE_CURVE('',#3811,#3810,#2191,.T.);
#4698=EDGE_CURVE('',#3812,#3811,#2192,.T.);
#4699=EDGE_CURVE('',#3813,#3812,#2193,.T.);
#4700=EDGE_CURVE('',#3814,#3813,#2194,.T.);
#4701=EDGE_CURVE('',#3793,#3814,#2195,.T.);
#4702=EDGE_CURVE('',#3815,#3791,#2196,.T.);
#4703=EDGE_CURVE('',#3801,#3815,#2197,.T.);
#4704=EDGE_CURVE('',#3816,#3795,#2198,.T.);
#4705=EDGE_CURVE('',#3815,#3816,#2199,.T.);
#4706=EDGE_CURVE('',#3817,#3797,#2200,.T.);
#4707=EDGE_CURVE('',#3816,#3817,#2201,.T.);
#4708=EDGE_CURVE('',#3818,#3800,#2202,.T.);
#4709=EDGE_CURVE('',#3606,#3818,#2203,.T.);
#4710=EDGE_CURVE('',#3819,#3605,#2204,.T.);
#4711=EDGE_CURVE('',#3820,#3819,#2205,.T.);
#4712=EDGE_CURVE('',#3821,#3820,#2206,.T.);
#4713=EDGE_CURVE('',#3822,#3821,#2207,.T.);
#4714=EDGE_CURVE('',#3823,#3822,#2208,.T.);
#4715=EDGE_CURVE('',#3824,#3823,#2209,.T.);
#4716=EDGE_CURVE('',#3817,#3824,#2210,.T.);
#4717=EDGE_CURVE('',#3825,#3802,#2211,.T.);
#4718=EDGE_CURVE('',#3815,#3825,#2212,.T.);
#4719=EDGE_CURVE('',#3816,#3826,#2213,.T.);
#4720=EDGE_CURVE('',#3826,#3825,#2214,.T.);
#4721=EDGE_CURVE('',#3817,#3827,#2215,.T.);
#4722=EDGE_CURVE('',#3827,#3826,#2216,.T.);
#4723=EDGE_CURVE('',#3824,#3828,#2217,.F.);
#4724=EDGE_CURVE('',#3828,#3827,#2218,.T.);
#4725=EDGE_CURVE('',#3829,#3828,#2219,.T.);
#4726=EDGE_CURVE('',#3803,#3829,#2220,.T.);
#4727=EDGE_CURVE('',#3830,#3806,#2221,.T.);
#4728=EDGE_CURVE('',#3805,#3831,#2222,.T.);
#4729=EDGE_CURVE('',#3831,#3830,#2223,.T.);
#4730=EDGE_CURVE('',#3831,#3832,#2224,.T.);
#4731=EDGE_CURVE('',#3832,#3833,#2225,.T.);
#4732=EDGE_CURVE('',#3833,#3830,#2226,.T.);
#4733=EDGE_CURVE('',#3822,#3833,#2227,.T.);
#4734=EDGE_CURVE('',#3832,#3834,#2228,.T.);
#4735=EDGE_CURVE('',#3834,#3822,#2229,.T.);
#4736=EDGE_CURVE('',#3834,#3835,#2230,.T.);
#4737=EDGE_CURVE('',#3835,#3823,#2231,.F.);
#4738=EDGE_CURVE('',#3830,#3836,#2232,.T.);
#4739=EDGE_CURVE('',#3807,#3836,#2233,.T.);
#4740=EDGE_CURVE('',#3833,#3837,#2234,.T.);
#4741=EDGE_CURVE('',#3836,#3837,#2235,.T.);
#4742=EDGE_CURVE('',#3837,#3821,#2236,.T.);
#4743=EDGE_CURVE('',#3820,#3838,#2237,.F.);
#4744=EDGE_CURVE('',#3838,#3839,#2238,.T.);
#4745=EDGE_CURVE('',#3839,#3821,#2239,.T.);
#4746=EDGE_CURVE('',#3839,#3840,#2240,.T.);
#4747=EDGE_CURVE('',#3840,#3837,#2241,.T.);
#4748=EDGE_CURVE('',#3840,#3841,#2242,.T.);
#4749=EDGE_CURVE('',#3841,#3836,#2243,.T.);
#4750=EDGE_CURVE('',#3841,#3808,#2244,.T.);
#4751=EDGE_CURVE('',#3842,#3838,#2245,.T.);
#4752=EDGE_CURVE('',#3809,#3842,#2246,.T.);
#4753=EDGE_CURVE('',#3843,#3789,#2247,.T.);
#4754=EDGE_CURVE('',#3843,#3786,#2248,.T.);
#4755=EDGE_CURVE('',#3790,#3843,#2249,.T.);
#4756=EDGE_CURVE('',#3844,#3782,#2250,.T.);
#4757=EDGE_CURVE('',#3844,#3779,#2251,.T.);
#4758=EDGE_CURVE('',#3783,#3844,#2252,.T.);
#4759=EDGE_CURVE('',#3845,#3775,#2253,.T.);
#4760=EDGE_CURVE('',#3845,#3772,#2254,.T.);
#4761=EDGE_CURVE('',#3776,#3845,#2255,.T.);
#4762=EDGE_CURVE('',#3846,#3768,#2256,.T.);
#4763=EDGE_CURVE('',#3846,#3765,#2257,.T.);
#4764=EDGE_CURVE('',#3769,#3846,#2258,.T.);
#4765=EDGE_CURVE('',#3847,#3761,#2259,.T.);
#4766=EDGE_CURVE('',#3847,#3758,#2260,.T.);
#4767=EDGE_CURVE('',#3762,#3847,#2261,.T.);
#4768=EDGE_CURVE('',#3848,#3754,#2262,.T.);
#4769=EDGE_CURVE('',#3848,#3751,#2263,.T.);
#4770=EDGE_CURVE('',#3755,#3848,#2264,.T.);
#4771=EDGE_CURVE('',#3849,#3747,#2265,.T.);
#4772=EDGE_CURVE('',#3849,#3744,#2266,.T.);
#4773=EDGE_CURVE('',#3748,#3849,#2267,.T.);
#4774=EDGE_CURVE('',#3850,#3740,#2268,.T.);
#4775=EDGE_CURVE('',#3850,#3737,#2269,.T.);
#4776=EDGE_CURVE('',#3741,#3850,#2270,.T.);
#4777=EDGE_CURVE('',#3851,#3733,#2271,.T.);
#4778=EDGE_CURVE('',#3851,#3730,#2272,.T.);
#4779=EDGE_CURVE('',#3734,#3851,#2273,.T.);
#4780=EDGE_CURVE('',#3852,#3726,#2274,.T.);
#4781=EDGE_CURVE('',#3852,#3723,#2275,.T.);
#4782=EDGE_CURVE('',#3727,#3852,#2276,.T.);
#4783=EDGE_CURVE('',#3853,#3719,#2277,.T.);
#4784=EDGE_CURVE('',#3853,#3716,#2278,.T.);
#4785=EDGE_CURVE('',#3720,#3853,#2279,.T.);
#4786=EDGE_CURVE('',#3854,#3712,#2280,.T.);
#4787=EDGE_CURVE('',#3854,#3709,#2281,.T.);
#4788=EDGE_CURVE('',#3713,#3854,#2282,.T.);
#4789=EDGE_CURVE('',#3855,#3705,#2283,.T.);
#4790=EDGE_CURVE('',#3855,#3702,#2284,.T.);
#4791=EDGE_CURVE('',#3706,#3855,#2285,.T.);
#4792=EDGE_CURVE('',#3856,#3814,#2286,.T.);
#4793=EDGE_CURVE('',#3799,#3856,#2287,.T.);
#4794=EDGE_CURVE('',#3856,#3857,#2288,.T.);
#4795=EDGE_CURVE('',#3818,#3857,#2289,.T.);
#4796=EDGE_CURVE('',#3858,#3813,#1588,.T.);
#4797=EDGE_CURVE('',#3858,#3859,#2290,.T.);
#4798=EDGE_CURVE('',#3860,#3859,#1589,.T.);
#4799=EDGE_CURVE('',#3860,#3861,#2291,.T.);
#4800=EDGE_CURVE('',#3862,#3861,#1590,.T.);
#4801=EDGE_CURVE('',#3862,#3863,#2292,.T.);
#4802=EDGE_CURVE('',#3810,#3863,#1591,.T.);
#4803=EDGE_CURVE('',#3864,#3842,#2293,.T.);
#4804=EDGE_CURVE('',#3865,#3864,#1592,.T.);
#4805=EDGE_CURVE('',#3866,#3865,#2294,.T.);
#4806=EDGE_CURVE('',#3867,#3866,#1593,.T.);
#4807=EDGE_CURVE('',#3868,#3867,#2295,.T.);
#4808=EDGE_CURVE('',#3869,#3868,#1594,.T.);
#4809=EDGE_CURVE('',#3870,#3869,#2296,.T.);
#4810=EDGE_CURVE('',#3857,#3870,#1595,.T.);
#4811=EDGE_CURVE('',#3871,#3804,#2297,.T.);
#4812=EDGE_CURVE('',#3835,#3871,#2298,.T.);
#4813=EDGE_CURVE('',#3819,#3864,#2299,.T.);
#4814=EDGE_CURVE('',#3872,#3870,#2300,.T.);
#4815=EDGE_CURVE('',#3869,#3873,#2301,.T.);
#4816=EDGE_CURVE('',#3873,#3872,#2302,.T.);
#4817=EDGE_CURVE('',#3872,#3818,#1596,.T.);
#4818=EDGE_CURVE('',#3871,#3829,#2303,.T.);
#4819=EDGE_CURVE('',#3819,#3874,#1597,.T.);
#4820=EDGE_CURVE('',#3874,#3865,#2304,.T.);
#4821=EDGE_CURVE('',#3875,#3866,#2305,.T.);
#4822=EDGE_CURVE('',#3874,#3875,#2306,.T.);
#4823=EDGE_CURVE('',#3875,#3876,#1598,.T.);
#4824=EDGE_CURVE('',#3876,#3867,#2307,.T.);
#4825=EDGE_CURVE('',#3877,#3868,#2308,.T.);
#4826=EDGE_CURVE('',#3876,#3877,#2309,.T.);
#4827=EDGE_CURVE('',#3877,#3873,#1599,.T.);
#4828=EDGE_CURVE('',#3604,#3874,#2310,.T.);
#4829=EDGE_CURVE('',#3872,#3607,#2311,.T.);
#4830=EDGE_CURVE('',#3608,#3873,#2312,.T.);
#4831=EDGE_CURVE('',#3878,#3879,#1600,.T.);
#4832=EDGE_CURVE('',#3878,#3862,#2313,.T.);
#4833=EDGE_CURVE('',#3861,#3879,#2314,.T.);
#4834=EDGE_CURVE('',#3880,#3860,#2315,.T.);
#4835=EDGE_CURVE('',#3879,#3880,#2316,.T.);
#4836=EDGE_CURVE('',#3880,#3881,#1601,.T.);
#4837=EDGE_CURVE('',#3859,#3881,#2317,.T.);
#4838=EDGE_CURVE('',#3882,#3858,#2318,.T.);
#4839=EDGE_CURVE('',#3881,#3882,#2319,.T.);
#4840=EDGE_CURVE('',#3882,#3812,#1602,.T.);
#4841=EDGE_CURVE('',#3811,#3883,#1603,.T.);
#4842=EDGE_CURVE('',#3863,#3883,#2320,.T.);
#4843=EDGE_CURVE('',#3883,#3878,#2321,.T.);
#4844=EDGE_CURVE('',#3877,#3601,#2322,.T.);
#4845=EDGE_CURVE('',#3602,#3876,#2323,.T.);
#4846=EDGE_CURVE('',#3875,#3603,#2324,.T.);
#4847=EDGE_CURVE('',#3615,#3645,#2325,.T.);
#4848=EDGE_CURVE('',#3614,#3643,#2326,.T.);
#4849=EDGE_CURVE('',#3613,#3641,#2327,.T.);
#4850=EDGE_CURVE('',#3884,#3885,#33,.T.);
#4851=EDGE_CURVE('',#3885,#3886,#1604,.T.);
#4852=EDGE_CURVE('',#3887,#3886,#34,.T.);
#4853=EDGE_CURVE('',#3887,#3884,#1605,.T.);
#4854=EDGE_CURVE('',#3885,#3888,#2328,.T.);
#4855=EDGE_CURVE('',#3889,#3888,#2329,.T.);
#4856=EDGE_CURVE('',#3886,#3889,#1606,.F.);
#4857=EDGE_CURVE('',#3890,#3884,#35,.T.);
#4858=EDGE_CURVE('',#3891,#3890,#2330,.T.);
#4859=EDGE_CURVE('',#3891,#3888,#1607,.T.);
#4860=EDGE_CURVE('',#3892,#3893,#36,.T.);
#4861=EDGE_CURVE('',#3892,#3894,#1608,.T.);
#4862=EDGE_CURVE('',#3894,#3895,#37,.T.);
#4863=EDGE_CURVE('',#3895,#3893,#1609,.T.);
#4864=EDGE_CURVE('',#3895,#3896,#38,.T.);
#4865=EDGE_CURVE('',#3896,#3897,#39,.T.);
#4866=EDGE_CURVE('',#3898,#3897,#1610,.T.);
#4867=EDGE_CURVE('',#3899,#3898,#23,.T.);
#4868=EDGE_CURVE('',#3899,#3893,#2331,.T.);
#4869=EDGE_CURVE('',#3900,#3894,#2332,.T.);
#4870=EDGE_CURVE('',#3901,#3900,#1611,.F.);
#4871=EDGE_CURVE('',#3896,#3901,#2333,.T.);
#4872=EDGE_CURVE('',#3902,#3899,#2334,.T.);
#4873=EDGE_CURVE('',#3902,#3903,#40,.T.);
#4874=EDGE_CURVE('',#3903,#3904,#2335,.T.);
#4875=EDGE_CURVE('',#3904,#3892,#1612,.F.);
#4876=EDGE_CURVE('',#3889,#3905,#2336,.T.);
#4877=EDGE_CURVE('',#3906,#3905,#41,.F.);
#4878=EDGE_CURVE('',#3907,#3906,#2337,.T.);
#4879=EDGE_CURVE('',#3887,#3907,#2338,.T.);
#4880=EDGE_CURVE('',#3908,#3909,#2339,.T.);
#4881=EDGE_CURVE('',#3909,#3910,#2340,.T.);
#4882=EDGE_CURVE('',#3910,#3911,#2341,.T.);
#4883=EDGE_CURVE('',#3912,#3911,#2342,.T.);
#4884=EDGE_CURVE('',#3913,#3912,#2343,.T.);
#4885=EDGE_CURVE('',#3914,#3913,#2344,.T.);
#4886=EDGE_CURVE('',#3914,#3915,#2345,.T.);
#4887=EDGE_CURVE('',#3908,#3915,#2346,.T.);
#4888=EDGE_CURVE('',#3901,#3909,#1613,.T.);
#4889=EDGE_CURVE('',#3900,#3904,#2347,.T.);
#4890=EDGE_CURVE('',#3903,#3916,#1614,.F.);
#4891=EDGE_CURVE('',#3916,#3917,#2348,.T.);
#4892=EDGE_CURVE('',#3918,#3917,#2349,.T.);
#4893=EDGE_CURVE('',#3918,#3919,#2350,.T.);
#4894=EDGE_CURVE('',#3920,#3919,#1615,.T.);
#4895=EDGE_CURVE('',#3921,#3920,#2351,.T.);
#4896=EDGE_CURVE('',#3921,#3922,#2352,.T.);
#4897=EDGE_CURVE('',#3923,#3922,#2353,.T.);
#4898=EDGE_CURVE('',#3923,#3924,#1616,.F.);
#4899=EDGE_CURVE('',#3924,#3925,#2354,.T.);
#4900=EDGE_CURVE('',#3926,#3925,#2355,.T.);
#4901=EDGE_CURVE('',#3926,#3927,#2356,.T.);
#4902=EDGE_CURVE('',#3905,#3927,#1617,.T.);
#4903=EDGE_CURVE('',#3910,#3891,#1618,.T.);
#4904=EDGE_CURVE('',#3928,#3929,#2357,.T.);
#4905=EDGE_CURVE('',#3930,#3928,#1619,.T.);
#4906=EDGE_CURVE('',#3931,#3930,#2358,.T.);
#4907=EDGE_CURVE('',#3932,#3931,#1620,.T.);
#4908=EDGE_CURVE('',#3933,#3932,#2359,.T.);
#4909=EDGE_CURVE('',#3929,#3933,#1621,.T.);
#4910=EDGE_CURVE('',#3934,#3935,#2360,.T.);
#4911=EDGE_CURVE('',#3936,#3934,#1622,.T.);
#4912=EDGE_CURVE('',#3937,#3936,#2361,.T.);
#4913=EDGE_CURVE('',#3938,#3937,#1623,.T.);
#4914=EDGE_CURVE('',#3939,#3938,#2362,.T.);
#4915=EDGE_CURVE('',#3935,#3939,#1624,.T.);
#4916=EDGE_CURVE('',#3940,#3941,#2363,.T.);
#4917=EDGE_CURVE('',#3942,#3940,#1625,.T.);
#4918=EDGE_CURVE('',#3943,#3942,#2364,.T.);
#4919=EDGE_CURVE('',#3944,#3943,#1626,.T.);
#4920=EDGE_CURVE('',#3945,#3944,#2365,.T.);
#4921=EDGE_CURVE('',#3941,#3945,#1627,.T.);
#4922=EDGE_CURVE('',#3946,#3947,#2366,.T.);
#4923=EDGE_CURVE('',#3948,#3946,#1628,.T.);
#4924=EDGE_CURVE('',#3949,#3948,#2367,.T.);
#4925=EDGE_CURVE('',#3950,#3949,#1629,.T.);
#4926=EDGE_CURVE('',#3951,#3950,#2368,.T.);
#4927=EDGE_CURVE('',#3947,#3951,#1630,.T.);
#4928=EDGE_CURVE('',#3952,#3890,#42,.T.);
#4929=EDGE_CURVE('',#3953,#3952,#2369,.F.);
#4930=EDGE_CURVE('',#3911,#3953,#24,.T.);
#4931=EDGE_CURVE('',#3954,#3908,#25,.T.);
#4932=EDGE_CURVE('',#3897,#3954,#2370,.F.);
#4933=EDGE_CURVE('',#3915,#3955,#2371,.T.);
#4934=EDGE_CURVE('',#3956,#3955,#26,.F.);
#4935=EDGE_CURVE('',#3956,#3899,#2372,.T.);
#4936=EDGE_CURVE('',#3898,#3954,#2373,.T.);
#4937=EDGE_CURVE('',#3953,#3957,#2374,.T.);
#4938=EDGE_CURVE('',#3907,#3957,#27,.F.);
#4939=EDGE_CURVE('',#3907,#3958,#2375,.T.);
#4940=EDGE_CURVE('',#3959,#3958,#28,.F.);
#4941=EDGE_CURVE('',#3959,#3912,#2376,.T.);
#4942=EDGE_CURVE('',#3952,#3957,#1631,.T.);
#4943=EDGE_CURVE('',#3960,#3961,#2377,.T.);
#4944=EDGE_CURVE('',#3961,#3962,#1632,.T.);
#4945=EDGE_CURVE('',#3962,#3963,#2378,.T.);
#4946=EDGE_CURVE('',#3963,#3960,#1633,.T.);
#4947=EDGE_CURVE('',#3964,#3965,#2379,.T.);
#4948=EDGE_CURVE('',#3965,#3961,#2380,.T.);
#4949=EDGE_CURVE('',#3960,#3964,#2381,.T.);
#4950=EDGE_CURVE('',#3966,#3967,#2382,.T.);
#4951=EDGE_CURVE('',#3967,#3965,#1634,.T.);
#4952=EDGE_CURVE('',#3964,#3966,#1635,.T.);
#4953=EDGE_CURVE('',#3968,#3969,#2383,.T.);
#4954=EDGE_CURVE('',#3969,#3967,#2384,.T.);
#4955=EDGE_CURVE('',#3966,#3968,#2385,.T.);
#4956=EDGE_CURVE('',#3970,#3971,#2386,.T.);
#4957=EDGE_CURVE('',#3971,#3969,#1636,.T.);
#4958=EDGE_CURVE('',#3968,#3970,#1637,.T.);
#4959=EDGE_CURVE('',#3962,#3971,#2387,.T.);
#4960=EDGE_CURVE('',#3970,#3963,#2388,.T.);
#4961=EDGE_CURVE('',#3971,#3972,#2389,.T.);
#4962=EDGE_CURVE('',#3973,#3972,#1638,.T.);
#4963=EDGE_CURVE('',#3973,#3969,#2390,.T.);
#4964=EDGE_CURVE('',#3974,#3962,#2391,.T.);
#4965=EDGE_CURVE('',#3972,#3974,#2392,.T.);
#4966=EDGE_CURVE('',#3961,#3975,#2393,.T.);
#4967=EDGE_CURVE('',#3974,#3975,#1639,.T.);
#4968=EDGE_CURVE('',#3976,#3977,#2394,.T.);
#4969=EDGE_CURVE('',#3978,#3976,#1640,.T.);
#4970=EDGE_CURVE('',#3979,#3978,#1641,.T.);
#4971=EDGE_CURVE('',#3980,#3979,#2395,.T.);
#4972=EDGE_CURVE('',#3981,#3980,#2396,.T.);
#4973=EDGE_CURVE('',#3982,#3981,#2397,.T.);
#4974=EDGE_CURVE('',#3983,#3982,#1642,.T.);
#4975=EDGE_CURVE('',#3984,#3983,#1643,.T.);
#4976=EDGE_CURVE('',#3985,#3984,#2398,.T.);
#4977=EDGE_CURVE('',#3986,#3985,#2399,.T.);
#4978=EDGE_CURVE('',#3987,#3986,#2400,.T.);
#4979=EDGE_CURVE('',#3988,#3987,#1644,.T.);
#4980=EDGE_CURVE('',#3989,#3988,#1645,.T.);
#4981=EDGE_CURVE('',#3990,#3989,#2401,.T.);
#4982=EDGE_CURVE('',#3991,#3990,#2402,.T.);
#4983=EDGE_CURVE('',#3992,#3991,#2403,.T.);
#4984=EDGE_CURVE('',#3993,#3992,#1646,.T.);
#4985=EDGE_CURVE('',#3994,#3993,#1647,.T.);
#4986=EDGE_CURVE('',#3995,#3994,#2404,.T.);
#4987=EDGE_CURVE('',#3977,#3995,#2405,.T.);
#4988=EDGE_CURVE('',#3996,#3997,#2406,.T.);
#4989=EDGE_CURVE('',#3998,#3996,#1648,.T.);
#4990=EDGE_CURVE('',#3999,#3998,#2407,.T.);
#4991=EDGE_CURVE('',#4000,#3999,#1649,.T.);
#4992=EDGE_CURVE('',#4001,#4000,#2408,.T.);
#4993=EDGE_CURVE('',#3997,#4001,#1650,.T.);
#4994=EDGE_CURVE('',#4002,#4003,#2409,.T.);
#4995=EDGE_CURVE('',#4004,#4002,#1651,.T.);
#4996=EDGE_CURVE('',#4005,#4004,#2410,.T.);
#4997=EDGE_CURVE('',#4006,#4005,#1652,.T.);
#4998=EDGE_CURVE('',#4007,#4006,#2411,.T.);
#4999=EDGE_CURVE('',#4003,#4007,#1653,.T.);
#5000=EDGE_CURVE('',#4008,#4008,#1654,.T.);
#5001=EDGE_CURVE('',#4009,#4009,#1655,.T.);
#5002=EDGE_CURVE('',#4010,#4010,#1656,.T.);
#5003=EDGE_CURVE('',#4011,#4011,#1657,.T.);
#5004=EDGE_CURVE('',#4012,#4013,#2412,.T.);
#5005=EDGE_CURVE('',#4014,#4012,#1658,.T.);
#5006=EDGE_CURVE('',#4015,#4014,#2413,.T.);
#5007=EDGE_CURVE('',#4016,#4015,#1659,.T.);
#5008=EDGE_CURVE('',#4017,#4016,#2414,.T.);
#5009=EDGE_CURVE('',#4013,#4017,#1660,.T.);
#5010=EDGE_CURVE('',#3997,#4018,#2415,.T.);
#5011=EDGE_CURVE('',#4018,#4019,#2416,.T.);
#5012=EDGE_CURVE('',#4019,#3996,#2417,.T.);
#5013=EDGE_CURVE('',#4001,#4020,#2418,.T.);
#5014=EDGE_CURVE('',#4020,#4018,#1661,.T.);
#5015=EDGE_CURVE('',#4000,#4021,#2419,.T.);
#5016=EDGE_CURVE('',#4021,#4020,#2420,.T.);
#5017=EDGE_CURVE('',#3999,#4022,#2421,.T.);
#5018=EDGE_CURVE('',#4022,#4021,#1662,.T.);
#5019=EDGE_CURVE('',#3998,#4023,#2422,.T.);
#5020=EDGE_CURVE('',#4023,#4022,#2423,.T.);
#5021=EDGE_CURVE('',#4019,#4023,#1663,.T.);
#5022=EDGE_CURVE('',#4024,#4023,#2424,.T.);
#5023=EDGE_CURVE('',#4025,#4024,#2425,.T.);
#5024=EDGE_CURVE('',#4022,#4025,#2426,.T.);
#5025=EDGE_CURVE('',#4019,#4026,#2427,.T.);
#5026=EDGE_CURVE('',#4024,#4026,#1664,.T.);
#5027=EDGE_CURVE('',#4018,#4027,#2428,.T.);
#5028=EDGE_CURVE('',#4026,#4027,#2429,.T.);
#5029=EDGE_CURVE('',#4013,#4028,#2430,.T.);
#5030=EDGE_CURVE('',#4028,#4029,#2431,.T.);
#5031=EDGE_CURVE('',#4029,#4012,#2432,.T.);
#5032=EDGE_CURVE('',#4017,#4030,#2433,.T.);
#5033=EDGE_CURVE('',#4030,#4028,#1665,.T.);
#5034=EDGE_CURVE('',#4016,#4031,#2434,.T.);
#5035=EDGE_CURVE('',#4031,#4030,#2435,.T.);
#5036=EDGE_CURVE('',#4015,#4032,#2436,.T.);
#5037=EDGE_CURVE('',#4032,#4031,#1666,.T.);
#5038=EDGE_CURVE('',#4014,#4033,#2437,.T.);
#5039=EDGE_CURVE('',#4033,#4032,#2438,.T.);
#5040=EDGE_CURVE('',#4029,#4033,#1667,.T.);
#5041=EDGE_CURVE('',#4034,#4033,#2439,.T.);
#5042=EDGE_CURVE('',#4035,#4034,#2440,.T.);
#5043=EDGE_CURVE('',#4032,#4035,#2441,.T.);
#5044=EDGE_CURVE('',#4029,#4036,#2442,.T.);
#5045=EDGE_CURVE('',#4034,#4036,#1668,.T.);
#5046=EDGE_CURVE('',#4037,#4028,#2443,.T.);
#5047=EDGE_CURVE('',#4036,#4037,#2444,.T.);
#5048=EDGE_CURVE('',#4003,#4038,#2445,.T.);
#5049=EDGE_CURVE('',#4038,#4039,#2446,.T.);
#5050=EDGE_CURVE('',#4039,#4002,#2447,.T.);
#5051=EDGE_CURVE('',#4007,#4040,#2448,.T.);
#5052=EDGE_CURVE('',#4040,#4038,#1669,.T.);
#5053=EDGE_CURVE('',#4006,#4041,#2449,.T.);
#5054=EDGE_CURVE('',#4041,#4040,#2450,.T.);
#5055=EDGE_CURVE('',#4005,#4042,#2451,.T.);
#5056=EDGE_CURVE('',#4042,#4041,#1670,.T.);
#5057=EDGE_CURVE('',#4004,#4043,#2452,.T.);
#5058=EDGE_CURVE('',#4043,#4042,#2453,.T.);
#5059=EDGE_CURVE('',#4039,#4043,#1671,.T.);
#5060=EDGE_CURVE('',#4043,#4044,#2454,.T.);
#5061=EDGE_CURVE('',#4045,#4044,#2455,.T.);
#5062=EDGE_CURVE('',#4042,#4045,#2456,.T.);
#5063=EDGE_CURVE('',#4039,#4046,#2457,.T.);
#5064=EDGE_CURVE('',#4044,#4046,#1672,.T.);
#5065=EDGE_CURVE('',#4047,#4038,#2458,.T.);
#5066=EDGE_CURVE('',#4046,#4047,#2459,.T.);
#5067=EDGE_CURVE('',#4048,#4049,#2460,.T.);
#5068=EDGE_CURVE('',#4049,#3987,#2461,.T.);
#5069=EDGE_CURVE('',#3986,#4048,#2462,.T.);
#5070=EDGE_CURVE('',#3985,#4050,#2463,.T.);
#5071=EDGE_CURVE('',#4050,#4048,#2464,.T.);
#5072=EDGE_CURVE('',#3984,#4051,#2465,.T.);
#5073=EDGE_CURVE('',#4051,#4050,#2466,.T.);
#5074=EDGE_CURVE('',#3983,#4052,#2467,.T.);
#5075=EDGE_CURVE('',#4052,#4051,#1673,.T.);
#5076=EDGE_CURVE('',#3982,#4053,#2468,.T.);
#5077=EDGE_CURVE('',#4053,#4052,#1674,.T.);
#5078=EDGE_CURVE('',#4054,#4053,#2469,.T.);
#5079=EDGE_CURVE('',#3981,#4054,#2470,.T.);
#5080=EDGE_CURVE('',#3980,#4055,#2471,.T.);
#5081=EDGE_CURVE('',#4055,#4054,#2472,.T.);
#5082=EDGE_CURVE('',#4056,#4057,#2473,.T.);
#5083=EDGE_CURVE('',#4057,#3976,#2474,.T.);
#5084=EDGE_CURVE('',#3977,#4056,#2475,.T.);
#5085=EDGE_CURVE('',#4057,#4058,#1675,.T.);
#5086=EDGE_CURVE('',#4058,#3978,#2476,.T.);
#5087=EDGE_CURVE('',#4058,#4059,#1676,.T.);
#5088=EDGE_CURVE('',#4059,#3979,#2477,.T.);
#5089=EDGE_CURVE('',#4059,#4055,#2478,.T.);
#5090=EDGE_CURVE('',#4060,#4056,#2479,.T.);
#5091=EDGE_CURVE('',#3995,#4060,#2480,.T.);
#5092=EDGE_CURVE('',#3994,#4061,#2481,.T.);
#5093=EDGE_CURVE('',#4061,#4060,#2482,.T.);
#5094=EDGE_CURVE('',#3993,#4062,#2483,.T.);
#5095=EDGE_CURVE('',#4062,#4061,#1677,.T.);
#5096=EDGE_CURVE('',#3992,#4063,#2484,.T.);
#5097=EDGE_CURVE('',#4063,#4062,#1678,.T.);
#5098=EDGE_CURVE('',#3913,#4063,#2485,.T.);
#5099=EDGE_CURVE('',#3991,#3913,#2486,.T.);
#5100=EDGE_CURVE('',#3990,#3914,#2487,.T.);
#5101=EDGE_CURVE('',#4049,#4064,#1679,.T.);
#5102=EDGE_CURVE('',#4064,#3988,#2488,.T.);
#5103=EDGE_CURVE('',#4064,#4065,#1680,.T.);
#5104=EDGE_CURVE('',#4065,#3989,#2489,.T.);
#5105=EDGE_CURVE('',#4065,#3914,#2490,.T.);
#5106=EDGE_CURVE('',#4050,#4066,#2491,.T.);
#5107=EDGE_CURVE('',#4067,#4066,#2492,.T.);
#5108=EDGE_CURVE('',#4048,#4067,#2493,.T.);
#5109=EDGE_CURVE('',#3919,#4051,#2494,.T.);
#5110=EDGE_CURVE('',#4066,#3918,#2495,.T.);
#5111=EDGE_CURVE('',#4052,#4068,#2496,.T.);
#5112=EDGE_CURVE('',#4068,#3920,#43,.F.);
#5113=EDGE_CURVE('',#4053,#4069,#2497,.T.);
#5114=EDGE_CURVE('',#4068,#4069,#1681,.T.);
#5115=EDGE_CURVE('',#4054,#4070,#2498,.T.);
#5116=EDGE_CURVE('',#4069,#4070,#2499,.T.);
#5117=EDGE_CURVE('',#4055,#4071,#2500,.T.);
#5118=EDGE_CURVE('',#4070,#4071,#2501,.T.);
#5119=EDGE_CURVE('',#4059,#4072,#2502,.T.);
#5120=EDGE_CURVE('',#4071,#4072,#2503,.T.);
#5121=EDGE_CURVE('',#4058,#4073,#2504,.T.);
#5122=EDGE_CURVE('',#4072,#4073,#1682,.T.);
#5123=EDGE_CURVE('',#4057,#3924,#2505,.T.);
#5124=EDGE_CURVE('',#4073,#3923,#44,.T.);
#5125=EDGE_CURVE('',#4056,#4074,#2506,.T.);
#5126=EDGE_CURVE('',#3925,#4074,#2507,.T.);
#5127=EDGE_CURVE('',#4075,#4076,#45,.T.);
#5128=EDGE_CURVE('',#4075,#4077,#1683,.T.);
#5129=EDGE_CURVE('',#4078,#4077,#46,.T.);
#5130=EDGE_CURVE('',#4078,#4076,#1684,.T.);
#5131=EDGE_CURVE('',#4079,#4077,#2508,.T.);
#5132=EDGE_CURVE('',#4073,#4079,#2509,.T.);
#5133=EDGE_CURVE('',#3922,#4078,#1685,.T.);
#5134=EDGE_CURVE('',#4075,#4080,#2510,.T.);
#5135=EDGE_CURVE('',#4080,#4081,#29,.F.);
#5136=EDGE_CURVE('',#4081,#4082,#1686,.T.);
#5137=EDGE_CURVE('',#4079,#4082,#30,.T.);
#5138=EDGE_CURVE('',#3917,#4067,#2511,.T.);
#5139=EDGE_CURVE('',#4049,#3916,#2512,.T.);
#5140=EDGE_CURVE('',#4083,#3926,#2513,.T.);
#5141=EDGE_CURVE('',#4074,#4083,#2514,.T.);
#5142=EDGE_CURVE('',#3973,#3946,#2515,.T.);
#5143=EDGE_CURVE('',#3947,#4084,#2516,.T.);
#5144=EDGE_CURVE('',#4084,#3973,#2517,.T.);
#5145=EDGE_CURVE('',#3972,#3948,#2518,.T.);
#5146=EDGE_CURVE('',#3974,#3949,#2519,.T.);
#5147=EDGE_CURVE('',#3975,#3950,#2520,.T.);
#5148=EDGE_CURVE('',#4085,#3951,#2521,.T.);
#5149=EDGE_CURVE('',#3975,#4085,#2522,.T.);
#5150=EDGE_CURVE('',#4085,#4084,#1687,.T.);
#5151=EDGE_CURVE('',#3967,#4084,#2523,.T.);
#5152=EDGE_CURVE('',#4027,#3928,#2524,.T.);
#5153=EDGE_CURVE('',#3929,#4026,#2525,.T.);
#5154=EDGE_CURVE('',#4086,#3930,#2526,.T.);
#5155=EDGE_CURVE('',#4027,#4086,#1688,.T.);
#5156=EDGE_CURVE('',#4087,#3931,#2527,.T.);
#5157=EDGE_CURVE('',#4086,#4087,#2528,.T.);
#5158=EDGE_CURVE('',#4087,#4025,#1689,.T.);
#5159=EDGE_CURVE('',#4025,#3932,#2529,.T.);
#5160=EDGE_CURVE('',#4024,#3933,#2530,.T.);
#5161=EDGE_CURVE('',#4087,#4021,#2531,.T.);
#5162=EDGE_CURVE('',#4020,#4086,#2532,.T.);
#5163=EDGE_CURVE('',#4088,#3940,#2533,.T.);
#5164=EDGE_CURVE('',#3941,#4089,#2534,.T.);
#5165=EDGE_CURVE('',#4089,#4088,#2535,.T.);
#5166=EDGE_CURVE('',#4088,#4045,#1690,.T.);
#5167=EDGE_CURVE('',#4045,#3942,#2536,.T.);
#5168=EDGE_CURVE('',#4044,#3943,#2537,.T.);
#5169=EDGE_CURVE('',#4046,#3944,#2538,.T.);
#5170=EDGE_CURVE('',#4047,#3945,#2539,.T.);
#5171=EDGE_CURVE('',#4047,#4089,#1691,.T.);
#5172=EDGE_CURVE('',#4088,#4041,#2540,.T.);
#5173=EDGE_CURVE('',#4040,#4089,#2541,.T.);
#5174=EDGE_CURVE('',#4090,#3934,#2542,.T.);
#5175=EDGE_CURVE('',#3935,#4091,#2543,.T.);
#5176=EDGE_CURVE('',#4091,#4090,#2544,.T.);
#5177=EDGE_CURVE('',#4090,#4035,#1692,.T.);
#5178=EDGE_CURVE('',#4035,#3936,#2545,.T.);
#5179=EDGE_CURVE('',#4034,#3937,#2546,.T.);
#5180=EDGE_CURVE('',#4036,#3938,#2547,.T.);
#5181=EDGE_CURVE('',#4037,#3939,#2548,.T.);
#5182=EDGE_CURVE('',#4037,#4091,#1693,.T.);
#5183=EDGE_CURVE('',#4090,#4031,#2549,.T.);
#5184=EDGE_CURVE('',#4030,#4091,#2550,.T.);
#5185=EDGE_CURVE('',#4092,#4093,#31,.F.);
#5186=EDGE_CURVE('',#4092,#4079,#2551,.T.);
#5187=EDGE_CURVE('',#4082,#4081,#2552,.T.);
#5188=EDGE_CURVE('',#4080,#4094,#2553,.T.);
#5189=EDGE_CURVE('',#4095,#4094,#32,.F.);
#5190=EDGE_CURVE('',#4095,#4070,#2554,.T.);
#5191=EDGE_CURVE('',#4071,#4093,#2555,.T.);
#5192=EDGE_CURVE('',#4092,#4096,#1694,.T.);
#5193=EDGE_CURVE('',#4096,#4093,#1695,.T.);
#5194=EDGE_CURVE('',#3915,#4097,#2556,.T.);
#5195=EDGE_CURVE('',#4097,#3902,#1696,.T.);
#5196=EDGE_CURVE('',#3956,#4098,#1697,.T.);
#5197=EDGE_CURVE('',#4098,#3955,#1698,.T.);
#5198=EDGE_CURVE('',#3959,#4099,#1699,.T.);
#5199=EDGE_CURVE('',#4099,#3958,#1700,.T.);
#5200=EDGE_CURVE('',#3906,#4100,#1701,.T.);
#5201=EDGE_CURVE('',#4100,#3912,#2557,.T.);
#5202=EDGE_CURVE('',#4085,#3965,#2558,.T.);
#5203=EDGE_CURVE('',#4076,#3921,#1702,.T.);
#5204=EDGE_CURVE('',#4080,#4068,#2559,.T.);
#5205=EDGE_CURVE('',#4064,#3902,#2560,.T.);
#5206=EDGE_CURVE('',#4062,#3906,#2561,.T.);
#5207=EDGE_CURVE('',#3927,#4061,#2562,.T.);
#5208=EDGE_CURVE('',#4060,#4083,#2563,.T.);
#5209=EDGE_CURVE('',#4099,#4011,#2564,.T.);
#5210=EDGE_CURVE('',#4098,#4010,#2565,.T.);
#5211=EDGE_CURVE('',#4065,#4097,#2566,.T.);
#5212=EDGE_CURVE('',#4063,#4100,#2567,.T.);
#5213=EDGE_CURVE('',#4096,#4009,#2568,.T.);
#5214=EDGE_CURVE('',#4095,#4101,#1703,.T.);
#5215=EDGE_CURVE('',#4101,#4094,#1704,.T.);
#5216=EDGE_CURVE('',#4101,#4008,#2569,.T.);
#5217=ORIENTED_EDGE('',*,*,#4102,.T.);
#5218=ORIENTED_EDGE('',*,*,#4103,.T.);
#5219=ORIENTED_EDGE('',*,*,#4104,.T.);
#5220=ORIENTED_EDGE('',*,*,#4105,.T.);
#5221=ORIENTED_EDGE('',*,*,#4106,.T.);
#5222=ORIENTED_EDGE('',*,*,#4107,.T.);
#5223=ORIENTED_EDGE('',*,*,#4102,.F.);
#5224=ORIENTED_EDGE('',*,*,#4108,.T.);
#5225=ORIENTED_EDGE('',*,*,#4109,.T.);
#5226=ORIENTED_EDGE('',*,*,#4110,.T.);
#5227=ORIENTED_EDGE('',*,*,#4106,.F.);
#5228=ORIENTED_EDGE('',*,*,#4111,.T.);
#5229=ORIENTED_EDGE('',*,*,#4104,.F.);
#5230=ORIENTED_EDGE('',*,*,#4112,.T.);
#5231=ORIENTED_EDGE('',*,*,#4109,.F.);
#5232=ORIENTED_EDGE('',*,*,#4113,.T.);
#5233=ORIENTED_EDGE('',*,*,#4108,.F.);
#5234=ORIENTED_EDGE('',*,*,#4114,.T.);
#5235=ORIENTED_EDGE('',*,*,#4115,.F.);
#5236=ORIENTED_EDGE('',*,*,#4116,.F.);
#5237=ORIENTED_EDGE('',*,*,#4105,.F.);
#5238=ORIENTED_EDGE('',*,*,#4117,.T.);
#5239=ORIENTED_EDGE('',*,*,#4118,.F.);
#5240=ORIENTED_EDGE('',*,*,#4114,.F.);
#5241=ORIENTED_EDGE('',*,*,#4119,.F.);
#5242=ORIENTED_EDGE('',*,*,#4120,.F.);
#5243=ORIENTED_EDGE('',*,*,#4121,.F.);
#5244=ORIENTED_EDGE('',*,*,#4122,.T.);
#5245=ORIENTED_EDGE('',*,*,#4123,.T.);
#5246=ORIENTED_EDGE('',*,*,#4124,.T.);
#5247=ORIENTED_EDGE('',*,*,#4125,.T.);
#5248=ORIENTED_EDGE('',*,*,#4126,.T.);
#5249=ORIENTED_EDGE('',*,*,#4127,.T.);
#5250=ORIENTED_EDGE('',*,*,#4128,.T.);
#5251=ORIENTED_EDGE('',*,*,#4129,.T.);
#5252=ORIENTED_EDGE('',*,*,#4130,.T.);
#5253=ORIENTED_EDGE('',*,*,#4103,.F.);
#5254=ORIENTED_EDGE('',*,*,#4107,.F.);
#5255=ORIENTED_EDGE('',*,*,#4110,.F.);
#5256=ORIENTED_EDGE('',*,*,#4112,.F.);
#5257=ORIENTED_EDGE('',*,*,#4131,.T.);
#5258=ORIENTED_EDGE('',*,*,#4132,.T.);
#5259=ORIENTED_EDGE('',*,*,#4133,.T.);
#5260=ORIENTED_EDGE('',*,*,#4118,.T.);
#5261=ORIENTED_EDGE('',*,*,#4134,.T.);
#5262=ORIENTED_EDGE('',*,*,#4135,.T.);
#5263=ORIENTED_EDGE('',*,*,#4131,.F.);
#5264=ORIENTED_EDGE('',*,*,#4136,.T.);
#5265=ORIENTED_EDGE('',*,*,#4137,.T.);
#5266=ORIENTED_EDGE('',*,*,#4138,.T.);
#5267=ORIENTED_EDGE('',*,*,#4134,.F.);
#5268=ORIENTED_EDGE('',*,*,#4139,.T.);
#5269=ORIENTED_EDGE('',*,*,#4133,.F.);
#5270=ORIENTED_EDGE('',*,*,#4140,.T.);
#5271=ORIENTED_EDGE('',*,*,#4137,.F.);
#5272=ORIENTED_EDGE('',*,*,#4115,.T.);
#5273=ORIENTED_EDGE('',*,*,#4113,.F.);
#5274=ORIENTED_EDGE('',*,*,#4141,.T.);
#5275=ORIENTED_EDGE('',*,*,#4136,.F.);
#5276=ORIENTED_EDGE('',*,*,#4117,.F.);
#5277=ORIENTED_EDGE('',*,*,#4142,.F.);
#5278=ORIENTED_EDGE('',*,*,#4143,.F.);
#5279=ORIENTED_EDGE('',*,*,#4144,.F.);
#5280=ORIENTED_EDGE('',*,*,#4145,.F.);
#5281=ORIENTED_EDGE('',*,*,#4132,.F.);
#5282=ORIENTED_EDGE('',*,*,#4135,.F.);
#5283=ORIENTED_EDGE('',*,*,#4138,.F.);
#5284=ORIENTED_EDGE('',*,*,#4140,.F.);
#5285=ORIENTED_EDGE('',*,*,#4111,.F.);
#5286=ORIENTED_EDGE('',*,*,#4116,.T.);
#5287=ORIENTED_EDGE('',*,*,#4139,.F.);
#5288=ORIENTED_EDGE('',*,*,#4141,.F.);
#5289=ORIENTED_EDGE('',*,*,#4146,.T.);
#5290=ORIENTED_EDGE('',*,*,#4147,.T.);
#5291=ORIENTED_EDGE('',*,*,#4148,.T.);
#5292=ORIENTED_EDGE('',*,*,#4147,.F.);
#5293=ORIENTED_EDGE('',*,*,#4148,.F.);
#5294=ORIENTED_EDGE('',*,*,#4149,.T.);
#5295=ORIENTED_EDGE('',*,*,#4150,.F.);
#5296=ORIENTED_EDGE('',*,*,#4149,.F.);
#5297=ORIENTED_EDGE('',*,*,#4146,.F.);
#5298=ORIENTED_EDGE('',*,*,#4151,.T.);
#5299=ORIENTED_EDGE('',*,*,#4152,.T.);
#5300=ORIENTED_EDGE('',*,*,#4153,.T.);
#5301=ORIENTED_EDGE('',*,*,#4154,.T.);
#5302=ORIENTED_EDGE('',*,*,#4153,.F.);
#5303=ORIENTED_EDGE('',*,*,#4154,.F.);
#5304=ORIENTED_EDGE('',*,*,#4155,.T.);
#5305=ORIENTED_EDGE('',*,*,#4156,.F.);
#5306=ORIENTED_EDGE('',*,*,#4155,.F.);
#5307=ORIENTED_EDGE('',*,*,#4152,.F.);
#5308=ORIENTED_EDGE('',*,*,#4157,.T.);
#5309=ORIENTED_EDGE('',*,*,#4158,.T.);
#5310=ORIENTED_EDGE('',*,*,#4159,.T.);
#5311=ORIENTED_EDGE('',*,*,#4160,.T.);
#5312=ORIENTED_EDGE('',*,*,#4159,.F.);
#5313=ORIENTED_EDGE('',*,*,#4160,.F.);
#5314=ORIENTED_EDGE('',*,*,#4161,.T.);
#5315=ORIENTED_EDGE('',*,*,#4162,.F.);
#5316=ORIENTED_EDGE('',*,*,#4161,.F.);
#5317=ORIENTED_EDGE('',*,*,#4158,.F.);
#5318=ORIENTED_EDGE('',*,*,#4163,.T.);
#5319=ORIENTED_EDGE('',*,*,#4164,.T.);
#5320=ORIENTED_EDGE('',*,*,#4165,.T.);
#5321=ORIENTED_EDGE('',*,*,#4166,.T.);
#5322=ORIENTED_EDGE('',*,*,#4165,.F.);
#5323=ORIENTED_EDGE('',*,*,#4166,.F.);
#5324=ORIENTED_EDGE('',*,*,#4167,.T.);
#5325=ORIENTED_EDGE('',*,*,#4168,.F.);
#5326=ORIENTED_EDGE('',*,*,#4167,.F.);
#5327=ORIENTED_EDGE('',*,*,#4164,.F.);
#5328=ORIENTED_EDGE('',*,*,#4169,.T.);
#5329=ORIENTED_EDGE('',*,*,#4170,.T.);
#5330=ORIENTED_EDGE('',*,*,#4171,.T.);
#5331=ORIENTED_EDGE('',*,*,#4172,.T.);
#5332=ORIENTED_EDGE('',*,*,#4173,.T.);
#5333=ORIENTED_EDGE('',*,*,#4174,.T.);
#5334=ORIENTED_EDGE('',*,*,#4175,.T.);
#5335=ORIENTED_EDGE('',*,*,#4176,.T.);
#5336=ORIENTED_EDGE('',*,*,#4172,.F.);
#5337=ORIENTED_EDGE('',*,*,#4177,.T.);
#5338=ORIENTED_EDGE('',*,*,#4178,.T.);
#5339=ORIENTED_EDGE('',*,*,#4179,.T.);
#5340=ORIENTED_EDGE('',*,*,#4175,.F.);
#5341=ORIENTED_EDGE('',*,*,#4180,.T.);
#5342=ORIENTED_EDGE('',*,*,#4181,.T.);
#5343=ORIENTED_EDGE('',*,*,#4173,.F.);
#5344=ORIENTED_EDGE('',*,*,#4176,.F.);
#5345=ORIENTED_EDGE('',*,*,#4179,.F.);
#5346=ORIENTED_EDGE('',*,*,#4182,.F.);
#5347=ORIENTED_EDGE('',*,*,#4183,.F.);
#5348=ORIENTED_EDGE('',*,*,#4184,.F.);
#5349=ORIENTED_EDGE('',*,*,#4120,.T.);
#5350=ORIENTED_EDGE('',*,*,#4185,.F.);
#5351=ORIENTED_EDGE('',*,*,#4178,.F.);
#5352=ORIENTED_EDGE('',*,*,#4186,.F.);
#5353=ORIENTED_EDGE('',*,*,#4187,.T.);
#5354=ORIENTED_EDGE('',*,*,#4188,.F.);
#5355=ORIENTED_EDGE('',*,*,#4182,.T.);
#5356=ORIENTED_EDGE('',*,*,#4181,.F.);
#5357=ORIENTED_EDGE('',*,*,#4189,.T.);
#5358=ORIENTED_EDGE('',*,*,#4190,.T.);
#5359=ORIENTED_EDGE('',*,*,#4191,.T.);
#5360=ORIENTED_EDGE('',*,*,#4192,.T.);
#5361=ORIENTED_EDGE('',*,*,#4186,.T.);
#5362=ORIENTED_EDGE('',*,*,#4192,.F.);
#5363=ORIENTED_EDGE('',*,*,#4193,.F.);
#5364=ORIENTED_EDGE('',*,*,#4194,.F.);
#5365=ORIENTED_EDGE('',*,*,#4195,.F.);
#5366=ORIENTED_EDGE('',*,*,#4196,.F.);
#5367=ORIENTED_EDGE('',*,*,#4197,.F.);
#5368=ORIENTED_EDGE('',*,*,#4198,.F.);
#5369=ORIENTED_EDGE('',*,*,#4199,.F.);
#5370=ORIENTED_EDGE('',*,*,#4200,.F.);
#5371=ORIENTED_EDGE('',*,*,#4201,.F.);
#5372=ORIENTED_EDGE('',*,*,#4202,.F.);
#5373=ORIENTED_EDGE('',*,*,#4203,.F.);
#5374=ORIENTED_EDGE('',*,*,#4204,.F.);
#5375=ORIENTED_EDGE('',*,*,#4205,.F.);
#5376=ORIENTED_EDGE('',*,*,#4206,.F.);
#5377=ORIENTED_EDGE('',*,*,#4207,.F.);
#5378=ORIENTED_EDGE('',*,*,#4208,.F.);
#5379=ORIENTED_EDGE('',*,*,#4209,.F.);
#5380=ORIENTED_EDGE('',*,*,#4210,.F.);
#5381=ORIENTED_EDGE('',*,*,#4187,.F.);
#5382=ORIENTED_EDGE('',*,*,#4211,.T.);
#5383=ORIENTED_EDGE('',*,*,#4191,.F.);
#5384=ORIENTED_EDGE('',*,*,#4212,.F.);
#5385=ORIENTED_EDGE('',*,*,#4213,.T.);
#5386=ORIENTED_EDGE('',*,*,#4214,.T.);
#5387=ORIENTED_EDGE('',*,*,#4193,.T.);
#5388=ORIENTED_EDGE('',*,*,#4190,.F.);
#5389=ORIENTED_EDGE('',*,*,#4215,.T.);
#5390=ORIENTED_EDGE('',*,*,#4216,.T.);
#5391=ORIENTED_EDGE('',*,*,#4217,.T.);
#5392=ORIENTED_EDGE('',*,*,#4212,.T.);
#5393=ORIENTED_EDGE('',*,*,#4170,.F.);
#5394=ORIENTED_EDGE('',*,*,#4218,.T.);
#5395=ORIENTED_EDGE('',*,*,#4206,.T.);
#5396=ORIENTED_EDGE('',*,*,#4219,.T.);
#5397=ORIENTED_EDGE('',*,*,#4220,.T.);
#5398=ORIENTED_EDGE('',*,*,#4221,.T.);
#5399=ORIENTED_EDGE('',*,*,#4219,.F.);
#5400=ORIENTED_EDGE('',*,*,#4205,.T.);
#5401=ORIENTED_EDGE('',*,*,#4222,.F.);
#5402=ORIENTED_EDGE('',*,*,#4223,.T.);
#5403=ORIENTED_EDGE('',*,*,#4224,.F.);
#5404=ORIENTED_EDGE('',*,*,#4174,.F.);
#5405=ORIENTED_EDGE('',*,*,#4185,.T.);
#5406=ORIENTED_EDGE('',*,*,#4225,.F.);
#5407=ORIENTED_EDGE('',*,*,#4207,.T.);
#5408=ORIENTED_EDGE('',*,*,#4218,.F.);
#5409=ORIENTED_EDGE('',*,*,#4226,.T.);
#5410=ORIENTED_EDGE('',*,*,#4227,.T.);
#5411=ORIENTED_EDGE('',*,*,#4216,.F.);
#5412=ORIENTED_EDGE('',*,*,#4228,.T.);
#5413=ORIENTED_EDGE('',*,*,#4220,.F.);
#5414=ORIENTED_EDGE('',*,*,#4224,.T.);
#5415=ORIENTED_EDGE('',*,*,#4229,.T.);
#5416=ORIENTED_EDGE('',*,*,#4226,.F.);
#5417=ORIENTED_EDGE('',*,*,#4230,.T.);
#5418=ORIENTED_EDGE('',*,*,#4217,.F.);
#5419=ORIENTED_EDGE('',*,*,#4227,.F.);
#5420=ORIENTED_EDGE('',*,*,#4229,.F.);
#5421=ORIENTED_EDGE('',*,*,#4223,.F.);
#5422=ORIENTED_EDGE('',*,*,#4231,.F.);
#5423=ORIENTED_EDGE('',*,*,#4232,.F.);
#5424=ORIENTED_EDGE('',*,*,#4233,.F.);
#5425=ORIENTED_EDGE('',*,*,#4213,.F.);
#5426=ORIENTED_EDGE('',*,*,#4214,.F.);
#5427=ORIENTED_EDGE('',*,*,#4234,.T.);
#5428=ORIENTED_EDGE('',*,*,#4235,.T.);
#5429=ORIENTED_EDGE('',*,*,#4194,.T.);
#5430=ORIENTED_EDGE('',*,*,#4236,.T.);
#5431=ORIENTED_EDGE('',*,*,#4195,.T.);
#5432=ORIENTED_EDGE('',*,*,#4235,.F.);
#5433=ORIENTED_EDGE('',*,*,#4237,.T.);
#5434=ORIENTED_EDGE('',*,*,#4236,.F.);
#5435=ORIENTED_EDGE('',*,*,#4238,.T.);
#5436=ORIENTED_EDGE('',*,*,#4239,.T.);
#5437=ORIENTED_EDGE('',*,*,#4196,.T.);
#5438=ORIENTED_EDGE('',*,*,#4240,.T.);
#5439=ORIENTED_EDGE('',*,*,#4197,.T.);
#5440=ORIENTED_EDGE('',*,*,#4239,.F.);
#5441=ORIENTED_EDGE('',*,*,#4241,.T.);
#5442=ORIENTED_EDGE('',*,*,#4240,.F.);
#5443=ORIENTED_EDGE('',*,*,#4242,.T.);
#5444=ORIENTED_EDGE('',*,*,#4243,.T.);
#5445=ORIENTED_EDGE('',*,*,#4198,.T.);
#5446=ORIENTED_EDGE('',*,*,#4244,.T.);
#5447=ORIENTED_EDGE('',*,*,#4199,.T.);
#5448=ORIENTED_EDGE('',*,*,#4243,.F.);
#5449=ORIENTED_EDGE('',*,*,#4245,.T.);
#5450=ORIENTED_EDGE('',*,*,#4244,.F.);
#5451=ORIENTED_EDGE('',*,*,#4246,.T.);
#5452=ORIENTED_EDGE('',*,*,#4247,.T.);
#5453=ORIENTED_EDGE('',*,*,#4200,.T.);
#5454=ORIENTED_EDGE('',*,*,#4248,.T.);
#5455=ORIENTED_EDGE('',*,*,#4201,.T.);
#5456=ORIENTED_EDGE('',*,*,#4247,.F.);
#5457=ORIENTED_EDGE('',*,*,#4249,.T.);
#5458=ORIENTED_EDGE('',*,*,#4248,.F.);
#5459=ORIENTED_EDGE('',*,*,#4250,.T.);
#5460=ORIENTED_EDGE('',*,*,#4251,.T.);
#5461=ORIENTED_EDGE('',*,*,#4202,.T.);
#5462=ORIENTED_EDGE('',*,*,#4252,.T.);
#5463=ORIENTED_EDGE('',*,*,#4203,.T.);
#5464=ORIENTED_EDGE('',*,*,#4251,.F.);
#5465=ORIENTED_EDGE('',*,*,#4142,.T.);
#5466=ORIENTED_EDGE('',*,*,#4252,.F.);
#5467=ORIENTED_EDGE('',*,*,#4253,.T.);
#5468=ORIENTED_EDGE('',*,*,#4222,.T.);
#5469=ORIENTED_EDGE('',*,*,#4204,.T.);
#5470=ORIENTED_EDGE('',*,*,#4253,.F.);
#5471=ORIENTED_EDGE('',*,*,#4145,.T.);
#5472=ORIENTED_EDGE('',*,*,#4254,.F.);
#5473=ORIENTED_EDGE('',*,*,#4231,.T.);
#5474=ORIENTED_EDGE('',*,*,#4250,.F.);
#5475=ORIENTED_EDGE('',*,*,#4255,.T.);
#5476=ORIENTED_EDGE('',*,*,#4256,.F.);
#5477=ORIENTED_EDGE('',*,*,#4143,.T.);
#5478=ORIENTED_EDGE('',*,*,#4249,.F.);
#5479=ORIENTED_EDGE('',*,*,#4257,.F.);
#5480=ORIENTED_EDGE('',*,*,#4258,.F.);
#5481=ORIENTED_EDGE('',*,*,#4255,.F.);
#5482=ORIENTED_EDGE('',*,*,#4259,.F.);
#5483=ORIENTED_EDGE('',*,*,#4260,.F.);
#5484=ORIENTED_EDGE('',*,*,#4261,.F.);
#5485=ORIENTED_EDGE('',*,*,#4262,.F.);
#5486=ORIENTED_EDGE('',*,*,#4246,.F.);
#5487=ORIENTED_EDGE('',*,*,#4263,.T.);
#5488=ORIENTED_EDGE('',*,*,#4264,.F.);
#5489=ORIENTED_EDGE('',*,*,#4257,.T.);
#5490=ORIENTED_EDGE('',*,*,#4245,.F.);
#5491=ORIENTED_EDGE('',*,*,#4265,.F.);
#5492=ORIENTED_EDGE('',*,*,#4266,.F.);
#5493=ORIENTED_EDGE('',*,*,#4263,.F.);
#5494=ORIENTED_EDGE('',*,*,#4242,.F.);
#5495=ORIENTED_EDGE('',*,*,#4267,.T.);
#5496=ORIENTED_EDGE('',*,*,#4268,.F.);
#5497=ORIENTED_EDGE('',*,*,#4265,.T.);
#5498=ORIENTED_EDGE('',*,*,#4241,.F.);
#5499=ORIENTED_EDGE('',*,*,#4269,.F.);
#5500=ORIENTED_EDGE('',*,*,#4270,.F.);
#5501=ORIENTED_EDGE('',*,*,#4267,.F.);
#5502=ORIENTED_EDGE('',*,*,#4238,.F.);
#5503=ORIENTED_EDGE('',*,*,#4271,.T.);
#5504=ORIENTED_EDGE('',*,*,#4272,.F.);
#5505=ORIENTED_EDGE('',*,*,#4269,.T.);
#5506=ORIENTED_EDGE('',*,*,#4237,.F.);
#5507=ORIENTED_EDGE('',*,*,#4273,.F.);
#5508=ORIENTED_EDGE('',*,*,#4274,.F.);
#5509=ORIENTED_EDGE('',*,*,#4271,.F.);
#5510=ORIENTED_EDGE('',*,*,#4234,.F.);
#5511=ORIENTED_EDGE('',*,*,#4233,.T.);
#5512=ORIENTED_EDGE('',*,*,#4275,.F.);
#5513=ORIENTED_EDGE('',*,*,#4273,.T.);
#5514=ORIENTED_EDGE('',*,*,#4180,.F.);
#5515=ORIENTED_EDGE('',*,*,#4276,.F.);
#5516=ORIENTED_EDGE('',*,*,#4215,.F.);
#5517=ORIENTED_EDGE('',*,*,#4189,.F.);
#5518=ORIENTED_EDGE('',*,*,#4208,.T.);
#5519=ORIENTED_EDGE('',*,*,#4225,.T.);
#5520=ORIENTED_EDGE('',*,*,#4119,.T.);
#5521=ORIENTED_EDGE('',*,*,#4277,.T.);
#5522=ORIENTED_EDGE('',*,*,#4209,.T.);
#5523=ORIENTED_EDGE('',*,*,#4277,.F.);
#5524=ORIENTED_EDGE('',*,*,#4278,.T.);
#5525=ORIENTED_EDGE('',*,*,#4279,.T.);
#5526=ORIENTED_EDGE('',*,*,#4210,.T.);
#5527=ORIENTED_EDGE('',*,*,#4279,.F.);
#5528=ORIENTED_EDGE('',*,*,#4280,.T.);
#5529=ORIENTED_EDGE('',*,*,#4188,.T.);
#5530=ORIENTED_EDGE('',*,*,#4281,.T.);
#5531=ORIENTED_EDGE('',*,*,#4259,.T.);
#5532=ORIENTED_EDGE('',*,*,#4282,.T.);
#5533=ORIENTED_EDGE('',*,*,#4283,.T.);
#5534=ORIENTED_EDGE('',*,*,#4284,.T.);
#5535=ORIENTED_EDGE('',*,*,#4260,.T.);
#5536=ORIENTED_EDGE('',*,*,#4281,.F.);
#5537=ORIENTED_EDGE('',*,*,#4285,.T.);
#5538=ORIENTED_EDGE('',*,*,#4286,.T.);
#5539=ORIENTED_EDGE('',*,*,#4261,.T.);
#5540=ORIENTED_EDGE('',*,*,#4284,.F.);
#5541=ORIENTED_EDGE('',*,*,#4287,.T.);
#5542=ORIENTED_EDGE('',*,*,#4282,.F.);
#5543=ORIENTED_EDGE('',*,*,#4262,.T.);
#5544=ORIENTED_EDGE('',*,*,#4286,.F.);
#5545=ORIENTED_EDGE('',*,*,#4288,.T.);
#5546=ORIENTED_EDGE('',*,*,#4285,.F.);
#5547=ORIENTED_EDGE('',*,*,#4289,.T.);
#5548=ORIENTED_EDGE('',*,*,#4290,.F.);
#5549=ORIENTED_EDGE('',*,*,#4291,.F.);
#5550=ORIENTED_EDGE('',*,*,#4283,.F.);
#5551=ORIENTED_EDGE('',*,*,#4292,.T.);
#5552=ORIENTED_EDGE('',*,*,#4293,.F.);
#5553=ORIENTED_EDGE('',*,*,#4289,.F.);
#5554=ORIENTED_EDGE('',*,*,#4294,.T.);
#5555=ORIENTED_EDGE('',*,*,#4295,.T.);
#5556=ORIENTED_EDGE('',*,*,#4296,.T.);
#5557=ORIENTED_EDGE('',*,*,#4293,.T.);
#5558=ORIENTED_EDGE('',*,*,#4297,.T.);
#5559=ORIENTED_EDGE('',*,*,#4298,.T.);
#5560=ORIENTED_EDGE('',*,*,#4294,.F.);
#5561=ORIENTED_EDGE('',*,*,#4299,.T.);
#5562=ORIENTED_EDGE('',*,*,#4300,.T.);
#5563=ORIENTED_EDGE('',*,*,#4301,.T.);
#5564=ORIENTED_EDGE('',*,*,#4297,.F.);
#5565=ORIENTED_EDGE('',*,*,#4302,.T.);
#5566=ORIENTED_EDGE('',*,*,#4296,.F.);
#5567=ORIENTED_EDGE('',*,*,#4303,.T.);
#5568=ORIENTED_EDGE('',*,*,#4300,.F.);
#5569=ORIENTED_EDGE('',*,*,#4290,.T.);
#5570=ORIENTED_EDGE('',*,*,#4288,.F.);
#5571=ORIENTED_EDGE('',*,*,#4304,.T.);
#5572=ORIENTED_EDGE('',*,*,#4299,.F.);
#5573=ORIENTED_EDGE('',*,*,#4292,.F.);
#5574=ORIENTED_EDGE('',*,*,#4278,.F.);
#5575=ORIENTED_EDGE('',*,*,#4122,.F.);
#5576=ORIENTED_EDGE('',*,*,#4305,.F.);
#5577=ORIENTED_EDGE('',*,*,#4306,.T.);
#5578=ORIENTED_EDGE('',*,*,#4295,.F.);
#5579=ORIENTED_EDGE('',*,*,#4298,.F.);
#5580=ORIENTED_EDGE('',*,*,#4301,.F.);
#5581=ORIENTED_EDGE('',*,*,#4303,.F.);
#5582=ORIENTED_EDGE('',*,*,#4307,.T.);
#5583=ORIENTED_EDGE('',*,*,#4258,.T.);
#5584=ORIENTED_EDGE('',*,*,#4308,.T.);
#5585=ORIENTED_EDGE('',*,*,#4309,.T.);
#5586=ORIENTED_EDGE('',*,*,#4310,.T.);
#5587=ORIENTED_EDGE('',*,*,#4256,.T.);
#5588=ORIENTED_EDGE('',*,*,#4307,.F.);
#5589=ORIENTED_EDGE('',*,*,#4311,.T.);
#5590=ORIENTED_EDGE('',*,*,#4312,.T.);
#5591=ORIENTED_EDGE('',*,*,#4144,.T.);
#5592=ORIENTED_EDGE('',*,*,#4310,.F.);
#5593=ORIENTED_EDGE('',*,*,#4313,.T.);
#5594=ORIENTED_EDGE('',*,*,#4314,.T.);
#5595=ORIENTED_EDGE('',*,*,#4254,.T.);
#5596=ORIENTED_EDGE('',*,*,#4312,.F.);
#5597=ORIENTED_EDGE('',*,*,#4315,.T.);
#5598=ORIENTED_EDGE('',*,*,#4316,.T.);
#5599=ORIENTED_EDGE('',*,*,#4232,.T.);
#5600=ORIENTED_EDGE('',*,*,#4314,.F.);
#5601=ORIENTED_EDGE('',*,*,#4317,.T.);
#5602=ORIENTED_EDGE('',*,*,#4318,.T.);
#5603=ORIENTED_EDGE('',*,*,#4275,.T.);
#5604=ORIENTED_EDGE('',*,*,#4316,.F.);
#5605=ORIENTED_EDGE('',*,*,#4319,.T.);
#5606=ORIENTED_EDGE('',*,*,#4320,.T.);
#5607=ORIENTED_EDGE('',*,*,#4274,.T.);
#5608=ORIENTED_EDGE('',*,*,#4318,.F.);
#5609=ORIENTED_EDGE('',*,*,#4321,.T.);
#5610=ORIENTED_EDGE('',*,*,#4322,.T.);
#5611=ORIENTED_EDGE('',*,*,#4272,.T.);
#5612=ORIENTED_EDGE('',*,*,#4320,.F.);
#5613=ORIENTED_EDGE('',*,*,#4323,.T.);
#5614=ORIENTED_EDGE('',*,*,#4324,.T.);
#5615=ORIENTED_EDGE('',*,*,#4270,.T.);
#5616=ORIENTED_EDGE('',*,*,#4322,.F.);
#5617=ORIENTED_EDGE('',*,*,#4325,.T.);
#5618=ORIENTED_EDGE('',*,*,#4326,.T.);
#5619=ORIENTED_EDGE('',*,*,#4268,.T.);
#5620=ORIENTED_EDGE('',*,*,#4324,.F.);
#5621=ORIENTED_EDGE('',*,*,#4327,.T.);
#5622=ORIENTED_EDGE('',*,*,#4328,.T.);
#5623=ORIENTED_EDGE('',*,*,#4266,.T.);
#5624=ORIENTED_EDGE('',*,*,#4326,.F.);
#5625=ORIENTED_EDGE('',*,*,#4329,.T.);
#5626=ORIENTED_EDGE('',*,*,#4308,.F.);
#5627=ORIENTED_EDGE('',*,*,#4264,.T.);
#5628=ORIENTED_EDGE('',*,*,#4328,.F.);
#5629=ORIENTED_EDGE('',*,*,#4330,.T.);
#5630=ORIENTED_EDGE('',*,*,#4309,.F.);
#5631=ORIENTED_EDGE('',*,*,#4330,.F.);
#5632=ORIENTED_EDGE('',*,*,#4329,.F.);
#5633=ORIENTED_EDGE('',*,*,#4327,.F.);
#5634=ORIENTED_EDGE('',*,*,#4325,.F.);
#5635=ORIENTED_EDGE('',*,*,#4323,.F.);
#5636=ORIENTED_EDGE('',*,*,#4321,.F.);
#5637=ORIENTED_EDGE('',*,*,#4319,.F.);
#5638=ORIENTED_EDGE('',*,*,#4317,.F.);
#5639=ORIENTED_EDGE('',*,*,#4315,.F.);
#5640=ORIENTED_EDGE('',*,*,#4313,.F.);
#5641=ORIENTED_EDGE('',*,*,#4311,.F.);
#5642=ORIENTED_EDGE('',*,*,#4129,.F.);
#5643=ORIENTED_EDGE('',*,*,#4331,.F.);
#5644=ORIENTED_EDGE('',*,*,#4332,.T.);
#5645=ORIENTED_EDGE('',*,*,#4333,.T.);
#5646=ORIENTED_EDGE('',*,*,#4130,.F.);
#5647=ORIENTED_EDGE('',*,*,#4333,.F.);
#5648=ORIENTED_EDGE('',*,*,#4334,.F.);
#5649=ORIENTED_EDGE('',*,*,#4125,.F.);
#5650=ORIENTED_EDGE('',*,*,#4335,.T.);
#5651=ORIENTED_EDGE('',*,*,#4336,.T.);
#5652=ORIENTED_EDGE('',*,*,#4337,.T.);
#5653=ORIENTED_EDGE('',*,*,#4126,.F.);
#5654=ORIENTED_EDGE('',*,*,#4337,.F.);
#5655=ORIENTED_EDGE('',*,*,#4338,.F.);
#5656=ORIENTED_EDGE('',*,*,#4127,.F.);
#5657=ORIENTED_EDGE('',*,*,#4334,.T.);
#5658=ORIENTED_EDGE('',*,*,#4332,.F.);
#5659=ORIENTED_EDGE('',*,*,#4339,.F.);
#5660=ORIENTED_EDGE('',*,*,#4128,.F.);
#5661=ORIENTED_EDGE('',*,*,#4339,.T.);
#5662=ORIENTED_EDGE('',*,*,#4331,.T.);
#5663=ORIENTED_EDGE('',*,*,#4123,.F.);
#5664=ORIENTED_EDGE('',*,*,#4338,.T.);
#5665=ORIENTED_EDGE('',*,*,#4336,.F.);
#5666=ORIENTED_EDGE('',*,*,#4340,.T.);
#5667=ORIENTED_EDGE('',*,*,#4124,.F.);
#5668=ORIENTED_EDGE('',*,*,#4340,.F.);
#5669=ORIENTED_EDGE('',*,*,#4335,.F.);
#5670=ORIENTED_EDGE('',*,*,#4341,.F.);
#5671=ORIENTED_EDGE('',*,*,#4342,.T.);
#5672=ORIENTED_EDGE('',*,*,#4211,.F.);
#5673=ORIENTED_EDGE('',*,*,#4343,.T.);
#5674=ORIENTED_EDGE('',*,*,#4341,.T.);
#5675=ORIENTED_EDGE('',*,*,#4343,.F.);
#5676=ORIENTED_EDGE('',*,*,#4342,.F.);
#5677=ORIENTED_EDGE('',*,*,#4344,.T.);
#5678=ORIENTED_EDGE('',*,*,#4345,.T.);
#5679=ORIENTED_EDGE('',*,*,#4344,.F.);
#5680=ORIENTED_EDGE('',*,*,#4345,.F.);
#5681=ORIENTED_EDGE('',*,*,#4287,.F.);
#5682=ORIENTED_EDGE('',*,*,#4291,.T.);
#5683=ORIENTED_EDGE('',*,*,#4302,.F.);
#5684=ORIENTED_EDGE('',*,*,#4304,.F.);
#5685=ORIENTED_EDGE('',*,*,#4177,.F.);
#5686=ORIENTED_EDGE('',*,*,#4346,.F.);
#5687=ORIENTED_EDGE('',*,*,#4228,.F.);
#5688=ORIENTED_EDGE('',*,*,#4276,.T.);
#5689=ORIENTED_EDGE('',*,*,#4171,.F.);
#5690=ORIENTED_EDGE('',*,*,#4221,.F.);
#5691=ORIENTED_EDGE('',*,*,#4230,.F.);
#5692=ORIENTED_EDGE('',*,*,#4346,.T.);
#5693=ORIENTED_EDGE('',*,*,#4347,.F.);
#5694=ORIENTED_EDGE('',*,*,#4348,.F.);
#5695=ORIENTED_EDGE('',*,*,#4349,.F.);
#5696=ORIENTED_EDGE('',*,*,#4350,.F.);
#5697=ORIENTED_EDGE('',*,*,#4163,.F.);
#5698=ORIENTED_EDGE('',*,*,#4351,.T.);
#5699=ORIENTED_EDGE('',*,*,#4348,.T.);
#5700=ORIENTED_EDGE('',*,*,#4351,.F.);
#5701=ORIENTED_EDGE('',*,*,#4184,.T.);
#5702=ORIENTED_EDGE('',*,*,#4352,.T.);
#5703=ORIENTED_EDGE('',*,*,#4305,.T.);
#5704=ORIENTED_EDGE('',*,*,#4121,.T.);
#5705=ORIENTED_EDGE('',*,*,#4168,.T.);
#5706=ORIENTED_EDGE('',*,*,#4156,.T.);
#5707=ORIENTED_EDGE('',*,*,#4150,.T.);
#5708=ORIENTED_EDGE('',*,*,#4162,.T.);
#5709=ORIENTED_EDGE('',*,*,#4169,.F.);
#5710=ORIENTED_EDGE('',*,*,#4353,.T.);
#5711=ORIENTED_EDGE('',*,*,#4349,.T.);
#5712=ORIENTED_EDGE('',*,*,#4353,.F.);
#5713=ORIENTED_EDGE('',*,*,#4151,.F.);
#5714=ORIENTED_EDGE('',*,*,#4354,.T.);
#5715=ORIENTED_EDGE('',*,*,#4350,.T.);
#5716=ORIENTED_EDGE('',*,*,#4354,.F.);
#5717=ORIENTED_EDGE('',*,*,#4157,.F.);
#5718=ORIENTED_EDGE('',*,*,#4355,.T.);
#5719=ORIENTED_EDGE('',*,*,#4347,.T.);
#5720=ORIENTED_EDGE('',*,*,#4355,.F.);
#5721=ORIENTED_EDGE('',*,*,#4280,.F.);
#5722=ORIENTED_EDGE('',*,*,#4306,.F.);
#5723=ORIENTED_EDGE('',*,*,#4352,.F.);
#5724=ORIENTED_EDGE('',*,*,#4183,.T.);
#5725=ORIENTED_EDGE('',*,*,#4356,.T.);
#5726=ORIENTED_EDGE('',*,*,#4357,.T.);
#5727=ORIENTED_EDGE('',*,*,#4358,.T.);
#5728=ORIENTED_EDGE('',*,*,#4357,.F.);
#5729=ORIENTED_EDGE('',*,*,#4359,.F.);
#5730=ORIENTED_EDGE('',*,*,#4360,.F.);
#5731=ORIENTED_EDGE('',*,*,#4361,.F.);
#5732=ORIENTED_EDGE('',*,*,#4362,.F.);
#5733=ORIENTED_EDGE('',*,*,#4363,.F.);
#5734=ORIENTED_EDGE('',*,*,#4364,.F.);
#5735=ORIENTED_EDGE('',*,*,#4365,.F.);
#5736=ORIENTED_EDGE('',*,*,#4366,.F.);
#5737=ORIENTED_EDGE('',*,*,#4367,.F.);
#5738=ORIENTED_EDGE('',*,*,#4368,.F.);
#5739=ORIENTED_EDGE('',*,*,#4369,.F.);
#5740=ORIENTED_EDGE('',*,*,#4370,.F.);
#5741=ORIENTED_EDGE('',*,*,#4371,.T.);
#5742=ORIENTED_EDGE('',*,*,#4372,.F.);
#5743=ORIENTED_EDGE('',*,*,#4373,.T.);
#5744=ORIENTED_EDGE('',*,*,#4374,.F.);
#5745=ORIENTED_EDGE('',*,*,#4375,.T.);
#5746=ORIENTED_EDGE('',*,*,#4376,.F.);
#5747=ORIENTED_EDGE('',*,*,#4377,.T.);
#5748=ORIENTED_EDGE('',*,*,#4378,.F.);
#5749=ORIENTED_EDGE('',*,*,#4356,.F.);
#5750=ORIENTED_EDGE('',*,*,#4379,.F.);
#5751=ORIENTED_EDGE('',*,*,#4380,.F.);
#5752=ORIENTED_EDGE('',*,*,#4381,.T.);
#5753=ORIENTED_EDGE('',*,*,#4358,.F.);
#5754=ORIENTED_EDGE('',*,*,#4381,.F.);
#5755=ORIENTED_EDGE('',*,*,#4382,.T.);
#5756=ORIENTED_EDGE('',*,*,#4383,.T.);
#5757=ORIENTED_EDGE('',*,*,#4384,.T.);
#5758=ORIENTED_EDGE('',*,*,#4359,.T.);
#5759=ORIENTED_EDGE('',*,*,#4385,.T.);
#5760=ORIENTED_EDGE('',*,*,#4386,.T.);
#5761=ORIENTED_EDGE('',*,*,#4382,.F.);
#5762=ORIENTED_EDGE('',*,*,#4370,.T.);
#5763=ORIENTED_EDGE('',*,*,#4387,.T.);
#5764=ORIENTED_EDGE('',*,*,#4388,.T.);
#5765=ORIENTED_EDGE('',*,*,#4385,.F.);
#5766=ORIENTED_EDGE('',*,*,#4369,.T.);
#5767=ORIENTED_EDGE('',*,*,#4389,.T.);
#5768=ORIENTED_EDGE('',*,*,#4390,.T.);
#5769=ORIENTED_EDGE('',*,*,#4387,.F.);
#5770=ORIENTED_EDGE('',*,*,#4368,.T.);
#5771=ORIENTED_EDGE('',*,*,#4391,.T.);
#5772=ORIENTED_EDGE('',*,*,#4392,.T.);
#5773=ORIENTED_EDGE('',*,*,#4389,.F.);
#5774=ORIENTED_EDGE('',*,*,#4367,.T.);
#5775=ORIENTED_EDGE('',*,*,#4393,.T.);
#5776=ORIENTED_EDGE('',*,*,#4394,.T.);
#5777=ORIENTED_EDGE('',*,*,#4391,.F.);
#5778=ORIENTED_EDGE('',*,*,#4366,.T.);
#5779=ORIENTED_EDGE('',*,*,#4395,.T.);
#5780=ORIENTED_EDGE('',*,*,#4396,.T.);
#5781=ORIENTED_EDGE('',*,*,#4393,.F.);
#5782=ORIENTED_EDGE('',*,*,#4365,.T.);
#5783=ORIENTED_EDGE('',*,*,#4395,.F.);
#5784=ORIENTED_EDGE('',*,*,#4364,.T.);
#5785=ORIENTED_EDGE('',*,*,#4397,.T.);
#5786=ORIENTED_EDGE('',*,*,#4398,.T.);
#5787=ORIENTED_EDGE('',*,*,#4399,.T.);
#5788=ORIENTED_EDGE('',*,*,#4400,.T.);
#5789=ORIENTED_EDGE('',*,*,#4397,.F.);
#5790=ORIENTED_EDGE('',*,*,#4363,.T.);
#5791=ORIENTED_EDGE('',*,*,#4399,.F.);
#5792=ORIENTED_EDGE('',*,*,#4362,.T.);
#5793=ORIENTED_EDGE('',*,*,#4401,.T.);
#5794=ORIENTED_EDGE('',*,*,#4402,.T.);
#5795=ORIENTED_EDGE('',*,*,#4403,.T.);
#5796=ORIENTED_EDGE('',*,*,#4404,.T.);
#5797=ORIENTED_EDGE('',*,*,#4401,.F.);
#5798=ORIENTED_EDGE('',*,*,#4361,.T.);
#5799=ORIENTED_EDGE('',*,*,#4384,.F.);
#5800=ORIENTED_EDGE('',*,*,#4405,.T.);
#5801=ORIENTED_EDGE('',*,*,#4403,.F.);
#5802=ORIENTED_EDGE('',*,*,#4360,.T.);
#5803=ORIENTED_EDGE('',*,*,#4398,.F.);
#5804=ORIENTED_EDGE('',*,*,#4406,.T.);
#5805=ORIENTED_EDGE('',*,*,#4407,.F.);
#5806=ORIENTED_EDGE('',*,*,#4408,.F.);
#5807=ORIENTED_EDGE('',*,*,#4400,.F.);
#5808=ORIENTED_EDGE('',*,*,#4409,.T.);
#5809=ORIENTED_EDGE('',*,*,#4410,.F.);
#5810=ORIENTED_EDGE('',*,*,#4406,.F.);
#5811=ORIENTED_EDGE('',*,*,#4402,.F.);
#5812=ORIENTED_EDGE('',*,*,#4411,.T.);
#5813=ORIENTED_EDGE('',*,*,#4412,.F.);
#5814=ORIENTED_EDGE('',*,*,#4409,.F.);
#5815=ORIENTED_EDGE('',*,*,#4404,.F.);
#5816=ORIENTED_EDGE('',*,*,#4413,.T.);
#5817=ORIENTED_EDGE('',*,*,#4414,.F.);
#5818=ORIENTED_EDGE('',*,*,#4411,.F.);
#5819=ORIENTED_EDGE('',*,*,#4405,.F.);
#5820=ORIENTED_EDGE('',*,*,#4415,.T.);
#5821=ORIENTED_EDGE('',*,*,#4416,.F.);
#5822=ORIENTED_EDGE('',*,*,#4413,.F.);
#5823=ORIENTED_EDGE('',*,*,#4383,.F.);
#5824=ORIENTED_EDGE('',*,*,#4417,.T.);
#5825=ORIENTED_EDGE('',*,*,#4418,.F.);
#5826=ORIENTED_EDGE('',*,*,#4415,.F.);
#5827=ORIENTED_EDGE('',*,*,#4419,.T.);
#5828=ORIENTED_EDGE('',*,*,#4420,.T.);
#5829=ORIENTED_EDGE('',*,*,#4421,.T.);
#5830=ORIENTED_EDGE('',*,*,#4422,.T.);
#5831=ORIENTED_EDGE('',*,*,#4423,.T.);
#5832=ORIENTED_EDGE('',*,*,#4424,.T.);
#5833=ORIENTED_EDGE('',*,*,#4419,.F.);
#5834=ORIENTED_EDGE('',*,*,#4425,.T.);
#5835=ORIENTED_EDGE('',*,*,#4426,.T.);
#5836=ORIENTED_EDGE('',*,*,#4427,.T.);
#5837=ORIENTED_EDGE('',*,*,#4423,.F.);
#5838=ORIENTED_EDGE('',*,*,#4407,.T.);
#5839=ORIENTED_EDGE('',*,*,#4428,.T.);
#5840=ORIENTED_EDGE('',*,*,#4429,.T.);
#5841=ORIENTED_EDGE('',*,*,#4426,.F.);
#5842=ORIENTED_EDGE('',*,*,#4410,.T.);
#5843=ORIENTED_EDGE('',*,*,#4430,.T.);
#5844=ORIENTED_EDGE('',*,*,#4431,.T.);
#5845=ORIENTED_EDGE('',*,*,#4428,.F.);
#5846=ORIENTED_EDGE('',*,*,#4412,.T.);
#5847=ORIENTED_EDGE('',*,*,#4432,.T.);
#5848=ORIENTED_EDGE('',*,*,#4433,.T.);
#5849=ORIENTED_EDGE('',*,*,#4430,.F.);
#5850=ORIENTED_EDGE('',*,*,#4414,.T.);
#5851=ORIENTED_EDGE('',*,*,#4434,.T.);
#5852=ORIENTED_EDGE('',*,*,#4435,.T.);
#5853=ORIENTED_EDGE('',*,*,#4432,.F.);
#5854=ORIENTED_EDGE('',*,*,#4416,.T.);
#5855=ORIENTED_EDGE('',*,*,#4436,.T.);
#5856=ORIENTED_EDGE('',*,*,#4437,.T.);
#5857=ORIENTED_EDGE('',*,*,#4434,.F.);
#5858=ORIENTED_EDGE('',*,*,#4418,.T.);
#5859=ORIENTED_EDGE('',*,*,#4438,.T.);
#5860=ORIENTED_EDGE('',*,*,#4439,.T.);
#5861=ORIENTED_EDGE('',*,*,#4436,.F.);
#5862=ORIENTED_EDGE('',*,*,#4440,.T.);
#5863=ORIENTED_EDGE('',*,*,#4441,.T.);
#5864=ORIENTED_EDGE('',*,*,#4442,.T.);
#5865=ORIENTED_EDGE('',*,*,#4438,.F.);
#5866=ORIENTED_EDGE('',*,*,#4443,.T.);
#5867=ORIENTED_EDGE('',*,*,#4444,.T.);
#5868=ORIENTED_EDGE('',*,*,#4445,.T.);
#5869=ORIENTED_EDGE('',*,*,#4441,.F.);
#5870=ORIENTED_EDGE('',*,*,#4446,.T.);
#5871=ORIENTED_EDGE('',*,*,#4421,.F.);
#5872=ORIENTED_EDGE('',*,*,#4447,.T.);
#5873=ORIENTED_EDGE('',*,*,#4444,.F.);
#5874=ORIENTED_EDGE('',*,*,#4448,.T.);
#5875=ORIENTED_EDGE('',*,*,#4396,.F.);
#5876=ORIENTED_EDGE('',*,*,#4408,.T.);
#5877=ORIENTED_EDGE('',*,*,#4425,.F.);
#5878=ORIENTED_EDGE('',*,*,#4449,.F.);
#5879=ORIENTED_EDGE('',*,*,#4394,.F.);
#5880=ORIENTED_EDGE('',*,*,#4449,.T.);
#5881=ORIENTED_EDGE('',*,*,#4422,.F.);
#5882=ORIENTED_EDGE('',*,*,#4450,.F.);
#5883=ORIENTED_EDGE('',*,*,#4420,.F.);
#5884=ORIENTED_EDGE('',*,*,#4424,.F.);
#5885=ORIENTED_EDGE('',*,*,#4427,.F.);
#5886=ORIENTED_EDGE('',*,*,#4429,.F.);
#5887=ORIENTED_EDGE('',*,*,#4431,.F.);
#5888=ORIENTED_EDGE('',*,*,#4433,.F.);
#5889=ORIENTED_EDGE('',*,*,#4435,.F.);
#5890=ORIENTED_EDGE('',*,*,#4437,.F.);
#5891=ORIENTED_EDGE('',*,*,#4439,.F.);
#5892=ORIENTED_EDGE('',*,*,#4442,.F.);
#5893=ORIENTED_EDGE('',*,*,#4445,.F.);
#5894=ORIENTED_EDGE('',*,*,#4447,.F.);
#5895=ORIENTED_EDGE('',*,*,#4451,.F.);
#5896=ORIENTED_EDGE('',*,*,#4452,.F.);
#5897=ORIENTED_EDGE('',*,*,#4453,.F.);
#5898=ORIENTED_EDGE('',*,*,#4454,.F.);
#5899=ORIENTED_EDGE('',*,*,#4455,.F.);
#5900=ORIENTED_EDGE('',*,*,#4456,.F.);
#5901=ORIENTED_EDGE('',*,*,#4457,.F.);
#5902=ORIENTED_EDGE('',*,*,#4458,.F.);
#5903=ORIENTED_EDGE('',*,*,#4459,.F.);
#5904=ORIENTED_EDGE('',*,*,#4460,.F.);
#5905=ORIENTED_EDGE('',*,*,#4461,.F.);
#5906=ORIENTED_EDGE('',*,*,#4462,.F.);
#5907=ORIENTED_EDGE('',*,*,#4463,.F.);
#5908=ORIENTED_EDGE('',*,*,#4464,.F.);
#5909=ORIENTED_EDGE('',*,*,#4465,.F.);
#5910=ORIENTED_EDGE('',*,*,#4466,.F.);
#5911=ORIENTED_EDGE('',*,*,#4467,.F.);
#5912=ORIENTED_EDGE('',*,*,#4468,.F.);
#5913=ORIENTED_EDGE('',*,*,#4469,.F.);
#5914=ORIENTED_EDGE('',*,*,#4470,.F.);
#5915=ORIENTED_EDGE('',*,*,#4471,.F.);
#5916=ORIENTED_EDGE('',*,*,#4472,.F.);
#5917=ORIENTED_EDGE('',*,*,#4473,.F.);
#5918=ORIENTED_EDGE('',*,*,#4474,.F.);
#5919=ORIENTED_EDGE('',*,*,#4475,.F.);
#5920=ORIENTED_EDGE('',*,*,#4476,.F.);
#5921=ORIENTED_EDGE('',*,*,#4477,.F.);
#5922=ORIENTED_EDGE('',*,*,#4478,.F.);
#5923=ORIENTED_EDGE('',*,*,#4479,.F.);
#5924=ORIENTED_EDGE('',*,*,#4480,.F.);
#5925=ORIENTED_EDGE('',*,*,#4481,.F.);
#5926=ORIENTED_EDGE('',*,*,#4482,.F.);
#5927=ORIENTED_EDGE('',*,*,#4483,.F.);
#5928=ORIENTED_EDGE('',*,*,#4484,.F.);
#5929=ORIENTED_EDGE('',*,*,#4485,.F.);
#5930=ORIENTED_EDGE('',*,*,#4486,.F.);
#5931=ORIENTED_EDGE('',*,*,#4487,.F.);
#5932=ORIENTED_EDGE('',*,*,#4488,.F.);
#5933=ORIENTED_EDGE('',*,*,#4489,.F.);
#5934=ORIENTED_EDGE('',*,*,#4490,.F.);
#5935=ORIENTED_EDGE('',*,*,#4491,.F.);
#5936=ORIENTED_EDGE('',*,*,#4492,.F.);
#5937=ORIENTED_EDGE('',*,*,#4493,.F.);
#5938=ORIENTED_EDGE('',*,*,#4494,.F.);
#5939=ORIENTED_EDGE('',*,*,#4495,.F.);
#5940=ORIENTED_EDGE('',*,*,#4496,.F.);
#5941=ORIENTED_EDGE('',*,*,#4497,.F.);
#5942=ORIENTED_EDGE('',*,*,#4498,.F.);
#5943=ORIENTED_EDGE('',*,*,#4499,.F.);
#5944=ORIENTED_EDGE('',*,*,#4500,.F.);
#5945=ORIENTED_EDGE('',*,*,#4501,.F.);
#5946=ORIENTED_EDGE('',*,*,#4502,.F.);
#5947=ORIENTED_EDGE('',*,*,#4503,.F.);
#5948=ORIENTED_EDGE('',*,*,#4451,.T.);
#5949=ORIENTED_EDGE('',*,*,#4504,.T.);
#5950=ORIENTED_EDGE('',*,*,#4505,.T.);
#5951=ORIENTED_EDGE('',*,*,#4506,.T.);
#5952=ORIENTED_EDGE('',*,*,#4507,.T.);
#5953=ORIENTED_EDGE('',*,*,#4504,.F.);
#5954=ORIENTED_EDGE('',*,*,#4454,.T.);
#5955=ORIENTED_EDGE('',*,*,#4508,.F.);
#5956=ORIENTED_EDGE('',*,*,#4452,.T.);
#5957=ORIENTED_EDGE('',*,*,#4506,.F.);
#5958=ORIENTED_EDGE('',*,*,#4509,.T.);
#5959=ORIENTED_EDGE('',*,*,#4510,.T.);
#5960=ORIENTED_EDGE('',*,*,#4453,.T.);
#5961=ORIENTED_EDGE('',*,*,#4510,.F.);
#5962=ORIENTED_EDGE('',*,*,#4511,.T.);
#5963=ORIENTED_EDGE('',*,*,#4508,.T.);
#5964=ORIENTED_EDGE('',*,*,#4509,.F.);
#5965=ORIENTED_EDGE('',*,*,#4512,.F.);
#5966=ORIENTED_EDGE('',*,*,#4513,.F.);
#5967=ORIENTED_EDGE('',*,*,#4514,.T.);
#5968=ORIENTED_EDGE('',*,*,#4505,.F.);
#5969=ORIENTED_EDGE('',*,*,#4515,.F.);
#5970=ORIENTED_EDGE('',*,*,#4516,.F.);
#5971=ORIENTED_EDGE('',*,*,#4512,.T.);
#5972=ORIENTED_EDGE('',*,*,#4500,.T.);
#5973=ORIENTED_EDGE('',*,*,#4517,.T.);
#5974=ORIENTED_EDGE('',*,*,#4518,.T.);
#5975=ORIENTED_EDGE('',*,*,#4519,.T.);
#5976=ORIENTED_EDGE('',*,*,#4520,.T.);
#5977=ORIENTED_EDGE('',*,*,#4517,.F.);
#5978=ORIENTED_EDGE('',*,*,#4503,.T.);
#5979=ORIENTED_EDGE('',*,*,#4521,.F.);
#5980=ORIENTED_EDGE('',*,*,#4501,.T.);
#5981=ORIENTED_EDGE('',*,*,#4519,.F.);
#5982=ORIENTED_EDGE('',*,*,#4522,.T.);
#5983=ORIENTED_EDGE('',*,*,#4523,.T.);
#5984=ORIENTED_EDGE('',*,*,#4502,.T.);
#5985=ORIENTED_EDGE('',*,*,#4523,.F.);
#5986=ORIENTED_EDGE('',*,*,#4524,.T.);
#5987=ORIENTED_EDGE('',*,*,#4521,.T.);
#5988=ORIENTED_EDGE('',*,*,#4522,.F.);
#5989=ORIENTED_EDGE('',*,*,#4525,.F.);
#5990=ORIENTED_EDGE('',*,*,#4526,.F.);
#5991=ORIENTED_EDGE('',*,*,#4527,.T.);
#5992=ORIENTED_EDGE('',*,*,#4518,.F.);
#5993=ORIENTED_EDGE('',*,*,#4528,.F.);
#5994=ORIENTED_EDGE('',*,*,#4529,.F.);
#5995=ORIENTED_EDGE('',*,*,#4525,.T.);
#5996=ORIENTED_EDGE('',*,*,#4455,.T.);
#5997=ORIENTED_EDGE('',*,*,#4530,.T.);
#5998=ORIENTED_EDGE('',*,*,#4531,.T.);
#5999=ORIENTED_EDGE('',*,*,#4532,.T.);
#6000=ORIENTED_EDGE('',*,*,#4533,.T.);
#6001=ORIENTED_EDGE('',*,*,#4530,.F.);
#6002=ORIENTED_EDGE('',*,*,#4458,.T.);
#6003=ORIENTED_EDGE('',*,*,#4534,.F.);
#6004=ORIENTED_EDGE('',*,*,#4456,.T.);
#6005=ORIENTED_EDGE('',*,*,#4532,.F.);
#6006=ORIENTED_EDGE('',*,*,#4535,.T.);
#6007=ORIENTED_EDGE('',*,*,#4536,.T.);
#6008=ORIENTED_EDGE('',*,*,#4457,.T.);
#6009=ORIENTED_EDGE('',*,*,#4536,.F.);
#6010=ORIENTED_EDGE('',*,*,#4537,.T.);
#6011=ORIENTED_EDGE('',*,*,#4534,.T.);
#6012=ORIENTED_EDGE('',*,*,#4535,.F.);
#6013=ORIENTED_EDGE('',*,*,#4538,.F.);
#6014=ORIENTED_EDGE('',*,*,#4539,.F.);
#6015=ORIENTED_EDGE('',*,*,#4540,.T.);
#6016=ORIENTED_EDGE('',*,*,#4531,.F.);
#6017=ORIENTED_EDGE('',*,*,#4541,.F.);
#6018=ORIENTED_EDGE('',*,*,#4542,.F.);
#6019=ORIENTED_EDGE('',*,*,#4538,.T.);
#6020=ORIENTED_EDGE('',*,*,#4496,.T.);
#6021=ORIENTED_EDGE('',*,*,#4543,.T.);
#6022=ORIENTED_EDGE('',*,*,#4544,.T.);
#6023=ORIENTED_EDGE('',*,*,#4545,.T.);
#6024=ORIENTED_EDGE('',*,*,#4546,.T.);
#6025=ORIENTED_EDGE('',*,*,#4543,.F.);
#6026=ORIENTED_EDGE('',*,*,#4499,.T.);
#6027=ORIENTED_EDGE('',*,*,#4547,.F.);
#6028=ORIENTED_EDGE('',*,*,#4497,.T.);
#6029=ORIENTED_EDGE('',*,*,#4545,.F.);
#6030=ORIENTED_EDGE('',*,*,#4548,.T.);
#6031=ORIENTED_EDGE('',*,*,#4549,.T.);
#6032=ORIENTED_EDGE('',*,*,#4498,.T.);
#6033=ORIENTED_EDGE('',*,*,#4549,.F.);
#6034=ORIENTED_EDGE('',*,*,#4550,.T.);
#6035=ORIENTED_EDGE('',*,*,#4547,.T.);
#6036=ORIENTED_EDGE('',*,*,#4548,.F.);
#6037=ORIENTED_EDGE('',*,*,#4551,.F.);
#6038=ORIENTED_EDGE('',*,*,#4552,.F.);
#6039=ORIENTED_EDGE('',*,*,#4553,.T.);
#6040=ORIENTED_EDGE('',*,*,#4544,.F.);
#6041=ORIENTED_EDGE('',*,*,#4554,.F.);
#6042=ORIENTED_EDGE('',*,*,#4555,.F.);
#6043=ORIENTED_EDGE('',*,*,#4551,.T.);
#6044=ORIENTED_EDGE('',*,*,#4459,.T.);
#6045=ORIENTED_EDGE('',*,*,#4556,.T.);
#6046=ORIENTED_EDGE('',*,*,#4557,.T.);
#6047=ORIENTED_EDGE('',*,*,#4558,.T.);
#6048=ORIENTED_EDGE('',*,*,#4559,.T.);
#6049=ORIENTED_EDGE('',*,*,#4556,.F.);
#6050=ORIENTED_EDGE('',*,*,#4462,.T.);
#6051=ORIENTED_EDGE('',*,*,#4560,.F.);
#6052=ORIENTED_EDGE('',*,*,#4460,.T.);
#6053=ORIENTED_EDGE('',*,*,#4558,.F.);
#6054=ORIENTED_EDGE('',*,*,#4561,.T.);
#6055=ORIENTED_EDGE('',*,*,#4562,.T.);
#6056=ORIENTED_EDGE('',*,*,#4461,.T.);
#6057=ORIENTED_EDGE('',*,*,#4562,.F.);
#6058=ORIENTED_EDGE('',*,*,#4563,.T.);
#6059=ORIENTED_EDGE('',*,*,#4560,.T.);
#6060=ORIENTED_EDGE('',*,*,#4561,.F.);
#6061=ORIENTED_EDGE('',*,*,#4564,.F.);
#6062=ORIENTED_EDGE('',*,*,#4565,.F.);
#6063=ORIENTED_EDGE('',*,*,#4566,.T.);
#6064=ORIENTED_EDGE('',*,*,#4557,.F.);
#6065=ORIENTED_EDGE('',*,*,#4567,.F.);
#6066=ORIENTED_EDGE('',*,*,#4568,.F.);
#6067=ORIENTED_EDGE('',*,*,#4564,.T.);
#6068=ORIENTED_EDGE('',*,*,#4492,.T.);
#6069=ORIENTED_EDGE('',*,*,#4569,.T.);
#6070=ORIENTED_EDGE('',*,*,#4570,.T.);
#6071=ORIENTED_EDGE('',*,*,#4571,.T.);
#6072=ORIENTED_EDGE('',*,*,#4572,.T.);
#6073=ORIENTED_EDGE('',*,*,#4569,.F.);
#6074=ORIENTED_EDGE('',*,*,#4495,.T.);
#6075=ORIENTED_EDGE('',*,*,#4573,.F.);
#6076=ORIENTED_EDGE('',*,*,#4493,.T.);
#6077=ORIENTED_EDGE('',*,*,#4571,.F.);
#6078=ORIENTED_EDGE('',*,*,#4574,.T.);
#6079=ORIENTED_EDGE('',*,*,#4575,.T.);
#6080=ORIENTED_EDGE('',*,*,#4494,.T.);
#6081=ORIENTED_EDGE('',*,*,#4575,.F.);
#6082=ORIENTED_EDGE('',*,*,#4576,.T.);
#6083=ORIENTED_EDGE('',*,*,#4573,.T.);
#6084=ORIENTED_EDGE('',*,*,#4574,.F.);
#6085=ORIENTED_EDGE('',*,*,#4577,.F.);
#6086=ORIENTED_EDGE('',*,*,#4578,.F.);
#6087=ORIENTED_EDGE('',*,*,#4579,.T.);
#6088=ORIENTED_EDGE('',*,*,#4570,.F.);
#6089=ORIENTED_EDGE('',*,*,#4580,.F.);
#6090=ORIENTED_EDGE('',*,*,#4581,.F.);
#6091=ORIENTED_EDGE('',*,*,#4577,.T.);
#6092=ORIENTED_EDGE('',*,*,#4463,.T.);
#6093=ORIENTED_EDGE('',*,*,#4582,.T.);
#6094=ORIENTED_EDGE('',*,*,#4583,.T.);
#6095=ORIENTED_EDGE('',*,*,#4584,.T.);
#6096=ORIENTED_EDGE('',*,*,#4585,.T.);
#6097=ORIENTED_EDGE('',*,*,#4582,.F.);
#6098=ORIENTED_EDGE('',*,*,#4466,.T.);
#6099=ORIENTED_EDGE('',*,*,#4586,.F.);
#6100=ORIENTED_EDGE('',*,*,#4464,.T.);
#6101=ORIENTED_EDGE('',*,*,#4584,.F.);
#6102=ORIENTED_EDGE('',*,*,#4587,.T.);
#6103=ORIENTED_EDGE('',*,*,#4588,.T.);
#6104=ORIENTED_EDGE('',*,*,#4465,.T.);
#6105=ORIENTED_EDGE('',*,*,#4588,.F.);
#6106=ORIENTED_EDGE('',*,*,#4589,.T.);
#6107=ORIENTED_EDGE('',*,*,#4586,.T.);
#6108=ORIENTED_EDGE('',*,*,#4587,.F.);
#6109=ORIENTED_EDGE('',*,*,#4590,.F.);
#6110=ORIENTED_EDGE('',*,*,#4591,.F.);
#6111=ORIENTED_EDGE('',*,*,#4592,.T.);
#6112=ORIENTED_EDGE('',*,*,#4583,.F.);
#6113=ORIENTED_EDGE('',*,*,#4593,.F.);
#6114=ORIENTED_EDGE('',*,*,#4594,.F.);
#6115=ORIENTED_EDGE('',*,*,#4590,.T.);
#6116=ORIENTED_EDGE('',*,*,#4488,.T.);
#6117=ORIENTED_EDGE('',*,*,#4595,.T.);
#6118=ORIENTED_EDGE('',*,*,#4596,.T.);
#6119=ORIENTED_EDGE('',*,*,#4597,.T.);
#6120=ORIENTED_EDGE('',*,*,#4598,.T.);
#6121=ORIENTED_EDGE('',*,*,#4595,.F.);
#6122=ORIENTED_EDGE('',*,*,#4491,.T.);
#6123=ORIENTED_EDGE('',*,*,#4599,.F.);
#6124=ORIENTED_EDGE('',*,*,#4489,.T.);
#6125=ORIENTED_EDGE('',*,*,#4597,.F.);
#6126=ORIENTED_EDGE('',*,*,#4600,.T.);
#6127=ORIENTED_EDGE('',*,*,#4601,.T.);
#6128=ORIENTED_EDGE('',*,*,#4490,.T.);
#6129=ORIENTED_EDGE('',*,*,#4601,.F.);
#6130=ORIENTED_EDGE('',*,*,#4602,.T.);
#6131=ORIENTED_EDGE('',*,*,#4599,.T.);
#6132=ORIENTED_EDGE('',*,*,#4600,.F.);
#6133=ORIENTED_EDGE('',*,*,#4603,.F.);
#6134=ORIENTED_EDGE('',*,*,#4604,.F.);
#6135=ORIENTED_EDGE('',*,*,#4605,.T.);
#6136=ORIENTED_EDGE('',*,*,#4596,.F.);
#6137=ORIENTED_EDGE('',*,*,#4606,.F.);
#6138=ORIENTED_EDGE('',*,*,#4607,.F.);
#6139=ORIENTED_EDGE('',*,*,#4603,.T.);
#6140=ORIENTED_EDGE('',*,*,#4467,.T.);
#6141=ORIENTED_EDGE('',*,*,#4608,.T.);
#6142=ORIENTED_EDGE('',*,*,#4609,.T.);
#6143=ORIENTED_EDGE('',*,*,#4610,.T.);
#6144=ORIENTED_EDGE('',*,*,#4611,.T.);
#6145=ORIENTED_EDGE('',*,*,#4608,.F.);
#6146=ORIENTED_EDGE('',*,*,#4470,.T.);
#6147=ORIENTED_EDGE('',*,*,#4612,.F.);
#6148=ORIENTED_EDGE('',*,*,#4468,.T.);
#6149=ORIENTED_EDGE('',*,*,#4610,.F.);
#6150=ORIENTED_EDGE('',*,*,#4613,.T.);
#6151=ORIENTED_EDGE('',*,*,#4614,.T.);
#6152=ORIENTED_EDGE('',*,*,#4469,.T.);
#6153=ORIENTED_EDGE('',*,*,#4614,.F.);
#6154=ORIENTED_EDGE('',*,*,#4615,.T.);
#6155=ORIENTED_EDGE('',*,*,#4612,.T.);
#6156=ORIENTED_EDGE('',*,*,#4613,.F.);
#6157=ORIENTED_EDGE('',*,*,#4616,.F.);
#6158=ORIENTED_EDGE('',*,*,#4617,.F.);
#6159=ORIENTED_EDGE('',*,*,#4618,.T.);
#6160=ORIENTED_EDGE('',*,*,#4609,.F.);
#6161=ORIENTED_EDGE('',*,*,#4619,.F.);
#6162=ORIENTED_EDGE('',*,*,#4620,.F.);
#6163=ORIENTED_EDGE('',*,*,#4616,.T.);
#6164=ORIENTED_EDGE('',*,*,#4484,.T.);
#6165=ORIENTED_EDGE('',*,*,#4621,.T.);
#6166=ORIENTED_EDGE('',*,*,#4622,.T.);
#6167=ORIENTED_EDGE('',*,*,#4623,.T.);
#6168=ORIENTED_EDGE('',*,*,#4624,.T.);
#6169=ORIENTED_EDGE('',*,*,#4621,.F.);
#6170=ORIENTED_EDGE('',*,*,#4487,.T.);
#6171=ORIENTED_EDGE('',*,*,#4625,.F.);
#6172=ORIENTED_EDGE('',*,*,#4485,.T.);
#6173=ORIENTED_EDGE('',*,*,#4623,.F.);
#6174=ORIENTED_EDGE('',*,*,#4626,.T.);
#6175=ORIENTED_EDGE('',*,*,#4627,.T.);
#6176=ORIENTED_EDGE('',*,*,#4486,.T.);
#6177=ORIENTED_EDGE('',*,*,#4627,.F.);
#6178=ORIENTED_EDGE('',*,*,#4628,.T.);
#6179=ORIENTED_EDGE('',*,*,#4625,.T.);
#6180=ORIENTED_EDGE('',*,*,#4626,.F.);
#6181=ORIENTED_EDGE('',*,*,#4629,.F.);
#6182=ORIENTED_EDGE('',*,*,#4630,.F.);
#6183=ORIENTED_EDGE('',*,*,#4631,.T.);
#6184=ORIENTED_EDGE('',*,*,#4622,.F.);
#6185=ORIENTED_EDGE('',*,*,#4632,.F.);
#6186=ORIENTED_EDGE('',*,*,#4633,.F.);
#6187=ORIENTED_EDGE('',*,*,#4629,.T.);
#6188=ORIENTED_EDGE('',*,*,#4471,.T.);
#6189=ORIENTED_EDGE('',*,*,#4634,.T.);
#6190=ORIENTED_EDGE('',*,*,#4635,.T.);
#6191=ORIENTED_EDGE('',*,*,#4636,.T.);
#6192=ORIENTED_EDGE('',*,*,#4637,.T.);
#6193=ORIENTED_EDGE('',*,*,#4634,.F.);
#6194=ORIENTED_EDGE('',*,*,#4474,.T.);
#6195=ORIENTED_EDGE('',*,*,#4638,.F.);
#6196=ORIENTED_EDGE('',*,*,#4472,.T.);
#6197=ORIENTED_EDGE('',*,*,#4636,.F.);
#6198=ORIENTED_EDGE('',*,*,#4639,.T.);
#6199=ORIENTED_EDGE('',*,*,#4640,.T.);
#6200=ORIENTED_EDGE('',*,*,#4473,.T.);
#6201=ORIENTED_EDGE('',*,*,#4640,.F.);
#6202=ORIENTED_EDGE('',*,*,#4641,.T.);
#6203=ORIENTED_EDGE('',*,*,#4638,.T.);
#6204=ORIENTED_EDGE('',*,*,#4639,.F.);
#6205=ORIENTED_EDGE('',*,*,#4642,.F.);
#6206=ORIENTED_EDGE('',*,*,#4643,.F.);
#6207=ORIENTED_EDGE('',*,*,#4644,.T.);
#6208=ORIENTED_EDGE('',*,*,#4635,.F.);
#6209=ORIENTED_EDGE('',*,*,#4645,.F.);
#6210=ORIENTED_EDGE('',*,*,#4646,.F.);
#6211=ORIENTED_EDGE('',*,*,#4642,.T.);
#6212=ORIENTED_EDGE('',*,*,#4480,.T.);
#6213=ORIENTED_EDGE('',*,*,#4647,.T.);
#6214=ORIENTED_EDGE('',*,*,#4648,.T.);
#6215=ORIENTED_EDGE('',*,*,#4649,.T.);
#6216=ORIENTED_EDGE('',*,*,#4650,.T.);
#6217=ORIENTED_EDGE('',*,*,#4647,.F.);
#6218=ORIENTED_EDGE('',*,*,#4483,.T.);
#6219=ORIENTED_EDGE('',*,*,#4651,.F.);
#6220=ORIENTED_EDGE('',*,*,#4481,.T.);
#6221=ORIENTED_EDGE('',*,*,#4649,.F.);
#6222=ORIENTED_EDGE('',*,*,#4652,.T.);
#6223=ORIENTED_EDGE('',*,*,#4653,.T.);
#6224=ORIENTED_EDGE('',*,*,#4482,.T.);
#6225=ORIENTED_EDGE('',*,*,#4653,.F.);
#6226=ORIENTED_EDGE('',*,*,#4654,.T.);
#6227=ORIENTED_EDGE('',*,*,#4651,.T.);
#6228=ORIENTED_EDGE('',*,*,#4652,.F.);
#6229=ORIENTED_EDGE('',*,*,#4655,.F.);
#6230=ORIENTED_EDGE('',*,*,#4656,.F.);
#6231=ORIENTED_EDGE('',*,*,#4657,.T.);
#6232=ORIENTED_EDGE('',*,*,#4648,.F.);
#6233=ORIENTED_EDGE('',*,*,#4658,.F.);
#6234=ORIENTED_EDGE('',*,*,#4659,.F.);
#6235=ORIENTED_EDGE('',*,*,#4655,.T.);
#6236=ORIENTED_EDGE('',*,*,#4475,.T.);
#6237=ORIENTED_EDGE('',*,*,#4660,.T.);
#6238=ORIENTED_EDGE('',*,*,#4661,.T.);
#6239=ORIENTED_EDGE('',*,*,#4662,.T.);
#6240=ORIENTED_EDGE('',*,*,#4663,.T.);
#6241=ORIENTED_EDGE('',*,*,#4660,.F.);
#6242=ORIENTED_EDGE('',*,*,#4478,.T.);
#6243=ORIENTED_EDGE('',*,*,#4664,.F.);
#6244=ORIENTED_EDGE('',*,*,#4476,.T.);
#6245=ORIENTED_EDGE('',*,*,#4662,.F.);
#6246=ORIENTED_EDGE('',*,*,#4665,.T.);
#6247=ORIENTED_EDGE('',*,*,#4666,.T.);
#6248=ORIENTED_EDGE('',*,*,#4477,.T.);
#6249=ORIENTED_EDGE('',*,*,#4666,.F.);
#6250=ORIENTED_EDGE('',*,*,#4667,.T.);
#6251=ORIENTED_EDGE('',*,*,#4664,.T.);
#6252=ORIENTED_EDGE('',*,*,#4665,.F.);
#6253=ORIENTED_EDGE('',*,*,#4668,.F.);
#6254=ORIENTED_EDGE('',*,*,#4669,.F.);
#6255=ORIENTED_EDGE('',*,*,#4670,.T.);
#6256=ORIENTED_EDGE('',*,*,#4661,.F.);
#6257=ORIENTED_EDGE('',*,*,#4671,.F.);
#6258=ORIENTED_EDGE('',*,*,#4672,.F.);
#6259=ORIENTED_EDGE('',*,*,#4668,.T.);
#6260=ORIENTED_EDGE('',*,*,#4479,.T.);
#6261=ORIENTED_EDGE('',*,*,#4673,.T.);
#6262=ORIENTED_EDGE('',*,*,#4379,.T.);
#6263=ORIENTED_EDGE('',*,*,#4380,.T.);
#6264=ORIENTED_EDGE('',*,*,#4673,.F.);
#6265=ORIENTED_EDGE('',*,*,#4674,.T.);
#6266=ORIENTED_EDGE('',*,*,#4675,.T.);
#6267=ORIENTED_EDGE('',*,*,#4676,.T.);
#6268=ORIENTED_EDGE('',*,*,#4677,.T.);
#6269=ORIENTED_EDGE('',*,*,#4678,.T.);
#6270=ORIENTED_EDGE('',*,*,#4677,.F.);
#6271=ORIENTED_EDGE('',*,*,#4679,.T.);
#6272=ORIENTED_EDGE('',*,*,#4680,.T.);
#6273=ORIENTED_EDGE('',*,*,#4681,.T.);
#6274=ORIENTED_EDGE('',*,*,#4680,.F.);
#6275=ORIENTED_EDGE('',*,*,#4682,.T.);
#6276=ORIENTED_EDGE('',*,*,#4683,.T.);
#6277=ORIENTED_EDGE('',*,*,#4684,.T.);
#6278=ORIENTED_EDGE('',*,*,#4685,.T.);
#6279=ORIENTED_EDGE('',*,*,#4686,.T.);
#6280=ORIENTED_EDGE('',*,*,#4683,.F.);
#6281=ORIENTED_EDGE('',*,*,#4675,.F.);
#6282=ORIENTED_EDGE('',*,*,#4687,.F.);
#6283=ORIENTED_EDGE('',*,*,#4688,.F.);
#6284=ORIENTED_EDGE('',*,*,#4689,.F.);
#6285=ORIENTED_EDGE('',*,*,#4690,.F.);
#6286=ORIENTED_EDGE('',*,*,#4691,.T.);
#6287=ORIENTED_EDGE('',*,*,#4692,.F.);
#6288=ORIENTED_EDGE('',*,*,#4693,.T.);
#6289=ORIENTED_EDGE('',*,*,#4694,.F.);
#6290=ORIENTED_EDGE('',*,*,#4695,.F.);
#6291=ORIENTED_EDGE('',*,*,#4696,.F.);
#6292=ORIENTED_EDGE('',*,*,#4697,.F.);
#6293=ORIENTED_EDGE('',*,*,#4698,.F.);
#6294=ORIENTED_EDGE('',*,*,#4699,.F.);
#6295=ORIENTED_EDGE('',*,*,#4700,.F.);
#6296=ORIENTED_EDGE('',*,*,#4701,.F.);
#6297=ORIENTED_EDGE('',*,*,#4674,.F.);
#6298=ORIENTED_EDGE('',*,*,#4702,.F.);
#6299=ORIENTED_EDGE('',*,*,#4703,.F.);
#6300=ORIENTED_EDGE('',*,*,#4687,.T.);
#6301=ORIENTED_EDGE('',*,*,#4678,.F.);
#6302=ORIENTED_EDGE('',*,*,#4704,.F.);
#6303=ORIENTED_EDGE('',*,*,#4705,.F.);
#6304=ORIENTED_EDGE('',*,*,#4702,.T.);
#6305=ORIENTED_EDGE('',*,*,#4681,.F.);
#6306=ORIENTED_EDGE('',*,*,#4706,.F.);
#6307=ORIENTED_EDGE('',*,*,#4707,.F.);
#6308=ORIENTED_EDGE('',*,*,#4704,.T.);
#6309=ORIENTED_EDGE('',*,*,#4686,.F.);
#6310=ORIENTED_EDGE('',*,*,#4708,.F.);
#6311=ORIENTED_EDGE('',*,*,#4709,.F.);
#6312=ORIENTED_EDGE('',*,*,#4375,.F.);
#6313=ORIENTED_EDGE('',*,*,#4710,.F.);
#6314=ORIENTED_EDGE('',*,*,#4711,.F.);
#6315=ORIENTED_EDGE('',*,*,#4712,.F.);
#6316=ORIENTED_EDGE('',*,*,#4713,.F.);
#6317=ORIENTED_EDGE('',*,*,#4714,.F.);
#6318=ORIENTED_EDGE('',*,*,#4715,.F.);
#6319=ORIENTED_EDGE('',*,*,#4716,.F.);
#6320=ORIENTED_EDGE('',*,*,#4706,.T.);
#6321=ORIENTED_EDGE('',*,*,#4717,.T.);
#6322=ORIENTED_EDGE('',*,*,#4688,.T.);
#6323=ORIENTED_EDGE('',*,*,#4703,.T.);
#6324=ORIENTED_EDGE('',*,*,#4718,.T.);
#6325=ORIENTED_EDGE('',*,*,#4705,.T.);
#6326=ORIENTED_EDGE('',*,*,#4719,.T.);
#6327=ORIENTED_EDGE('',*,*,#4720,.T.);
#6328=ORIENTED_EDGE('',*,*,#4718,.F.);
#6329=ORIENTED_EDGE('',*,*,#4707,.T.);
#6330=ORIENTED_EDGE('',*,*,#4721,.T.);
#6331=ORIENTED_EDGE('',*,*,#4722,.T.);
#6332=ORIENTED_EDGE('',*,*,#4719,.F.);
#6333=ORIENTED_EDGE('',*,*,#4716,.T.);
#6334=ORIENTED_EDGE('',*,*,#4723,.T.);
#6335=ORIENTED_EDGE('',*,*,#4724,.T.);
#6336=ORIENTED_EDGE('',*,*,#4721,.F.);
#6337=ORIENTED_EDGE('',*,*,#4717,.F.);
#6338=ORIENTED_EDGE('',*,*,#4720,.F.);
#6339=ORIENTED_EDGE('',*,*,#4722,.F.);
#6340=ORIENTED_EDGE('',*,*,#4724,.F.);
#6341=ORIENTED_EDGE('',*,*,#4725,.F.);
#6342=ORIENTED_EDGE('',*,*,#4726,.F.);
#6343=ORIENTED_EDGE('',*,*,#4689,.T.);
#6344=ORIENTED_EDGE('',*,*,#4727,.T.);
#6345=ORIENTED_EDGE('',*,*,#4692,.T.);
#6346=ORIENTED_EDGE('',*,*,#4728,.T.);
#6347=ORIENTED_EDGE('',*,*,#4729,.T.);
#6348=ORIENTED_EDGE('',*,*,#4730,.T.);
#6349=ORIENTED_EDGE('',*,*,#4731,.T.);
#6350=ORIENTED_EDGE('',*,*,#4732,.T.);
#6351=ORIENTED_EDGE('',*,*,#4729,.F.);
#6352=ORIENTED_EDGE('',*,*,#4733,.T.);
#6353=ORIENTED_EDGE('',*,*,#4731,.F.);
#6354=ORIENTED_EDGE('',*,*,#4734,.T.);
#6355=ORIENTED_EDGE('',*,*,#4735,.T.);
#6356=ORIENTED_EDGE('',*,*,#4736,.T.);
#6357=ORIENTED_EDGE('',*,*,#4737,.T.);
#6358=ORIENTED_EDGE('',*,*,#4714,.T.);
#6359=ORIENTED_EDGE('',*,*,#4735,.F.);
#6360=ORIENTED_EDGE('',*,*,#4727,.F.);
#6361=ORIENTED_EDGE('',*,*,#4738,.T.);
#6362=ORIENTED_EDGE('',*,*,#4739,.F.);
#6363=ORIENTED_EDGE('',*,*,#4693,.F.);
#6364=ORIENTED_EDGE('',*,*,#4732,.F.);
#6365=ORIENTED_EDGE('',*,*,#4740,.T.);
#6366=ORIENTED_EDGE('',*,*,#4741,.F.);
#6367=ORIENTED_EDGE('',*,*,#4738,.F.);
#6368=ORIENTED_EDGE('',*,*,#4733,.F.);
#6369=ORIENTED_EDGE('',*,*,#4713,.T.);
#6370=ORIENTED_EDGE('',*,*,#4742,.F.);
#6371=ORIENTED_EDGE('',*,*,#4740,.F.);
#6372=ORIENTED_EDGE('',*,*,#4712,.T.);
#6373=ORIENTED_EDGE('',*,*,#4743,.T.);
#6374=ORIENTED_EDGE('',*,*,#4744,.T.);
#6375=ORIENTED_EDGE('',*,*,#4745,.T.);
#6376=ORIENTED_EDGE('',*,*,#4746,.T.);
#6377=ORIENTED_EDGE('',*,*,#4747,.T.);
#6378=ORIENTED_EDGE('',*,*,#4742,.T.);
#6379=ORIENTED_EDGE('',*,*,#4745,.F.);
#6380=ORIENTED_EDGE('',*,*,#4748,.T.);
#6381=ORIENTED_EDGE('',*,*,#4749,.T.);
#6382=ORIENTED_EDGE('',*,*,#4741,.T.);
#6383=ORIENTED_EDGE('',*,*,#4747,.F.);
#6384=ORIENTED_EDGE('',*,*,#4750,.T.);
#6385=ORIENTED_EDGE('',*,*,#4694,.T.);
#6386=ORIENTED_EDGE('',*,*,#4739,.T.);
#6387=ORIENTED_EDGE('',*,*,#4749,.F.);
#6388=ORIENTED_EDGE('',*,*,#4750,.F.);
#6389=ORIENTED_EDGE('',*,*,#4748,.F.);
#6390=ORIENTED_EDGE('',*,*,#4746,.F.);
#6391=ORIENTED_EDGE('',*,*,#4744,.F.);
#6392=ORIENTED_EDGE('',*,*,#4751,.F.);
#6393=ORIENTED_EDGE('',*,*,#4752,.F.);
#6394=ORIENTED_EDGE('',*,*,#4695,.T.);
#6395=ORIENTED_EDGE('',*,*,#4667,.F.);
#6396=ORIENTED_EDGE('',*,*,#4670,.F.);
#6397=ORIENTED_EDGE('',*,*,#4753,.F.);
#6398=ORIENTED_EDGE('',*,*,#4754,.T.);
#6399=ORIENTED_EDGE('',*,*,#4663,.F.);
#6400=ORIENTED_EDGE('',*,*,#4754,.F.);
#6401=ORIENTED_EDGE('',*,*,#4755,.F.);
#6402=ORIENTED_EDGE('',*,*,#4671,.T.);
#6403=ORIENTED_EDGE('',*,*,#4654,.F.);
#6404=ORIENTED_EDGE('',*,*,#4657,.F.);
#6405=ORIENTED_EDGE('',*,*,#4756,.F.);
#6406=ORIENTED_EDGE('',*,*,#4757,.T.);
#6407=ORIENTED_EDGE('',*,*,#4650,.F.);
#6408=ORIENTED_EDGE('',*,*,#4757,.F.);
#6409=ORIENTED_EDGE('',*,*,#4758,.F.);
#6410=ORIENTED_EDGE('',*,*,#4658,.T.);
#6411=ORIENTED_EDGE('',*,*,#4641,.F.);
#6412=ORIENTED_EDGE('',*,*,#4644,.F.);
#6413=ORIENTED_EDGE('',*,*,#4759,.F.);
#6414=ORIENTED_EDGE('',*,*,#4760,.T.);
#6415=ORIENTED_EDGE('',*,*,#4637,.F.);
#6416=ORIENTED_EDGE('',*,*,#4760,.F.);
#6417=ORIENTED_EDGE('',*,*,#4761,.F.);
#6418=ORIENTED_EDGE('',*,*,#4645,.T.);
#6419=ORIENTED_EDGE('',*,*,#4628,.F.);
#6420=ORIENTED_EDGE('',*,*,#4631,.F.);
#6421=ORIENTED_EDGE('',*,*,#4762,.F.);
#6422=ORIENTED_EDGE('',*,*,#4763,.T.);
#6423=ORIENTED_EDGE('',*,*,#4624,.F.);
#6424=ORIENTED_EDGE('',*,*,#4763,.F.);
#6425=ORIENTED_EDGE('',*,*,#4764,.F.);
#6426=ORIENTED_EDGE('',*,*,#4632,.T.);
#6427=ORIENTED_EDGE('',*,*,#4615,.F.);
#6428=ORIENTED_EDGE('',*,*,#4618,.F.);
#6429=ORIENTED_EDGE('',*,*,#4765,.F.);
#6430=ORIENTED_EDGE('',*,*,#4766,.T.);
#6431=ORIENTED_EDGE('',*,*,#4611,.F.);
#6432=ORIENTED_EDGE('',*,*,#4766,.F.);
#6433=ORIENTED_EDGE('',*,*,#4767,.F.);
#6434=ORIENTED_EDGE('',*,*,#4619,.T.);
#6435=ORIENTED_EDGE('',*,*,#4602,.F.);
#6436=ORIENTED_EDGE('',*,*,#4605,.F.);
#6437=ORIENTED_EDGE('',*,*,#4768,.F.);
#6438=ORIENTED_EDGE('',*,*,#4769,.T.);
#6439=ORIENTED_EDGE('',*,*,#4598,.F.);
#6440=ORIENTED_EDGE('',*,*,#4769,.F.);
#6441=ORIENTED_EDGE('',*,*,#4770,.F.);
#6442=ORIENTED_EDGE('',*,*,#4606,.T.);
#6443=ORIENTED_EDGE('',*,*,#4589,.F.);
#6444=ORIENTED_EDGE('',*,*,#4592,.F.);
#6445=ORIENTED_EDGE('',*,*,#4771,.F.);
#6446=ORIENTED_EDGE('',*,*,#4772,.T.);
#6447=ORIENTED_EDGE('',*,*,#4585,.F.);
#6448=ORIENTED_EDGE('',*,*,#4772,.F.);
#6449=ORIENTED_EDGE('',*,*,#4773,.F.);
#6450=ORIENTED_EDGE('',*,*,#4593,.T.);
#6451=ORIENTED_EDGE('',*,*,#4576,.F.);
#6452=ORIENTED_EDGE('',*,*,#4579,.F.);
#6453=ORIENTED_EDGE('',*,*,#4774,.F.);
#6454=ORIENTED_EDGE('',*,*,#4775,.T.);
#6455=ORIENTED_EDGE('',*,*,#4572,.F.);
#6456=ORIENTED_EDGE('',*,*,#4775,.F.);
#6457=ORIENTED_EDGE('',*,*,#4776,.F.);
#6458=ORIENTED_EDGE('',*,*,#4580,.T.);
#6459=ORIENTED_EDGE('',*,*,#4563,.F.);
#6460=ORIENTED_EDGE('',*,*,#4566,.F.);
#6461=ORIENTED_EDGE('',*,*,#4777,.F.);
#6462=ORIENTED_EDGE('',*,*,#4778,.T.);
#6463=ORIENTED_EDGE('',*,*,#4559,.F.);
#6464=ORIENTED_EDGE('',*,*,#4778,.F.);
#6465=ORIENTED_EDGE('',*,*,#4779,.F.);
#6466=ORIENTED_EDGE('',*,*,#4567,.T.);
#6467=ORIENTED_EDGE('',*,*,#4550,.F.);
#6468=ORIENTED_EDGE('',*,*,#4553,.F.);
#6469=ORIENTED_EDGE('',*,*,#4780,.F.);
#6470=ORIENTED_EDGE('',*,*,#4781,.T.);
#6471=ORIENTED_EDGE('',*,*,#4546,.F.);
#6472=ORIENTED_EDGE('',*,*,#4781,.F.);
#6473=ORIENTED_EDGE('',*,*,#4782,.F.);
#6474=ORIENTED_EDGE('',*,*,#4554,.T.);
#6475=ORIENTED_EDGE('',*,*,#4537,.F.);
#6476=ORIENTED_EDGE('',*,*,#4540,.F.);
#6477=ORIENTED_EDGE('',*,*,#4783,.F.);
#6478=ORIENTED_EDGE('',*,*,#4784,.T.);
#6479=ORIENTED_EDGE('',*,*,#4533,.F.);
#6480=ORIENTED_EDGE('',*,*,#4784,.F.);
#6481=ORIENTED_EDGE('',*,*,#4785,.F.);
#6482=ORIENTED_EDGE('',*,*,#4541,.T.);
#6483=ORIENTED_EDGE('',*,*,#4524,.F.);
#6484=ORIENTED_EDGE('',*,*,#4527,.F.);
#6485=ORIENTED_EDGE('',*,*,#4786,.F.);
#6486=ORIENTED_EDGE('',*,*,#4787,.T.);
#6487=ORIENTED_EDGE('',*,*,#4520,.F.);
#6488=ORIENTED_EDGE('',*,*,#4787,.F.);
#6489=ORIENTED_EDGE('',*,*,#4788,.F.);
#6490=ORIENTED_EDGE('',*,*,#4528,.T.);
#6491=ORIENTED_EDGE('',*,*,#4511,.F.);
#6492=ORIENTED_EDGE('',*,*,#4514,.F.);
#6493=ORIENTED_EDGE('',*,*,#4789,.F.);
#6494=ORIENTED_EDGE('',*,*,#4790,.T.);
#6495=ORIENTED_EDGE('',*,*,#4507,.F.);
#6496=ORIENTED_EDGE('',*,*,#4790,.F.);
#6497=ORIENTED_EDGE('',*,*,#4791,.F.);
#6498=ORIENTED_EDGE('',*,*,#4515,.T.);
#6499=ORIENTED_EDGE('',*,*,#4676,.F.);
#6500=ORIENTED_EDGE('',*,*,#4701,.T.);
#6501=ORIENTED_EDGE('',*,*,#4792,.F.);
#6502=ORIENTED_EDGE('',*,*,#4793,.F.);
#6503=ORIENTED_EDGE('',*,*,#4684,.F.);
#6504=ORIENTED_EDGE('',*,*,#4682,.F.);
#6505=ORIENTED_EDGE('',*,*,#4679,.F.);
#6506=ORIENTED_EDGE('',*,*,#4793,.T.);
#6507=ORIENTED_EDGE('',*,*,#4794,.T.);
#6508=ORIENTED_EDGE('',*,*,#4795,.F.);
#6509=ORIENTED_EDGE('',*,*,#4708,.T.);
#6510=ORIENTED_EDGE('',*,*,#4685,.F.);
#6511=ORIENTED_EDGE('',*,*,#4792,.T.);
#6512=ORIENTED_EDGE('',*,*,#4700,.T.);
#6513=ORIENTED_EDGE('',*,*,#4796,.F.);
#6514=ORIENTED_EDGE('',*,*,#4797,.T.);
#6515=ORIENTED_EDGE('',*,*,#4798,.F.);
#6516=ORIENTED_EDGE('',*,*,#4799,.T.);
#6517=ORIENTED_EDGE('',*,*,#4800,.F.);
#6518=ORIENTED_EDGE('',*,*,#4801,.T.);
#6519=ORIENTED_EDGE('',*,*,#4802,.F.);
#6520=ORIENTED_EDGE('',*,*,#4696,.T.);
#6521=ORIENTED_EDGE('',*,*,#4752,.T.);
#6522=ORIENTED_EDGE('',*,*,#4803,.F.);
#6523=ORIENTED_EDGE('',*,*,#4804,.F.);
#6524=ORIENTED_EDGE('',*,*,#4805,.F.);
#6525=ORIENTED_EDGE('',*,*,#4806,.F.);
#6526=ORIENTED_EDGE('',*,*,#4807,.F.);
#6527=ORIENTED_EDGE('',*,*,#4808,.F.);
#6528=ORIENTED_EDGE('',*,*,#4809,.F.);
#6529=ORIENTED_EDGE('',*,*,#4810,.F.);
#6530=ORIENTED_EDGE('',*,*,#4794,.F.);
#6531=ORIENTED_EDGE('',*,*,#4728,.F.);
#6532=ORIENTED_EDGE('',*,*,#4691,.F.);
#6533=ORIENTED_EDGE('',*,*,#4811,.F.);
#6534=ORIENTED_EDGE('',*,*,#4812,.F.);
#6535=ORIENTED_EDGE('',*,*,#4736,.F.);
#6536=ORIENTED_EDGE('',*,*,#4734,.F.);
#6537=ORIENTED_EDGE('',*,*,#4730,.F.);
#6538=ORIENTED_EDGE('',*,*,#4751,.T.);
#6539=ORIENTED_EDGE('',*,*,#4743,.F.);
#6540=ORIENTED_EDGE('',*,*,#4711,.T.);
#6541=ORIENTED_EDGE('',*,*,#4813,.T.);
#6542=ORIENTED_EDGE('',*,*,#4803,.T.);
#6543=ORIENTED_EDGE('',*,*,#4814,.T.);
#6544=ORIENTED_EDGE('',*,*,#4809,.T.);
#6545=ORIENTED_EDGE('',*,*,#4815,.T.);
#6546=ORIENTED_EDGE('',*,*,#4816,.T.);
#6547=ORIENTED_EDGE('',*,*,#4814,.F.);
#6548=ORIENTED_EDGE('',*,*,#4817,.T.);
#6549=ORIENTED_EDGE('',*,*,#4795,.T.);
#6550=ORIENTED_EDGE('',*,*,#4810,.T.);
#6551=ORIENTED_EDGE('',*,*,#4725,.T.);
#6552=ORIENTED_EDGE('',*,*,#4723,.F.);
#6553=ORIENTED_EDGE('',*,*,#4715,.T.);
#6554=ORIENTED_EDGE('',*,*,#4737,.F.);
#6555=ORIENTED_EDGE('',*,*,#4812,.T.);
#6556=ORIENTED_EDGE('',*,*,#4818,.T.);
#6557=ORIENTED_EDGE('',*,*,#4813,.F.);
#6558=ORIENTED_EDGE('',*,*,#4819,.T.);
#6559=ORIENTED_EDGE('',*,*,#4820,.T.);
#6560=ORIENTED_EDGE('',*,*,#4804,.T.);
#6561=ORIENTED_EDGE('',*,*,#4821,.T.);
#6562=ORIENTED_EDGE('',*,*,#4805,.T.);
#6563=ORIENTED_EDGE('',*,*,#4820,.F.);
#6564=ORIENTED_EDGE('',*,*,#4822,.T.);
#6565=ORIENTED_EDGE('',*,*,#4821,.F.);
#6566=ORIENTED_EDGE('',*,*,#4823,.T.);
#6567=ORIENTED_EDGE('',*,*,#4824,.T.);
#6568=ORIENTED_EDGE('',*,*,#4806,.T.);
#6569=ORIENTED_EDGE('',*,*,#4825,.T.);
#6570=ORIENTED_EDGE('',*,*,#4807,.T.);
#6571=ORIENTED_EDGE('',*,*,#4824,.F.);
#6572=ORIENTED_EDGE('',*,*,#4826,.T.);
#6573=ORIENTED_EDGE('',*,*,#4825,.F.);
#6574=ORIENTED_EDGE('',*,*,#4827,.T.);
#6575=ORIENTED_EDGE('',*,*,#4815,.F.);
#6576=ORIENTED_EDGE('',*,*,#4808,.T.);
#6577=ORIENTED_EDGE('',*,*,#4819,.F.);
#6578=ORIENTED_EDGE('',*,*,#4710,.T.);
#6579=ORIENTED_EDGE('',*,*,#4374,.T.);
#6580=ORIENTED_EDGE('',*,*,#4828,.T.);
#6581=ORIENTED_EDGE('',*,*,#4817,.F.);
#6582=ORIENTED_EDGE('',*,*,#4829,.T.);
#6583=ORIENTED_EDGE('',*,*,#4376,.T.);
#6584=ORIENTED_EDGE('',*,*,#4709,.T.);
#6585=ORIENTED_EDGE('',*,*,#4816,.F.);
#6586=ORIENTED_EDGE('',*,*,#4830,.F.);
#6587=ORIENTED_EDGE('',*,*,#4377,.F.);
#6588=ORIENTED_EDGE('',*,*,#4829,.F.);
#6589=ORIENTED_EDGE('',*,*,#4726,.T.);
#6590=ORIENTED_EDGE('',*,*,#4818,.F.);
#6591=ORIENTED_EDGE('',*,*,#4811,.T.);
#6592=ORIENTED_EDGE('',*,*,#4690,.T.);
#6593=ORIENTED_EDGE('',*,*,#4831,.F.);
#6594=ORIENTED_EDGE('',*,*,#4832,.T.);
#6595=ORIENTED_EDGE('',*,*,#4800,.T.);
#6596=ORIENTED_EDGE('',*,*,#4833,.T.);
#6597=ORIENTED_EDGE('',*,*,#4833,.F.);
#6598=ORIENTED_EDGE('',*,*,#4799,.F.);
#6599=ORIENTED_EDGE('',*,*,#4834,.F.);
#6600=ORIENTED_EDGE('',*,*,#4835,.F.);
#6601=ORIENTED_EDGE('',*,*,#4836,.F.);
#6602=ORIENTED_EDGE('',*,*,#4834,.T.);
#6603=ORIENTED_EDGE('',*,*,#4798,.T.);
#6604=ORIENTED_EDGE('',*,*,#4837,.T.);
#6605=ORIENTED_EDGE('',*,*,#4837,.F.);
#6606=ORIENTED_EDGE('',*,*,#4797,.F.);
#6607=ORIENTED_EDGE('',*,*,#4838,.F.);
#6608=ORIENTED_EDGE('',*,*,#4839,.F.);
#6609=ORIENTED_EDGE('',*,*,#4840,.F.);
#6610=ORIENTED_EDGE('',*,*,#4838,.T.);
#6611=ORIENTED_EDGE('',*,*,#4796,.T.);
#6612=ORIENTED_EDGE('',*,*,#4699,.T.);
#6613=ORIENTED_EDGE('',*,*,#4841,.F.);
#6614=ORIENTED_EDGE('',*,*,#4697,.T.);
#6615=ORIENTED_EDGE('',*,*,#4802,.T.);
#6616=ORIENTED_EDGE('',*,*,#4842,.T.);
#6617=ORIENTED_EDGE('',*,*,#4832,.F.);
#6618=ORIENTED_EDGE('',*,*,#4843,.F.);
#6619=ORIENTED_EDGE('',*,*,#4842,.F.);
#6620=ORIENTED_EDGE('',*,*,#4801,.F.);
#6621=ORIENTED_EDGE('',*,*,#4827,.F.);
#6622=ORIENTED_EDGE('',*,*,#4844,.T.);
#6623=ORIENTED_EDGE('',*,*,#4378,.T.);
#6624=ORIENTED_EDGE('',*,*,#4830,.T.);
#6625=ORIENTED_EDGE('',*,*,#4826,.F.);
#6626=ORIENTED_EDGE('',*,*,#4845,.F.);
#6627=ORIENTED_EDGE('',*,*,#4371,.F.);
#6628=ORIENTED_EDGE('',*,*,#4844,.F.);
#6629=ORIENTED_EDGE('',*,*,#4823,.F.);
#6630=ORIENTED_EDGE('',*,*,#4846,.T.);
#6631=ORIENTED_EDGE('',*,*,#4372,.T.);
#6632=ORIENTED_EDGE('',*,*,#4845,.T.);
#6633=ORIENTED_EDGE('',*,*,#4822,.F.);
#6634=ORIENTED_EDGE('',*,*,#4828,.F.);
#6635=ORIENTED_EDGE('',*,*,#4373,.F.);
#6636=ORIENTED_EDGE('',*,*,#4846,.F.);
#6637=ORIENTED_EDGE('',*,*,#4392,.F.);
#6638=ORIENTED_EDGE('',*,*,#4450,.T.);
#6639=ORIENTED_EDGE('',*,*,#4448,.F.);
#6640=ORIENTED_EDGE('',*,*,#4847,.F.);
#6641=ORIENTED_EDGE('',*,*,#4390,.F.);
#6642=ORIENTED_EDGE('',*,*,#4847,.T.);
#6643=ORIENTED_EDGE('',*,*,#4446,.F.);
#6644=ORIENTED_EDGE('',*,*,#4848,.F.);
#6645=ORIENTED_EDGE('',*,*,#4388,.F.);
#6646=ORIENTED_EDGE('',*,*,#4848,.T.);
#6647=ORIENTED_EDGE('',*,*,#4443,.F.);
#6648=ORIENTED_EDGE('',*,*,#4849,.F.);
#6649=ORIENTED_EDGE('',*,*,#4386,.F.);
#6650=ORIENTED_EDGE('',*,*,#4849,.T.);
#6651=ORIENTED_EDGE('',*,*,#4440,.F.);
#6652=ORIENTED_EDGE('',*,*,#4417,.F.);
#6653=ORIENTED_EDGE('',*,*,#4831,.T.);
#6654=ORIENTED_EDGE('',*,*,#4835,.T.);
#6655=ORIENTED_EDGE('',*,*,#4836,.T.);
#6656=ORIENTED_EDGE('',*,*,#4839,.T.);
#6657=ORIENTED_EDGE('',*,*,#4840,.T.);
#6658=ORIENTED_EDGE('',*,*,#4698,.T.);
#6659=ORIENTED_EDGE('',*,*,#4841,.T.);
#6660=ORIENTED_EDGE('',*,*,#4843,.T.);
#6661=ORIENTED_EDGE('',*,*,#4672,.T.);
#6662=ORIENTED_EDGE('',*,*,#4755,.T.);
#6663=ORIENTED_EDGE('',*,*,#4753,.T.);
#6664=ORIENTED_EDGE('',*,*,#4669,.T.);
#6665=ORIENTED_EDGE('',*,*,#4659,.T.);
#6666=ORIENTED_EDGE('',*,*,#4758,.T.);
#6667=ORIENTED_EDGE('',*,*,#4756,.T.);
#6668=ORIENTED_EDGE('',*,*,#4656,.T.);
#6669=ORIENTED_EDGE('',*,*,#4646,.T.);
#6670=ORIENTED_EDGE('',*,*,#4761,.T.);
#6671=ORIENTED_EDGE('',*,*,#4759,.T.);
#6672=ORIENTED_EDGE('',*,*,#4643,.T.);
#6673=ORIENTED_EDGE('',*,*,#4633,.T.);
#6674=ORIENTED_EDGE('',*,*,#4764,.T.);
#6675=ORIENTED_EDGE('',*,*,#4762,.T.);
#6676=ORIENTED_EDGE('',*,*,#4630,.T.);
#6677=ORIENTED_EDGE('',*,*,#4620,.T.);
#6678=ORIENTED_EDGE('',*,*,#4767,.T.);
#6679=ORIENTED_EDGE('',*,*,#4765,.T.);
#6680=ORIENTED_EDGE('',*,*,#4617,.T.);
#6681=ORIENTED_EDGE('',*,*,#4607,.T.);
#6682=ORIENTED_EDGE('',*,*,#4770,.T.);
#6683=ORIENTED_EDGE('',*,*,#4768,.T.);
#6684=ORIENTED_EDGE('',*,*,#4604,.T.);
#6685=ORIENTED_EDGE('',*,*,#4594,.T.);
#6686=ORIENTED_EDGE('',*,*,#4773,.T.);
#6687=ORIENTED_EDGE('',*,*,#4771,.T.);
#6688=ORIENTED_EDGE('',*,*,#4591,.T.);
#6689=ORIENTED_EDGE('',*,*,#4581,.T.);
#6690=ORIENTED_EDGE('',*,*,#4776,.T.);
#6691=ORIENTED_EDGE('',*,*,#4774,.T.);
#6692=ORIENTED_EDGE('',*,*,#4578,.T.);
#6693=ORIENTED_EDGE('',*,*,#4568,.T.);
#6694=ORIENTED_EDGE('',*,*,#4779,.T.);
#6695=ORIENTED_EDGE('',*,*,#4777,.T.);
#6696=ORIENTED_EDGE('',*,*,#4565,.T.);
#6697=ORIENTED_EDGE('',*,*,#4555,.T.);
#6698=ORIENTED_EDGE('',*,*,#4782,.T.);
#6699=ORIENTED_EDGE('',*,*,#4780,.T.);
#6700=ORIENTED_EDGE('',*,*,#4552,.T.);
#6701=ORIENTED_EDGE('',*,*,#4542,.T.);
#6702=ORIENTED_EDGE('',*,*,#4785,.T.);
#6703=ORIENTED_EDGE('',*,*,#4783,.T.);
#6704=ORIENTED_EDGE('',*,*,#4539,.T.);
#6705=ORIENTED_EDGE('',*,*,#4529,.T.);
#6706=ORIENTED_EDGE('',*,*,#4788,.T.);
#6707=ORIENTED_EDGE('',*,*,#4786,.T.);
#6708=ORIENTED_EDGE('',*,*,#4526,.T.);
#6709=ORIENTED_EDGE('',*,*,#4516,.T.);
#6710=ORIENTED_EDGE('',*,*,#4791,.T.);
#6711=ORIENTED_EDGE('',*,*,#4789,.T.);
#6712=ORIENTED_EDGE('',*,*,#4513,.T.);
#6713=ORIENTED_EDGE('',*,*,#4850,.T.);
#6714=ORIENTED_EDGE('',*,*,#4851,.T.);
#6715=ORIENTED_EDGE('',*,*,#4852,.F.);
#6716=ORIENTED_EDGE('',*,*,#4853,.T.);
#6717=ORIENTED_EDGE('',*,*,#4851,.F.);
#6718=ORIENTED_EDGE('',*,*,#4854,.T.);
#6719=ORIENTED_EDGE('',*,*,#4855,.F.);
#6720=ORIENTED_EDGE('',*,*,#4856,.F.);
#6721=ORIENTED_EDGE('',*,*,#4850,.F.);
#6722=ORIENTED_EDGE('',*,*,#4857,.F.);
#6723=ORIENTED_EDGE('',*,*,#4858,.F.);
#6724=ORIENTED_EDGE('',*,*,#4859,.T.);
#6725=ORIENTED_EDGE('',*,*,#4854,.F.);
#6726=ORIENTED_EDGE('',*,*,#4860,.F.);
#6727=ORIENTED_EDGE('',*,*,#4861,.T.);
#6728=ORIENTED_EDGE('',*,*,#4862,.T.);
#6729=ORIENTED_EDGE('',*,*,#4863,.T.);
#6730=ORIENTED_EDGE('',*,*,#4863,.F.);
#6731=ORIENTED_EDGE('',*,*,#4864,.T.);
#6732=ORIENTED_EDGE('',*,*,#4865,.T.);
#6733=ORIENTED_EDGE('',*,*,#4866,.F.);
#6734=ORIENTED_EDGE('',*,*,#4867,.F.);
#6735=ORIENTED_EDGE('',*,*,#4868,.T.);
#6736=ORIENTED_EDGE('',*,*,#4862,.F.);
#6737=ORIENTED_EDGE('',*,*,#4869,.F.);
#6738=ORIENTED_EDGE('',*,*,#4870,.F.);
#6739=ORIENTED_EDGE('',*,*,#4871,.F.);
#6740=ORIENTED_EDGE('',*,*,#4864,.F.);
#6741=ORIENTED_EDGE('',*,*,#4860,.T.);
#6742=ORIENTED_EDGE('',*,*,#4868,.F.);
#6743=ORIENTED_EDGE('',*,*,#4872,.F.);
#6744=ORIENTED_EDGE('',*,*,#4873,.T.);
#6745=ORIENTED_EDGE('',*,*,#4874,.T.);
#6746=ORIENTED_EDGE('',*,*,#4875,.T.);
#6747=ORIENTED_EDGE('',*,*,#4852,.T.);
#6748=ORIENTED_EDGE('',*,*,#4856,.T.);
#6749=ORIENTED_EDGE('',*,*,#4876,.T.);
#6750=ORIENTED_EDGE('',*,*,#4877,.F.);
#6751=ORIENTED_EDGE('',*,*,#4878,.F.);
#6752=ORIENTED_EDGE('',*,*,#4879,.F.);
#6753=ORIENTED_EDGE('',*,*,#4880,.T.);
#6754=ORIENTED_EDGE('',*,*,#4881,.T.);
#6755=ORIENTED_EDGE('',*,*,#4882,.T.);
#6756=ORIENTED_EDGE('',*,*,#4883,.F.);
#6757=ORIENTED_EDGE('',*,*,#4884,.F.);
#6758=ORIENTED_EDGE('',*,*,#4885,.F.);
#6759=ORIENTED_EDGE('',*,*,#4886,.T.);
#6760=ORIENTED_EDGE('',*,*,#4887,.F.);
#6761=ORIENTED_EDGE('',*,*,#4888,.F.);
#6762=ORIENTED_EDGE('',*,*,#4870,.T.);
#6763=ORIENTED_EDGE('',*,*,#4889,.T.);
#6764=ORIENTED_EDGE('',*,*,#4874,.F.);
#6765=ORIENTED_EDGE('',*,*,#4890,.T.);
#6766=ORIENTED_EDGE('',*,*,#4891,.T.);
#6767=ORIENTED_EDGE('',*,*,#4892,.F.);
#6768=ORIENTED_EDGE('',*,*,#4893,.T.);
#6769=ORIENTED_EDGE('',*,*,#4894,.F.);
#6770=ORIENTED_EDGE('',*,*,#4895,.F.);
#6771=ORIENTED_EDGE('',*,*,#4896,.T.);
#6772=ORIENTED_EDGE('',*,*,#4897,.F.);
#6773=ORIENTED_EDGE('',*,*,#4898,.T.);
#6774=ORIENTED_EDGE('',*,*,#4899,.T.);
#6775=ORIENTED_EDGE('',*,*,#4900,.F.);
#6776=ORIENTED_EDGE('',*,*,#4901,.T.);
#6777=ORIENTED_EDGE('',*,*,#4902,.F.);
#6778=ORIENTED_EDGE('',*,*,#4876,.F.);
#6779=ORIENTED_EDGE('',*,*,#4855,.T.);
#6780=ORIENTED_EDGE('',*,*,#4859,.F.);
#6781=ORIENTED_EDGE('',*,*,#4903,.F.);
#6782=ORIENTED_EDGE('',*,*,#4881,.F.);
#6783=ORIENTED_EDGE('',*,*,#4904,.F.);
#6784=ORIENTED_EDGE('',*,*,#4905,.F.);
#6785=ORIENTED_EDGE('',*,*,#4906,.F.);
#6786=ORIENTED_EDGE('',*,*,#4907,.F.);
#6787=ORIENTED_EDGE('',*,*,#4908,.F.);
#6788=ORIENTED_EDGE('',*,*,#4909,.F.);
#6789=ORIENTED_EDGE('',*,*,#4910,.F.);
#6790=ORIENTED_EDGE('',*,*,#4911,.F.);
#6791=ORIENTED_EDGE('',*,*,#4912,.F.);
#6792=ORIENTED_EDGE('',*,*,#4913,.F.);
#6793=ORIENTED_EDGE('',*,*,#4914,.F.);
#6794=ORIENTED_EDGE('',*,*,#4915,.F.);
#6795=ORIENTED_EDGE('',*,*,#4916,.F.);
#6796=ORIENTED_EDGE('',*,*,#4917,.F.);
#6797=ORIENTED_EDGE('',*,*,#4918,.F.);
#6798=ORIENTED_EDGE('',*,*,#4919,.F.);
#6799=ORIENTED_EDGE('',*,*,#4920,.F.);
#6800=ORIENTED_EDGE('',*,*,#4921,.F.);
#6801=ORIENTED_EDGE('',*,*,#4922,.F.);
#6802=ORIENTED_EDGE('',*,*,#4923,.F.);
#6803=ORIENTED_EDGE('',*,*,#4924,.F.);
#6804=ORIENTED_EDGE('',*,*,#4925,.F.);
#6805=ORIENTED_EDGE('',*,*,#4926,.F.);
#6806=ORIENTED_EDGE('',*,*,#4927,.F.);
#6807=ORIENTED_EDGE('',*,*,#4861,.F.);
#6808=ORIENTED_EDGE('',*,*,#4875,.F.);
#6809=ORIENTED_EDGE('',*,*,#4889,.F.);
#6810=ORIENTED_EDGE('',*,*,#4869,.T.);
#6811=ORIENTED_EDGE('',*,*,#4882,.F.);
#6812=ORIENTED_EDGE('',*,*,#4903,.T.);
#6813=ORIENTED_EDGE('',*,*,#4858,.T.);
#6814=ORIENTED_EDGE('',*,*,#4928,.F.);
#6815=ORIENTED_EDGE('',*,*,#4929,.F.);
#6816=ORIENTED_EDGE('',*,*,#4930,.F.);
#6817=ORIENTED_EDGE('',*,*,#4880,.F.);
#6818=ORIENTED_EDGE('',*,*,#4931,.F.);
#6819=ORIENTED_EDGE('',*,*,#4932,.F.);
#6820=ORIENTED_EDGE('',*,*,#4865,.F.);
#6821=ORIENTED_EDGE('',*,*,#4871,.T.);
#6822=ORIENTED_EDGE('',*,*,#4888,.T.);
#6823=ORIENTED_EDGE('',*,*,#4931,.T.);
#6824=ORIENTED_EDGE('',*,*,#4887,.T.);
#6825=ORIENTED_EDGE('',*,*,#4933,.T.);
#6826=ORIENTED_EDGE('',*,*,#4934,.F.);
#6827=ORIENTED_EDGE('',*,*,#4935,.T.);
#6828=ORIENTED_EDGE('',*,*,#4867,.T.);
#6829=ORIENTED_EDGE('',*,*,#4936,.T.);
#6830=ORIENTED_EDGE('',*,*,#4930,.T.);
#6831=ORIENTED_EDGE('',*,*,#4937,.T.);
#6832=ORIENTED_EDGE('',*,*,#4938,.F.);
#6833=ORIENTED_EDGE('',*,*,#4939,.T.);
#6834=ORIENTED_EDGE('',*,*,#4940,.F.);
#6835=ORIENTED_EDGE('',*,*,#4941,.T.);
#6836=ORIENTED_EDGE('',*,*,#4883,.T.);
#6837=ORIENTED_EDGE('',*,*,#4932,.T.);
#6838=ORIENTED_EDGE('',*,*,#4936,.F.);
#6839=ORIENTED_EDGE('',*,*,#4866,.T.);
#6840=ORIENTED_EDGE('',*,*,#4929,.T.);
#6841=ORIENTED_EDGE('',*,*,#4942,.T.);
#6842=ORIENTED_EDGE('',*,*,#4937,.F.);
#6843=ORIENTED_EDGE('',*,*,#4853,.F.);
#6844=ORIENTED_EDGE('',*,*,#4879,.T.);
#6845=ORIENTED_EDGE('',*,*,#4938,.T.);
#6846=ORIENTED_EDGE('',*,*,#4942,.F.);
#6847=ORIENTED_EDGE('',*,*,#4928,.T.);
#6848=ORIENTED_EDGE('',*,*,#4857,.T.);
#6849=ORIENTED_EDGE('',*,*,#4943,.T.);
#6850=ORIENTED_EDGE('',*,*,#4944,.T.);
#6851=ORIENTED_EDGE('',*,*,#4945,.T.);
#6852=ORIENTED_EDGE('',*,*,#4946,.T.);
#6853=ORIENTED_EDGE('',*,*,#4947,.T.);
#6854=ORIENTED_EDGE('',*,*,#4948,.T.);
#6855=ORIENTED_EDGE('',*,*,#4943,.F.);
#6856=ORIENTED_EDGE('',*,*,#4949,.T.);
#6857=ORIENTED_EDGE('',*,*,#4950,.T.);
#6858=ORIENTED_EDGE('',*,*,#4951,.T.);
#6859=ORIENTED_EDGE('',*,*,#4947,.F.);
#6860=ORIENTED_EDGE('',*,*,#4952,.T.);
#6861=ORIENTED_EDGE('',*,*,#4953,.T.);
#6862=ORIENTED_EDGE('',*,*,#4954,.T.);
#6863=ORIENTED_EDGE('',*,*,#4950,.F.);
#6864=ORIENTED_EDGE('',*,*,#4955,.T.);
#6865=ORIENTED_EDGE('',*,*,#4956,.T.);
#6866=ORIENTED_EDGE('',*,*,#4957,.T.);
#6867=ORIENTED_EDGE('',*,*,#4953,.F.);
#6868=ORIENTED_EDGE('',*,*,#4958,.T.);
#6869=ORIENTED_EDGE('',*,*,#4945,.F.);
#6870=ORIENTED_EDGE('',*,*,#4959,.T.);
#6871=ORIENTED_EDGE('',*,*,#4956,.F.);
#6872=ORIENTED_EDGE('',*,*,#4960,.T.);
#6873=ORIENTED_EDGE('',*,*,#4957,.F.);
#6874=ORIENTED_EDGE('',*,*,#4961,.T.);
#6875=ORIENTED_EDGE('',*,*,#4962,.F.);
#6876=ORIENTED_EDGE('',*,*,#4963,.T.);
#6877=ORIENTED_EDGE('',*,*,#4959,.F.);
#6878=ORIENTED_EDGE('',*,*,#4964,.F.);
#6879=ORIENTED_EDGE('',*,*,#4965,.F.);
#6880=ORIENTED_EDGE('',*,*,#4961,.F.);
#6881=ORIENTED_EDGE('',*,*,#4944,.F.);
#6882=ORIENTED_EDGE('',*,*,#4966,.T.);
#6883=ORIENTED_EDGE('',*,*,#4967,.F.);
#6884=ORIENTED_EDGE('',*,*,#4964,.T.);
#6885=ORIENTED_EDGE('',*,*,#4968,.F.);
#6886=ORIENTED_EDGE('',*,*,#4969,.F.);
#6887=ORIENTED_EDGE('',*,*,#4970,.F.);
#6888=ORIENTED_EDGE('',*,*,#4971,.F.);
#6889=ORIENTED_EDGE('',*,*,#4972,.F.);
#6890=ORIENTED_EDGE('',*,*,#4973,.F.);
#6891=ORIENTED_EDGE('',*,*,#4974,.F.);
#6892=ORIENTED_EDGE('',*,*,#4975,.F.);
#6893=ORIENTED_EDGE('',*,*,#4976,.F.);
#6894=ORIENTED_EDGE('',*,*,#4977,.F.);
#6895=ORIENTED_EDGE('',*,*,#4978,.F.);
#6896=ORIENTED_EDGE('',*,*,#4979,.F.);
#6897=ORIENTED_EDGE('',*,*,#4980,.F.);
#6898=ORIENTED_EDGE('',*,*,#4981,.F.);
#6899=ORIENTED_EDGE('',*,*,#4982,.F.);
#6900=ORIENTED_EDGE('',*,*,#4983,.F.);
#6901=ORIENTED_EDGE('',*,*,#4984,.F.);
#6902=ORIENTED_EDGE('',*,*,#4985,.F.);
#6903=ORIENTED_EDGE('',*,*,#4986,.F.);
#6904=ORIENTED_EDGE('',*,*,#4987,.F.);
#6905=ORIENTED_EDGE('',*,*,#4988,.F.);
#6906=ORIENTED_EDGE('',*,*,#4989,.F.);
#6907=ORIENTED_EDGE('',*,*,#4990,.F.);
#6908=ORIENTED_EDGE('',*,*,#4991,.F.);
#6909=ORIENTED_EDGE('',*,*,#4992,.F.);
#6910=ORIENTED_EDGE('',*,*,#4993,.F.);
#6911=ORIENTED_EDGE('',*,*,#4994,.F.);
#6912=ORIENTED_EDGE('',*,*,#4995,.F.);
#6913=ORIENTED_EDGE('',*,*,#4996,.F.);
#6914=ORIENTED_EDGE('',*,*,#4997,.F.);
#6915=ORIENTED_EDGE('',*,*,#4998,.F.);
#6916=ORIENTED_EDGE('',*,*,#4999,.F.);
#6917=ORIENTED_EDGE('',*,*,#5000,.F.);
#6918=ORIENTED_EDGE('',*,*,#5001,.F.);
#6919=ORIENTED_EDGE('',*,*,#5002,.F.);
#6920=ORIENTED_EDGE('',*,*,#5003,.F.);
#6921=ORIENTED_EDGE('',*,*,#5004,.F.);
#6922=ORIENTED_EDGE('',*,*,#5005,.F.);
#6923=ORIENTED_EDGE('',*,*,#5006,.F.);
#6924=ORIENTED_EDGE('',*,*,#5007,.F.);
#6925=ORIENTED_EDGE('',*,*,#5008,.F.);
#6926=ORIENTED_EDGE('',*,*,#5009,.F.);
#6927=ORIENTED_EDGE('',*,*,#4946,.F.);
#6928=ORIENTED_EDGE('',*,*,#4960,.F.);
#6929=ORIENTED_EDGE('',*,*,#4958,.F.);
#6930=ORIENTED_EDGE('',*,*,#4955,.F.);
#6931=ORIENTED_EDGE('',*,*,#4952,.F.);
#6932=ORIENTED_EDGE('',*,*,#4949,.F.);
#6933=ORIENTED_EDGE('',*,*,#5010,.T.);
#6934=ORIENTED_EDGE('',*,*,#5011,.T.);
#6935=ORIENTED_EDGE('',*,*,#5012,.T.);
#6936=ORIENTED_EDGE('',*,*,#4988,.T.);
#6937=ORIENTED_EDGE('',*,*,#5013,.T.);
#6938=ORIENTED_EDGE('',*,*,#5014,.T.);
#6939=ORIENTED_EDGE('',*,*,#5010,.F.);
#6940=ORIENTED_EDGE('',*,*,#4993,.T.);
#6941=ORIENTED_EDGE('',*,*,#5015,.T.);
#6942=ORIENTED_EDGE('',*,*,#5016,.T.);
#6943=ORIENTED_EDGE('',*,*,#5013,.F.);
#6944=ORIENTED_EDGE('',*,*,#4992,.T.);
#6945=ORIENTED_EDGE('',*,*,#5017,.T.);
#6946=ORIENTED_EDGE('',*,*,#5018,.T.);
#6947=ORIENTED_EDGE('',*,*,#5015,.F.);
#6948=ORIENTED_EDGE('',*,*,#4991,.T.);
#6949=ORIENTED_EDGE('',*,*,#5019,.T.);
#6950=ORIENTED_EDGE('',*,*,#5020,.T.);
#6951=ORIENTED_EDGE('',*,*,#5017,.F.);
#6952=ORIENTED_EDGE('',*,*,#4990,.T.);
#6953=ORIENTED_EDGE('',*,*,#5012,.F.);
#6954=ORIENTED_EDGE('',*,*,#5021,.T.);
#6955=ORIENTED_EDGE('',*,*,#5019,.F.);
#6956=ORIENTED_EDGE('',*,*,#4989,.T.);
#6957=ORIENTED_EDGE('',*,*,#5020,.F.);
#6958=ORIENTED_EDGE('',*,*,#5022,.F.);
#6959=ORIENTED_EDGE('',*,*,#5023,.F.);
#6960=ORIENTED_EDGE('',*,*,#5024,.F.);
#6961=ORIENTED_EDGE('',*,*,#5021,.F.);
#6962=ORIENTED_EDGE('',*,*,#5025,.T.);
#6963=ORIENTED_EDGE('',*,*,#5026,.F.);
#6964=ORIENTED_EDGE('',*,*,#5022,.T.);
#6965=ORIENTED_EDGE('',*,*,#5011,.F.);
#6966=ORIENTED_EDGE('',*,*,#5027,.T.);
#6967=ORIENTED_EDGE('',*,*,#5028,.F.);
#6968=ORIENTED_EDGE('',*,*,#5025,.F.);
#6969=ORIENTED_EDGE('',*,*,#5029,.T.);
#6970=ORIENTED_EDGE('',*,*,#5030,.T.);
#6971=ORIENTED_EDGE('',*,*,#5031,.T.);
#6972=ORIENTED_EDGE('',*,*,#5004,.T.);
#6973=ORIENTED_EDGE('',*,*,#5032,.T.);
#6974=ORIENTED_EDGE('',*,*,#5033,.T.);
#6975=ORIENTED_EDGE('',*,*,#5029,.F.);
#6976=ORIENTED_EDGE('',*,*,#5009,.T.);
#6977=ORIENTED_EDGE('',*,*,#5034,.T.);
#6978=ORIENTED_EDGE('',*,*,#5035,.T.);
#6979=ORIENTED_EDGE('',*,*,#5032,.F.);
#6980=ORIENTED_EDGE('',*,*,#5008,.T.);
#6981=ORIENTED_EDGE('',*,*,#5036,.T.);
#6982=ORIENTED_EDGE('',*,*,#5037,.T.);
#6983=ORIENTED_EDGE('',*,*,#5034,.F.);
#6984=ORIENTED_EDGE('',*,*,#5007,.T.);
#6985=ORIENTED_EDGE('',*,*,#5038,.T.);
#6986=ORIENTED_EDGE('',*,*,#5039,.T.);
#6987=ORIENTED_EDGE('',*,*,#5036,.F.);
#6988=ORIENTED_EDGE('',*,*,#5006,.T.);
#6989=ORIENTED_EDGE('',*,*,#5031,.F.);
#6990=ORIENTED_EDGE('',*,*,#5040,.T.);
#6991=ORIENTED_EDGE('',*,*,#5038,.F.);
#6992=ORIENTED_EDGE('',*,*,#5005,.T.);
#6993=ORIENTED_EDGE('',*,*,#5039,.F.);
#6994=ORIENTED_EDGE('',*,*,#5041,.F.);
#6995=ORIENTED_EDGE('',*,*,#5042,.F.);
#6996=ORIENTED_EDGE('',*,*,#5043,.F.);
#6997=ORIENTED_EDGE('',*,*,#5040,.F.);
#6998=ORIENTED_EDGE('',*,*,#5044,.T.);
#6999=ORIENTED_EDGE('',*,*,#5045,.F.);
#7000=ORIENTED_EDGE('',*,*,#5041,.T.);
#7001=ORIENTED_EDGE('',*,*,#5030,.F.);
#7002=ORIENTED_EDGE('',*,*,#5046,.F.);
#7003=ORIENTED_EDGE('',*,*,#5047,.F.);
#7004=ORIENTED_EDGE('',*,*,#5044,.F.);
#7005=ORIENTED_EDGE('',*,*,#5048,.T.);
#7006=ORIENTED_EDGE('',*,*,#5049,.T.);
#7007=ORIENTED_EDGE('',*,*,#5050,.T.);
#7008=ORIENTED_EDGE('',*,*,#4994,.T.);
#7009=ORIENTED_EDGE('',*,*,#5051,.T.);
#7010=ORIENTED_EDGE('',*,*,#5052,.T.);
#7011=ORIENTED_EDGE('',*,*,#5048,.F.);
#7012=ORIENTED_EDGE('',*,*,#4999,.T.);
#7013=ORIENTED_EDGE('',*,*,#5053,.T.);
#7014=ORIENTED_EDGE('',*,*,#5054,.T.);
#7015=ORIENTED_EDGE('',*,*,#5051,.F.);
#7016=ORIENTED_EDGE('',*,*,#4998,.T.);
#7017=ORIENTED_EDGE('',*,*,#5055,.T.);
#7018=ORIENTED_EDGE('',*,*,#5056,.T.);
#7019=ORIENTED_EDGE('',*,*,#5053,.F.);
#7020=ORIENTED_EDGE('',*,*,#4997,.T.);
#7021=ORIENTED_EDGE('',*,*,#5057,.T.);
#7022=ORIENTED_EDGE('',*,*,#5058,.T.);
#7023=ORIENTED_EDGE('',*,*,#5055,.F.);
#7024=ORIENTED_EDGE('',*,*,#4996,.T.);
#7025=ORIENTED_EDGE('',*,*,#5050,.F.);
#7026=ORIENTED_EDGE('',*,*,#5059,.T.);
#7027=ORIENTED_EDGE('',*,*,#5057,.F.);
#7028=ORIENTED_EDGE('',*,*,#4995,.T.);
#7029=ORIENTED_EDGE('',*,*,#5058,.F.);
#7030=ORIENTED_EDGE('',*,*,#5060,.T.);
#7031=ORIENTED_EDGE('',*,*,#5061,.F.);
#7032=ORIENTED_EDGE('',*,*,#5062,.F.);
#7033=ORIENTED_EDGE('',*,*,#5059,.F.);
#7034=ORIENTED_EDGE('',*,*,#5063,.T.);
#7035=ORIENTED_EDGE('',*,*,#5064,.F.);
#7036=ORIENTED_EDGE('',*,*,#5060,.F.);
#7037=ORIENTED_EDGE('',*,*,#5049,.F.);
#7038=ORIENTED_EDGE('',*,*,#5065,.F.);
#7039=ORIENTED_EDGE('',*,*,#5066,.F.);
#7040=ORIENTED_EDGE('',*,*,#5063,.F.);
#7041=ORIENTED_EDGE('',*,*,#5067,.T.);
#7042=ORIENTED_EDGE('',*,*,#5068,.T.);
#7043=ORIENTED_EDGE('',*,*,#4978,.T.);
#7044=ORIENTED_EDGE('',*,*,#5069,.T.);
#7045=ORIENTED_EDGE('',*,*,#4977,.T.);
#7046=ORIENTED_EDGE('',*,*,#5070,.T.);
#7047=ORIENTED_EDGE('',*,*,#5071,.T.);
#7048=ORIENTED_EDGE('',*,*,#5069,.F.);
#7049=ORIENTED_EDGE('',*,*,#4976,.T.);
#7050=ORIENTED_EDGE('',*,*,#5072,.T.);
#7051=ORIENTED_EDGE('',*,*,#5073,.T.);
#7052=ORIENTED_EDGE('',*,*,#5070,.F.);
#7053=ORIENTED_EDGE('',*,*,#5074,.T.);
#7054=ORIENTED_EDGE('',*,*,#5075,.T.);
#7055=ORIENTED_EDGE('',*,*,#5072,.F.);
#7056=ORIENTED_EDGE('',*,*,#4975,.T.);
#7057=ORIENTED_EDGE('',*,*,#5076,.T.);
#7058=ORIENTED_EDGE('',*,*,#5077,.T.);
#7059=ORIENTED_EDGE('',*,*,#5074,.F.);
#7060=ORIENTED_EDGE('',*,*,#4974,.T.);
#7061=ORIENTED_EDGE('',*,*,#5078,.T.);
#7062=ORIENTED_EDGE('',*,*,#5076,.F.);
#7063=ORIENTED_EDGE('',*,*,#4973,.T.);
#7064=ORIENTED_EDGE('',*,*,#5079,.T.);
#7065=ORIENTED_EDGE('',*,*,#4972,.T.);
#7066=ORIENTED_EDGE('',*,*,#5080,.T.);
#7067=ORIENTED_EDGE('',*,*,#5081,.T.);
#7068=ORIENTED_EDGE('',*,*,#5079,.F.);
#7069=ORIENTED_EDGE('',*,*,#5082,.T.);
#7070=ORIENTED_EDGE('',*,*,#5083,.T.);
#7071=ORIENTED_EDGE('',*,*,#4968,.T.);
#7072=ORIENTED_EDGE('',*,*,#5084,.T.);
#7073=ORIENTED_EDGE('',*,*,#5083,.F.);
#7074=ORIENTED_EDGE('',*,*,#5085,.T.);
#7075=ORIENTED_EDGE('',*,*,#5086,.T.);
#7076=ORIENTED_EDGE('',*,*,#4969,.T.);
#7077=ORIENTED_EDGE('',*,*,#5086,.F.);
#7078=ORIENTED_EDGE('',*,*,#5087,.T.);
#7079=ORIENTED_EDGE('',*,*,#5088,.T.);
#7080=ORIENTED_EDGE('',*,*,#4970,.T.);
#7081=ORIENTED_EDGE('',*,*,#4971,.T.);
#7082=ORIENTED_EDGE('',*,*,#5088,.F.);
#7083=ORIENTED_EDGE('',*,*,#5089,.T.);
#7084=ORIENTED_EDGE('',*,*,#5080,.F.);
#7085=ORIENTED_EDGE('',*,*,#5090,.T.);
#7086=ORIENTED_EDGE('',*,*,#5084,.F.);
#7087=ORIENTED_EDGE('',*,*,#4987,.T.);
#7088=ORIENTED_EDGE('',*,*,#5091,.T.);
#7089=ORIENTED_EDGE('',*,*,#4986,.T.);
#7090=ORIENTED_EDGE('',*,*,#5092,.T.);
#7091=ORIENTED_EDGE('',*,*,#5093,.T.);
#7092=ORIENTED_EDGE('',*,*,#5091,.F.);
#7093=ORIENTED_EDGE('',*,*,#5094,.T.);
#7094=ORIENTED_EDGE('',*,*,#5095,.T.);
#7095=ORIENTED_EDGE('',*,*,#5092,.F.);
#7096=ORIENTED_EDGE('',*,*,#4985,.T.);
#7097=ORIENTED_EDGE('',*,*,#5096,.T.);
#7098=ORIENTED_EDGE('',*,*,#5097,.T.);
#7099=ORIENTED_EDGE('',*,*,#5094,.F.);
#7100=ORIENTED_EDGE('',*,*,#4984,.T.);
#7101=ORIENTED_EDGE('',*,*,#5098,.T.);
#7102=ORIENTED_EDGE('',*,*,#5096,.F.);
#7103=ORIENTED_EDGE('',*,*,#4983,.T.);
#7104=ORIENTED_EDGE('',*,*,#5099,.T.);
#7105=ORIENTED_EDGE('',*,*,#4885,.T.);
#7106=ORIENTED_EDGE('',*,*,#5099,.F.);
#7107=ORIENTED_EDGE('',*,*,#4982,.T.);
#7108=ORIENTED_EDGE('',*,*,#5100,.T.);
#7109=ORIENTED_EDGE('',*,*,#5068,.F.);
#7110=ORIENTED_EDGE('',*,*,#5101,.T.);
#7111=ORIENTED_EDGE('',*,*,#5102,.T.);
#7112=ORIENTED_EDGE('',*,*,#4979,.T.);
#7113=ORIENTED_EDGE('',*,*,#5102,.F.);
#7114=ORIENTED_EDGE('',*,*,#5103,.T.);
#7115=ORIENTED_EDGE('',*,*,#5104,.T.);
#7116=ORIENTED_EDGE('',*,*,#4980,.T.);
#7117=ORIENTED_EDGE('',*,*,#4981,.T.);
#7118=ORIENTED_EDGE('',*,*,#5104,.F.);
#7119=ORIENTED_EDGE('',*,*,#5105,.T.);
#7120=ORIENTED_EDGE('',*,*,#5100,.F.);
#7121=ORIENTED_EDGE('',*,*,#5071,.F.);
#7122=ORIENTED_EDGE('',*,*,#5106,.T.);
#7123=ORIENTED_EDGE('',*,*,#5107,.F.);
#7124=ORIENTED_EDGE('',*,*,#5108,.F.);
#7125=ORIENTED_EDGE('',*,*,#5073,.F.);
#7126=ORIENTED_EDGE('',*,*,#5109,.F.);
#7127=ORIENTED_EDGE('',*,*,#4893,.F.);
#7128=ORIENTED_EDGE('',*,*,#5110,.F.);
#7129=ORIENTED_EDGE('',*,*,#5106,.F.);
#7130=ORIENTED_EDGE('',*,*,#5075,.F.);
#7131=ORIENTED_EDGE('',*,*,#5111,.T.);
#7132=ORIENTED_EDGE('',*,*,#5112,.T.);
#7133=ORIENTED_EDGE('',*,*,#4894,.T.);
#7134=ORIENTED_EDGE('',*,*,#5109,.T.);
#7135=ORIENTED_EDGE('',*,*,#5077,.F.);
#7136=ORIENTED_EDGE('',*,*,#5113,.T.);
#7137=ORIENTED_EDGE('',*,*,#5114,.F.);
#7138=ORIENTED_EDGE('',*,*,#5111,.F.);
#7139=ORIENTED_EDGE('',*,*,#5078,.F.);
#7140=ORIENTED_EDGE('',*,*,#5115,.T.);
#7141=ORIENTED_EDGE('',*,*,#5116,.F.);
#7142=ORIENTED_EDGE('',*,*,#5113,.F.);
#7143=ORIENTED_EDGE('',*,*,#5081,.F.);
#7144=ORIENTED_EDGE('',*,*,#5117,.T.);
#7145=ORIENTED_EDGE('',*,*,#5118,.F.);
#7146=ORIENTED_EDGE('',*,*,#5115,.F.);
#7147=ORIENTED_EDGE('',*,*,#5089,.F.);
#7148=ORIENTED_EDGE('',*,*,#5119,.T.);
#7149=ORIENTED_EDGE('',*,*,#5120,.F.);
#7150=ORIENTED_EDGE('',*,*,#5117,.F.);
#7151=ORIENTED_EDGE('',*,*,#5087,.F.);
#7152=ORIENTED_EDGE('',*,*,#5121,.T.);
#7153=ORIENTED_EDGE('',*,*,#5122,.F.);
#7154=ORIENTED_EDGE('',*,*,#5119,.F.);
#7155=ORIENTED_EDGE('',*,*,#5085,.F.);
#7156=ORIENTED_EDGE('',*,*,#5123,.T.);
#7157=ORIENTED_EDGE('',*,*,#4898,.F.);
#7158=ORIENTED_EDGE('',*,*,#5124,.F.);
#7159=ORIENTED_EDGE('',*,*,#5121,.F.);
#7160=ORIENTED_EDGE('',*,*,#5082,.F.);
#7161=ORIENTED_EDGE('',*,*,#5125,.T.);
#7162=ORIENTED_EDGE('',*,*,#5126,.F.);
#7163=ORIENTED_EDGE('',*,*,#4899,.F.);
#7164=ORIENTED_EDGE('',*,*,#5123,.F.);
#7165=ORIENTED_EDGE('',*,*,#5127,.F.);
#7166=ORIENTED_EDGE('',*,*,#5128,.T.);
#7167=ORIENTED_EDGE('',*,*,#5129,.F.);
#7168=ORIENTED_EDGE('',*,*,#5130,.T.);
#7169=ORIENTED_EDGE('',*,*,#5129,.T.);
#7170=ORIENTED_EDGE('',*,*,#5131,.F.);
#7171=ORIENTED_EDGE('',*,*,#5132,.F.);
#7172=ORIENTED_EDGE('',*,*,#5124,.T.);
#7173=ORIENTED_EDGE('',*,*,#4897,.T.);
#7174=ORIENTED_EDGE('',*,*,#5133,.T.);
#7175=ORIENTED_EDGE('',*,*,#5128,.F.);
#7176=ORIENTED_EDGE('',*,*,#5134,.T.);
#7177=ORIENTED_EDGE('',*,*,#5135,.T.);
#7178=ORIENTED_EDGE('',*,*,#5136,.T.);
#7179=ORIENTED_EDGE('',*,*,#5137,.F.);
#7180=ORIENTED_EDGE('',*,*,#5131,.T.);
#7181=ORIENTED_EDGE('',*,*,#5110,.T.);
#7182=ORIENTED_EDGE('',*,*,#4892,.T.);
#7183=ORIENTED_EDGE('',*,*,#5138,.T.);
#7184=ORIENTED_EDGE('',*,*,#5107,.T.);
#7185=ORIENTED_EDGE('',*,*,#5067,.F.);
#7186=ORIENTED_EDGE('',*,*,#5108,.T.);
#7187=ORIENTED_EDGE('',*,*,#5138,.F.);
#7188=ORIENTED_EDGE('',*,*,#4891,.F.);
#7189=ORIENTED_EDGE('',*,*,#5139,.F.);
#7190=ORIENTED_EDGE('',*,*,#5140,.T.);
#7191=ORIENTED_EDGE('',*,*,#4900,.T.);
#7192=ORIENTED_EDGE('',*,*,#5126,.T.);
#7193=ORIENTED_EDGE('',*,*,#5141,.T.);
#7194=ORIENTED_EDGE('',*,*,#5142,.T.);
#7195=ORIENTED_EDGE('',*,*,#4922,.T.);
#7196=ORIENTED_EDGE('',*,*,#5143,.T.);
#7197=ORIENTED_EDGE('',*,*,#5144,.T.);
#7198=ORIENTED_EDGE('',*,*,#5142,.F.);
#7199=ORIENTED_EDGE('',*,*,#4962,.T.);
#7200=ORIENTED_EDGE('',*,*,#5145,.T.);
#7201=ORIENTED_EDGE('',*,*,#4923,.T.);
#7202=ORIENTED_EDGE('',*,*,#5146,.T.);
#7203=ORIENTED_EDGE('',*,*,#4924,.T.);
#7204=ORIENTED_EDGE('',*,*,#5145,.F.);
#7205=ORIENTED_EDGE('',*,*,#4965,.T.);
#7206=ORIENTED_EDGE('',*,*,#5146,.F.);
#7207=ORIENTED_EDGE('',*,*,#4967,.T.);
#7208=ORIENTED_EDGE('',*,*,#5147,.T.);
#7209=ORIENTED_EDGE('',*,*,#4925,.T.);
#7210=ORIENTED_EDGE('',*,*,#5148,.T.);
#7211=ORIENTED_EDGE('',*,*,#4926,.T.);
#7212=ORIENTED_EDGE('',*,*,#5147,.F.);
#7213=ORIENTED_EDGE('',*,*,#5149,.T.);
#7214=ORIENTED_EDGE('',*,*,#5148,.F.);
#7215=ORIENTED_EDGE('',*,*,#5150,.T.);
#7216=ORIENTED_EDGE('',*,*,#5143,.F.);
#7217=ORIENTED_EDGE('',*,*,#4927,.T.);
#7218=ORIENTED_EDGE('',*,*,#4954,.F.);
#7219=ORIENTED_EDGE('',*,*,#4963,.F.);
#7220=ORIENTED_EDGE('',*,*,#5144,.F.);
#7221=ORIENTED_EDGE('',*,*,#5151,.F.);
#7222=ORIENTED_EDGE('',*,*,#5152,.T.);
#7223=ORIENTED_EDGE('',*,*,#4904,.T.);
#7224=ORIENTED_EDGE('',*,*,#5153,.T.);
#7225=ORIENTED_EDGE('',*,*,#5028,.T.);
#7226=ORIENTED_EDGE('',*,*,#5154,.T.);
#7227=ORIENTED_EDGE('',*,*,#4905,.T.);
#7228=ORIENTED_EDGE('',*,*,#5152,.F.);
#7229=ORIENTED_EDGE('',*,*,#5155,.T.);
#7230=ORIENTED_EDGE('',*,*,#5156,.T.);
#7231=ORIENTED_EDGE('',*,*,#4906,.T.);
#7232=ORIENTED_EDGE('',*,*,#5154,.F.);
#7233=ORIENTED_EDGE('',*,*,#5157,.T.);
#7234=ORIENTED_EDGE('',*,*,#5156,.F.);
#7235=ORIENTED_EDGE('',*,*,#5158,.T.);
#7236=ORIENTED_EDGE('',*,*,#5159,.T.);
#7237=ORIENTED_EDGE('',*,*,#4907,.T.);
#7238=ORIENTED_EDGE('',*,*,#5160,.T.);
#7239=ORIENTED_EDGE('',*,*,#4908,.T.);
#7240=ORIENTED_EDGE('',*,*,#5159,.F.);
#7241=ORIENTED_EDGE('',*,*,#5023,.T.);
#7242=ORIENTED_EDGE('',*,*,#5160,.F.);
#7243=ORIENTED_EDGE('',*,*,#5026,.T.);
#7244=ORIENTED_EDGE('',*,*,#5153,.F.);
#7245=ORIENTED_EDGE('',*,*,#4909,.T.);
#7246=ORIENTED_EDGE('',*,*,#5016,.F.);
#7247=ORIENTED_EDGE('',*,*,#5161,.F.);
#7248=ORIENTED_EDGE('',*,*,#5157,.F.);
#7249=ORIENTED_EDGE('',*,*,#5162,.F.);
#7250=ORIENTED_EDGE('',*,*,#5014,.F.);
#7251=ORIENTED_EDGE('',*,*,#5162,.T.);
#7252=ORIENTED_EDGE('',*,*,#5155,.F.);
#7253=ORIENTED_EDGE('',*,*,#5027,.F.);
#7254=ORIENTED_EDGE('',*,*,#5163,.T.);
#7255=ORIENTED_EDGE('',*,*,#4916,.T.);
#7256=ORIENTED_EDGE('',*,*,#5164,.T.);
#7257=ORIENTED_EDGE('',*,*,#5165,.T.);
#7258=ORIENTED_EDGE('',*,*,#5163,.F.);
#7259=ORIENTED_EDGE('',*,*,#5166,.T.);
#7260=ORIENTED_EDGE('',*,*,#5167,.T.);
#7261=ORIENTED_EDGE('',*,*,#4917,.T.);
#7262=ORIENTED_EDGE('',*,*,#5168,.T.);
#7263=ORIENTED_EDGE('',*,*,#4918,.T.);
#7264=ORIENTED_EDGE('',*,*,#5167,.F.);
#7265=ORIENTED_EDGE('',*,*,#5061,.T.);
#7266=ORIENTED_EDGE('',*,*,#5169,.T.);
#7267=ORIENTED_EDGE('',*,*,#4919,.T.);
#7268=ORIENTED_EDGE('',*,*,#5168,.F.);
#7269=ORIENTED_EDGE('',*,*,#5064,.T.);
#7270=ORIENTED_EDGE('',*,*,#5170,.T.);
#7271=ORIENTED_EDGE('',*,*,#4920,.T.);
#7272=ORIENTED_EDGE('',*,*,#5169,.F.);
#7273=ORIENTED_EDGE('',*,*,#5066,.T.);
#7274=ORIENTED_EDGE('',*,*,#5170,.F.);
#7275=ORIENTED_EDGE('',*,*,#5171,.T.);
#7276=ORIENTED_EDGE('',*,*,#5164,.F.);
#7277=ORIENTED_EDGE('',*,*,#4921,.T.);
#7278=ORIENTED_EDGE('',*,*,#5056,.F.);
#7279=ORIENTED_EDGE('',*,*,#5062,.T.);
#7280=ORIENTED_EDGE('',*,*,#5166,.F.);
#7281=ORIENTED_EDGE('',*,*,#5172,.T.);
#7282=ORIENTED_EDGE('',*,*,#5054,.F.);
#7283=ORIENTED_EDGE('',*,*,#5172,.F.);
#7284=ORIENTED_EDGE('',*,*,#5165,.F.);
#7285=ORIENTED_EDGE('',*,*,#5173,.F.);
#7286=ORIENTED_EDGE('',*,*,#5174,.T.);
#7287=ORIENTED_EDGE('',*,*,#4910,.T.);
#7288=ORIENTED_EDGE('',*,*,#5175,.T.);
#7289=ORIENTED_EDGE('',*,*,#5176,.T.);
#7290=ORIENTED_EDGE('',*,*,#5174,.F.);
#7291=ORIENTED_EDGE('',*,*,#5177,.T.);
#7292=ORIENTED_EDGE('',*,*,#5178,.T.);
#7293=ORIENTED_EDGE('',*,*,#4911,.T.);
#7294=ORIENTED_EDGE('',*,*,#5179,.T.);
#7295=ORIENTED_EDGE('',*,*,#4912,.T.);
#7296=ORIENTED_EDGE('',*,*,#5178,.F.);
#7297=ORIENTED_EDGE('',*,*,#5042,.T.);
#7298=ORIENTED_EDGE('',*,*,#5179,.F.);
#7299=ORIENTED_EDGE('',*,*,#5045,.T.);
#7300=ORIENTED_EDGE('',*,*,#5180,.T.);
#7301=ORIENTED_EDGE('',*,*,#4913,.T.);
#7302=ORIENTED_EDGE('',*,*,#5181,.T.);
#7303=ORIENTED_EDGE('',*,*,#4914,.T.);
#7304=ORIENTED_EDGE('',*,*,#5180,.F.);
#7305=ORIENTED_EDGE('',*,*,#5047,.T.);
#7306=ORIENTED_EDGE('',*,*,#5181,.F.);
#7307=ORIENTED_EDGE('',*,*,#5182,.T.);
#7308=ORIENTED_EDGE('',*,*,#5175,.F.);
#7309=ORIENTED_EDGE('',*,*,#4915,.T.);
#7310=ORIENTED_EDGE('',*,*,#5037,.F.);
#7311=ORIENTED_EDGE('',*,*,#5043,.T.);
#7312=ORIENTED_EDGE('',*,*,#5177,.F.);
#7313=ORIENTED_EDGE('',*,*,#5183,.T.);
#7314=ORIENTED_EDGE('',*,*,#5035,.F.);
#7315=ORIENTED_EDGE('',*,*,#5183,.F.);
#7316=ORIENTED_EDGE('',*,*,#5176,.F.);
#7317=ORIENTED_EDGE('',*,*,#5184,.F.);
#7318=ORIENTED_EDGE('',*,*,#5185,.F.);
#7319=ORIENTED_EDGE('',*,*,#5186,.T.);
#7320=ORIENTED_EDGE('',*,*,#5137,.T.);
#7321=ORIENTED_EDGE('',*,*,#5187,.T.);
#7322=ORIENTED_EDGE('',*,*,#5135,.F.);
#7323=ORIENTED_EDGE('',*,*,#5188,.T.);
#7324=ORIENTED_EDGE('',*,*,#5189,.F.);
#7325=ORIENTED_EDGE('',*,*,#5190,.T.);
#7326=ORIENTED_EDGE('',*,*,#5118,.T.);
#7327=ORIENTED_EDGE('',*,*,#5191,.T.);
#7328=ORIENTED_EDGE('',*,*,#5187,.F.);
#7329=ORIENTED_EDGE('',*,*,#5136,.F.);
#7330=ORIENTED_EDGE('',*,*,#5186,.F.);
#7331=ORIENTED_EDGE('',*,*,#5192,.T.);
#7332=ORIENTED_EDGE('',*,*,#5193,.T.);
#7333=ORIENTED_EDGE('',*,*,#5191,.F.);
#7334=ORIENTED_EDGE('',*,*,#5120,.T.);
#7335=ORIENTED_EDGE('',*,*,#5122,.T.);
#7336=ORIENTED_EDGE('',*,*,#5132,.T.);
#7337=ORIENTED_EDGE('',*,*,#4933,.F.);
#7338=ORIENTED_EDGE('',*,*,#5194,.T.);
#7339=ORIENTED_EDGE('',*,*,#5195,.T.);
#7340=ORIENTED_EDGE('',*,*,#4872,.T.);
#7341=ORIENTED_EDGE('',*,*,#4935,.F.);
#7342=ORIENTED_EDGE('',*,*,#5196,.T.);
#7343=ORIENTED_EDGE('',*,*,#5197,.T.);
#7344=ORIENTED_EDGE('',*,*,#4941,.F.);
#7345=ORIENTED_EDGE('',*,*,#5198,.T.);
#7346=ORIENTED_EDGE('',*,*,#5199,.T.);
#7347=ORIENTED_EDGE('',*,*,#4939,.F.);
#7348=ORIENTED_EDGE('',*,*,#4878,.T.);
#7349=ORIENTED_EDGE('',*,*,#5200,.T.);
#7350=ORIENTED_EDGE('',*,*,#5201,.T.);
#7351=ORIENTED_EDGE('',*,*,#5052,.F.);
#7352=ORIENTED_EDGE('',*,*,#5173,.T.);
#7353=ORIENTED_EDGE('',*,*,#5171,.F.);
#7354=ORIENTED_EDGE('',*,*,#5065,.T.);
#7355=ORIENTED_EDGE('',*,*,#5018,.F.);
#7356=ORIENTED_EDGE('',*,*,#5024,.T.);
#7357=ORIENTED_EDGE('',*,*,#5158,.F.);
#7358=ORIENTED_EDGE('',*,*,#5161,.T.);
#7359=ORIENTED_EDGE('',*,*,#5033,.F.);
#7360=ORIENTED_EDGE('',*,*,#5184,.T.);
#7361=ORIENTED_EDGE('',*,*,#5182,.F.);
#7362=ORIENTED_EDGE('',*,*,#5046,.T.);
#7363=ORIENTED_EDGE('',*,*,#4951,.F.);
#7364=ORIENTED_EDGE('',*,*,#5151,.T.);
#7365=ORIENTED_EDGE('',*,*,#5150,.F.);
#7366=ORIENTED_EDGE('',*,*,#5202,.T.);
#7367=ORIENTED_EDGE('',*,*,#4948,.F.);
#7368=ORIENTED_EDGE('',*,*,#5202,.F.);
#7369=ORIENTED_EDGE('',*,*,#5149,.F.);
#7370=ORIENTED_EDGE('',*,*,#4966,.F.);
#7371=ORIENTED_EDGE('',*,*,#5127,.T.);
#7372=ORIENTED_EDGE('',*,*,#5203,.T.);
#7373=ORIENTED_EDGE('',*,*,#4895,.T.);
#7374=ORIENTED_EDGE('',*,*,#5112,.F.);
#7375=ORIENTED_EDGE('',*,*,#5204,.F.);
#7376=ORIENTED_EDGE('',*,*,#5134,.F.);
#7377=ORIENTED_EDGE('',*,*,#5101,.F.);
#7378=ORIENTED_EDGE('',*,*,#5139,.T.);
#7379=ORIENTED_EDGE('',*,*,#4890,.F.);
#7380=ORIENTED_EDGE('',*,*,#4873,.F.);
#7381=ORIENTED_EDGE('',*,*,#5205,.F.);
#7382=ORIENTED_EDGE('',*,*,#5095,.F.);
#7383=ORIENTED_EDGE('',*,*,#5206,.T.);
#7384=ORIENTED_EDGE('',*,*,#4877,.T.);
#7385=ORIENTED_EDGE('',*,*,#4902,.T.);
#7386=ORIENTED_EDGE('',*,*,#5207,.T.);
#7387=ORIENTED_EDGE('',*,*,#5093,.F.);
#7388=ORIENTED_EDGE('',*,*,#5207,.F.);
#7389=ORIENTED_EDGE('',*,*,#4901,.F.);
#7390=ORIENTED_EDGE('',*,*,#5140,.F.);
#7391=ORIENTED_EDGE('',*,*,#5208,.F.);
#7392=ORIENTED_EDGE('',*,*,#5198,.F.);
#7393=ORIENTED_EDGE('',*,*,#4940,.T.);
#7394=ORIENTED_EDGE('',*,*,#5199,.F.);
#7395=ORIENTED_EDGE('',*,*,#5209,.T.);
#7396=ORIENTED_EDGE('',*,*,#5003,.T.);
#7397=ORIENTED_EDGE('',*,*,#5209,.F.);
#7398=ORIENTED_EDGE('',*,*,#5196,.F.);
#7399=ORIENTED_EDGE('',*,*,#4934,.T.);
#7400=ORIENTED_EDGE('',*,*,#5197,.F.);
#7401=ORIENTED_EDGE('',*,*,#5210,.T.);
#7402=ORIENTED_EDGE('',*,*,#5002,.T.);
#7403=ORIENTED_EDGE('',*,*,#5210,.F.);
#7404=ORIENTED_EDGE('',*,*,#5105,.F.);
#7405=ORIENTED_EDGE('',*,*,#5211,.T.);
#7406=ORIENTED_EDGE('',*,*,#5194,.F.);
#7407=ORIENTED_EDGE('',*,*,#4886,.F.);
#7408=ORIENTED_EDGE('',*,*,#5098,.F.);
#7409=ORIENTED_EDGE('',*,*,#4884,.T.);
#7410=ORIENTED_EDGE('',*,*,#5201,.F.);
#7411=ORIENTED_EDGE('',*,*,#5212,.F.);
#7412=ORIENTED_EDGE('',*,*,#5097,.F.);
#7413=ORIENTED_EDGE('',*,*,#5212,.T.);
#7414=ORIENTED_EDGE('',*,*,#5200,.F.);
#7415=ORIENTED_EDGE('',*,*,#5206,.F.);
#7416=ORIENTED_EDGE('',*,*,#5103,.F.);
#7417=ORIENTED_EDGE('',*,*,#5205,.T.);
#7418=ORIENTED_EDGE('',*,*,#5195,.F.);
#7419=ORIENTED_EDGE('',*,*,#5211,.F.);
#7420=ORIENTED_EDGE('',*,*,#5133,.F.);
#7421=ORIENTED_EDGE('',*,*,#4896,.F.);
#7422=ORIENTED_EDGE('',*,*,#5203,.F.);
#7423=ORIENTED_EDGE('',*,*,#5130,.F.);
#7424=ORIENTED_EDGE('',*,*,#5192,.F.);
#7425=ORIENTED_EDGE('',*,*,#5185,.T.);
#7426=ORIENTED_EDGE('',*,*,#5193,.F.);
#7427=ORIENTED_EDGE('',*,*,#5213,.T.);
#7428=ORIENTED_EDGE('',*,*,#5001,.T.);
#7429=ORIENTED_EDGE('',*,*,#5213,.F.);
#7430=ORIENTED_EDGE('',*,*,#5214,.F.);
#7431=ORIENTED_EDGE('',*,*,#5189,.T.);
#7432=ORIENTED_EDGE('',*,*,#5215,.F.);
#7433=ORIENTED_EDGE('',*,*,#5216,.T.);
#7434=ORIENTED_EDGE('',*,*,#5000,.T.);
#7435=ORIENTED_EDGE('',*,*,#5216,.F.);
#7436=ORIENTED_EDGE('',*,*,#5188,.F.);
#7437=ORIENTED_EDGE('',*,*,#5204,.T.);
#7438=ORIENTED_EDGE('',*,*,#5114,.T.);
#7439=ORIENTED_EDGE('',*,*,#5116,.T.);
#7440=ORIENTED_EDGE('',*,*,#5190,.F.);
#7441=ORIENTED_EDGE('',*,*,#5214,.T.);
#7442=ORIENTED_EDGE('',*,*,#5215,.T.);
#7443=ORIENTED_EDGE('',*,*,#5090,.F.);
#7444=ORIENTED_EDGE('',*,*,#5208,.T.);
#7445=ORIENTED_EDGE('',*,*,#5141,.F.);
#7446=ORIENTED_EDGE('',*,*,#5125,.F.);
#7447=CONICAL_SURFACE('',#8032,4.2,0.785398163397436);
#7448=CONICAL_SURFACE('',#8036,4.2,0.785398163397437);
#7449=CONICAL_SURFACE('',#8044,4.2,0.785398163397459);
#7450=CONICAL_SURFACE('',#8047,4.2,0.785398163397459);
#7451=CONICAL_SURFACE('',#8054,3.71,0.785398163397448);
#7452=CONICAL_SURFACE('',#8061,3.71,0.785398163397448);
#7453=CONICAL_SURFACE('',#8068,3.71,0.785398163397448);
#7454=CONICAL_SURFACE('',#8075,3.71,0.785398163397448);
#7455=CONICAL_SURFACE('',#8083,2.3,0.785398163397448);
#7456=CONICAL_SURFACE('',#8104,2.3,0.785398163397448);
#7457=CONICAL_SURFACE('',#8109,1.9,0.785398163397451);
#7458=CONICAL_SURFACE('',#8112,2.1,0.78539816339745);
#7459=CONICAL_SURFACE('',#8114,3.9,0.785398163397437);
#7460=CONICAL_SURFACE('',#8116,2.1,0.785398163397452);
#7461=CONICAL_SURFACE('',#8119,1.9,0.785398163397451);
#7462=CONICAL_SURFACE('',#8122,1.9,0.785398163397451);
#7463=CONICAL_SURFACE('',#8125,1.9,0.785398163397451);
#7464=CONICAL_SURFACE('',#8151,2.30000002980232,0.785398163397526);
#7465=CONICAL_SURFACE('',#8154,2.30000002980232,0.785398163397515);
#7466=CONICAL_SURFACE('',#8160,2.30000002980232,0.785398163397381);
#7467=CONICAL_SURFACE('',#8164,2.30000002980232,0.785398163397371);
#7468=CONICAL_SURFACE('',#8169,1.8,0.78539816339745);
#7469=CONICAL_SURFACE('',#8172,1.8,0.78539816339745);
#7470=CONICAL_SURFACE('',#8175,1.8,0.78539816339745);
#7471=CONICAL_SURFACE('',#8178,2.2,0.78539816339745);
#7472=CONICAL_SURFACE('',#8180,3.8,0.785398163397448);
#7473=CONICAL_SURFACE('',#8182,2.2,0.785398163397451);
#7474=CONICAL_SURFACE('',#8185,1.8,0.78539816339745);
#7475=CONICAL_SURFACE('',#8221,1.85,0.785398163397448);
#7476=CONICAL_SURFACE('',#8240,1.90000000000001,0.78539816339745);
#7477=CONICAL_SURFACE('',#8243,1.9,0.78539816339745);
#7478=CONICAL_SURFACE('',#8246,1.90000000000001,0.78539816339745);
#7479=CONICAL_SURFACE('',#8249,2.1,0.785398163397451);
#7480=CONICAL_SURFACE('',#8251,3.9,0.785398163397438);
#7481=CONICAL_SURFACE('',#8253,2.1,0.785398163397452);
#7482=CONICAL_SURFACE('',#8256,1.90000000000001,0.78539816339745);
#7483=CONICAL_SURFACE('',#8268,1.80000000000001,0.78539816339745);
#7484=CONICAL_SURFACE('',#8272,2.2,0.78539816339745);
#7485=CONICAL_SURFACE('',#8274,3.8,0.785398163397448);
#7486=CONICAL_SURFACE('',#8276,2.2,0.785398163397451);
#7487=CONICAL_SURFACE('',#8279,1.80000000000001,0.78539816339745);
#7488=CONICAL_SURFACE('',#8282,1.80000000000001,0.78539816339745);
#7489=CONICAL_SURFACE('',#8286,1.8,0.78539816339745);
#7490=CONICAL_SURFACE('',#8372,1.95,0.785398163397448);
#7491=CONICAL_SURFACE('',#8439,1.8,0.78539816339745);
#7492=CONICAL_SURFACE('',#8442,1.8,0.78539816339745);
#7493=CONICAL_SURFACE('',#8445,1.8,0.78539816339745);
#7494=CONICAL_SURFACE('',#8448,1.8,0.78539816339745);
#7495=CONICAL_SURFACE('',#8475,50.7,0.785398163397466);
#7496=CONICAL_SURFACE('',#8482,50.7,0.785398163397478);
#7497=CONICAL_SURFACE('',#8527,2.2,0.78539816339745);
#7498=CONICAL_SURFACE('',#8531,2.2,0.785398163397449);
#7499=CONICAL_SURFACE('',#8535,2.2,0.78539816339745);
#7500=CONICAL_SURFACE('',#8567,12.2,0.785398163397452);
#7501=CONICAL_SURFACE('',#8570,1.2,0.785398163397442);
#7502=CONICAL_SURFACE('',#8573,1.2,0.785398163397449);
#7503=CONICAL_SURFACE('',#8580,2.2,0.78539816339745);
#7504=CONICAL_SURFACE('',#8583,2.2,0.785398163397449);
#7505=CONICAL_SURFACE('',#8586,2.2,0.785398163397445);
#7506=CONICAL_SURFACE('',#8593,1.2,0.785398163397442);
#7507=CONICAL_SURFACE('',#8596,1.2,0.785398163397442);
#7508=CONICAL_SURFACE('',#8599,12.2,0.785398163397448);
#7509=CONICAL_SURFACE('',#8608,5.2,0.785398163397452);
#7510=CONICAL_SURFACE('',#8610,4.80000000000005,0.785398163397449);
#7511=CONICAL_SURFACE('',#8615,5.2,0.785398163397451);
#7512=CONICAL_SURFACE('',#8617,4.8,0.78539816339745);
#7513=CONICAL_SURFACE('',#8622,5.2,0.785398163397447);
#7514=CONICAL_SURFACE('',#8624,4.80000000000006,0.785398163397438);
#7515=CONICAL_SURFACE('',#8628,5.2,0.785398163397451);
#7516=CONICAL_SURFACE('',#8630,4.8,0.78539816339745);
#7517=CONICAL_SURFACE('',#8645,50.7,0.785398163397404);
#7518=CONICAL_SURFACE('',#8658,2.2,0.78539816339745);
#7519=CONICAL_SURFACE('',#8660,2.2,0.78539816339745);
#7520=CONICAL_SURFACE('',#8662,2.2,0.785398163397449);
#7521=CONICAL_SURFACE('',#8666,12.2,0.785398163397452);
#7522=CONICAL_SURFACE('',#8669,1.2,0.785398163397442);
#7523=CONICAL_SURFACE('',#8672,1.2,0.785398163397449);
#7524=CONICAL_SURFACE('',#8676,1.2,0.785398163397442);
#7525=CONICAL_SURFACE('',#8679,12.2,0.785398163397448);
#7526=CONICAL_SURFACE('',#8681,1.2,0.785398163397442);
#7527=CONICAL_SURFACE('',#8686,2.2,0.785398163397449);
#7528=CONICAL_SURFACE('',#8689,2.2,0.785398163397445);
#7529=CONICAL_SURFACE('',#8691,2.2,0.78539816339745);
#7530=ADVANCED_FACE('',(#496),#7447,.F.);
#7531=ADVANCED_FACE('',(#497),#189,.T.);
#7532=ADVANCED_FACE('',(#498),#7448,.F.);
#7533=ADVANCED_FACE('',(#499),#190,.T.);
#7534=ADVANCED_FACE('',(#500),#191,.F.);
#7535=ADVANCED_FACE('',(#501),#116,.F.);
#7536=ADVANCED_FACE('',(#502,#59,#60,#61),#192,.F.);
#7537=ADVANCED_FACE('',(#503),#7449,.F.);
#7538=ADVANCED_FACE('',(#504),#193,.T.);
#7539=ADVANCED_FACE('',(#505),#7450,.F.);
#7540=ADVANCED_FACE('',(#506),#194,.T.);
#7541=ADVANCED_FACE('',(#507),#195,.F.);
#7542=ADVANCED_FACE('',(#508,#62),#196,.T.);
#7543=ADVANCED_FACE('',(#509),#117,.F.);
#7544=ADVANCED_FACE('',(#510),#7451,.T.);
#7545=ADVANCED_FACE('',(#511),#118,.T.);
#7546=ADVANCED_FACE('',(#512,#63),#197,.T.);
#7547=ADVANCED_FACE('',(#513),#7452,.T.);
#7548=ADVANCED_FACE('',(#514),#119,.T.);
#7549=ADVANCED_FACE('',(#515,#64),#198,.T.);
#7550=ADVANCED_FACE('',(#516),#7453,.T.);
#7551=ADVANCED_FACE('',(#517),#120,.T.);
#7552=ADVANCED_FACE('',(#518,#65),#199,.T.);
#7553=ADVANCED_FACE('',(#519),#7454,.T.);
#7554=ADVANCED_FACE('',(#520),#121,.T.);
#7555=ADVANCED_FACE('',(#521,#66),#200,.T.);
#7556=ADVANCED_FACE('',(#522),#201,.T.);
#7557=ADVANCED_FACE('',(#523),#7455,.F.);
#7558=ADVANCED_FACE('',(#524),#202,.T.);
#7559=ADVANCED_FACE('',(#525),#203,.F.);
#7560=ADVANCED_FACE('',(#526),#204,.T.);
#7561=ADVANCED_FACE('',(#527),#205,.T.);
#7562=ADVANCED_FACE('',(#528,#67),#206,.T.);
#7563=ADVANCED_FACE('',(#529),#207,.T.);
#7564=ADVANCED_FACE('',(#530),#208,.T.);
#7565=ADVANCED_FACE('',(#531),#209,.T.);
#7566=ADVANCED_FACE('',(#532),#210,.T.);
#7567=ADVANCED_FACE('',(#533),#211,.T.);
#7568=ADVANCED_FACE('',(#534),#7456,.F.);
#7569=ADVANCED_FACE('',(#535),#212,.T.);
#7570=ADVANCED_FACE('',(#536),#213,.T.);
#7571=ADVANCED_FACE('',(#537),#7457,.T.);
#7572=ADVANCED_FACE('',(#538),#214,.T.);
#7573=ADVANCED_FACE('',(#539),#7458,.F.);
#7574=ADVANCED_FACE('',(#540),#7459,.T.);
#7575=ADVANCED_FACE('',(#541),#7460,.F.);
#7576=ADVANCED_FACE('',(#542),#215,.T.);
#7577=ADVANCED_FACE('',(#543),#7461,.T.);
#7578=ADVANCED_FACE('',(#544),#216,.T.);
#7579=ADVANCED_FACE('',(#545),#7462,.T.);
#7580=ADVANCED_FACE('',(#546),#217,.T.);
#7581=ADVANCED_FACE('',(#547),#7463,.T.);
#7582=ADVANCED_FACE('',(#548),#122,.T.);
#7583=ADVANCED_FACE('',(#549),#123,.T.);
#7584=ADVANCED_FACE('',(#550,#68),#218,.T.);
#7585=ADVANCED_FACE('',(#551),#124,.T.);
#7586=ADVANCED_FACE('',(#552),#219,.T.);
#7587=ADVANCED_FACE('',(#553),#125,.F.);
#7588=ADVANCED_FACE('',(#554),#126,.T.);
#7589=ADVANCED_FACE('',(#555),#127,.F.);
#7590=ADVANCED_FACE('',(#556),#220,.T.);
#7591=ADVANCED_FACE('',(#557),#128,.T.);
#7592=ADVANCED_FACE('',(#558),#221,.F.);
#7593=ADVANCED_FACE('',(#559),#222,.T.);
#7594=ADVANCED_FACE('',(#560),#223,.T.);
#7595=ADVANCED_FACE('',(#561),#224,.T.);
#7596=ADVANCED_FACE('',(#562),#225,.T.);
#7597=ADVANCED_FACE('',(#563),#7464,.F.);
#7598=ADVANCED_FACE('',(#564),#226,.T.);
#7599=ADVANCED_FACE('',(#565),#7465,.F.);
#7600=ADVANCED_FACE('',(#566),#129,.F.);
#7601=ADVANCED_FACE('',(#567),#227,.F.);
#7602=ADVANCED_FACE('',(#568),#228,.T.);
#7603=ADVANCED_FACE('',(#569),#7466,.F.);
#7604=ADVANCED_FACE('',(#570),#229,.T.);
#7605=ADVANCED_FACE('',(#571),#7467,.F.);
#7606=ADVANCED_FACE('',(#572),#130,.F.);
#7607=ADVANCED_FACE('',(#573,#69),#230,.F.);
#7608=ADVANCED_FACE('',(#574),#231,.T.);
#7609=ADVANCED_FACE('',(#575),#7468,.T.);
#7610=ADVANCED_FACE('',(#576),#232,.T.);
#7611=ADVANCED_FACE('',(#577),#7469,.T.);
#7612=ADVANCED_FACE('',(#578),#233,.T.);
#7613=ADVANCED_FACE('',(#579),#7470,.T.);
#7614=ADVANCED_FACE('',(#580),#234,.T.);
#7615=ADVANCED_FACE('',(#581),#7471,.F.);
#7616=ADVANCED_FACE('',(#582),#7472,.T.);
#7617=ADVANCED_FACE('',(#583),#7473,.F.);
#7618=ADVANCED_FACE('',(#584),#235,.T.);
#7619=ADVANCED_FACE('',(#585),#7474,.T.);
#7620=ADVANCED_FACE('',(#586),#236,.F.);
#7621=ADVANCED_FACE('',(#587),#237,.F.);
#7622=ADVANCED_FACE('',(#588),#238,.F.);
#7623=ADVANCED_FACE('',(#589),#239,.F.);
#7624=ADVANCED_FACE('',(#590),#240,.F.);
#7625=ADVANCED_FACE('',(#591),#241,.F.);
#7626=ADVANCED_FACE('',(#592),#242,.F.);
#7627=ADVANCED_FACE('',(#593),#243,.F.);
#7628=ADVANCED_FACE('',(#594),#244,.T.);
#7629=ADVANCED_FACE('',(#595,#70),#245,.F.);
#7630=ADVANCED_FACE('',(#596),#131,.F.);
#7631=ADVANCED_FACE('',(#597),#132,.F.);
#7632=ADVANCED_FACE('',(#598),#246,.F.);
#7633=ADVANCED_FACE('',(#599),#247,.F.);
#7634=ADVANCED_FACE('',(#600),#133,.F.);
#7635=ADVANCED_FACE('',(#601),#248,.F.);
#7636=ADVANCED_FACE('',(#602),#249,.T.);
#7637=ADVANCED_FACE('',(#603),#250,.T.);
#7638=ADVANCED_FACE('',(#604),#251,.T.);
#7639=ADVANCED_FACE('',(#605),#252,.T.);
#7640=ADVANCED_FACE('',(#606),#134,.F.);
#7641=ADVANCED_FACE('',(#607,#71,#72,#73,#74),#253,.T.);
#7642=ADVANCED_FACE('',(#608),#135,.F.);
#7643=ADVANCED_FACE('',(#609),#136,.F.);
#7644=ADVANCED_FACE('',(#610),#137,.F.);
#7645=ADVANCED_FACE('',(#611),#254,.F.);
#7646=ADVANCED_FACE('',(#612),#7475,.F.);
#7647=ADVANCED_FACE('',(#613,#75,#76),#255,.F.);
#7648=ADVANCED_FACE('',(#614),#138,.F.);
#7649=ADVANCED_FACE('',(#615),#256,.T.);
#7650=ADVANCED_FACE('',(#616),#7476,.T.);
#7651=ADVANCED_FACE('',(#617),#257,.T.);
#7652=ADVANCED_FACE('',(#618),#7477,.T.);
#7653=ADVANCED_FACE('',(#619),#258,.T.);
#7654=ADVANCED_FACE('',(#620),#7478,.T.);
#7655=ADVANCED_FACE('',(#621),#259,.T.);
#7656=ADVANCED_FACE('',(#622),#7479,.F.);
#7657=ADVANCED_FACE('',(#623),#7480,.T.);
#7658=ADVANCED_FACE('',(#624),#7481,.F.);
#7659=ADVANCED_FACE('',(#625),#260,.T.);
#7660=ADVANCED_FACE('',(#626),#7482,.T.);
#7661=ADVANCED_FACE('',(#627),#139,.F.);
#7662=ADVANCED_FACE('',(#628),#140,.T.);
#7663=ADVANCED_FACE('',(#629),#141,.F.);
#7664=ADVANCED_FACE('',(#630),#261,.T.);
#7665=ADVANCED_FACE('',(#631),#142,.T.);
#7666=ADVANCED_FACE('',(#632),#262,.T.);
#7667=ADVANCED_FACE('',(#633),#7483,.T.);
#7668=ADVANCED_FACE('',(#634),#263,.T.);
#7669=ADVANCED_FACE('',(#635),#7484,.F.);
#7670=ADVANCED_FACE('',(#636),#7485,.T.);
#7671=ADVANCED_FACE('',(#637),#7486,.F.);
#7672=ADVANCED_FACE('',(#638),#264,.T.);
#7673=ADVANCED_FACE('',(#639),#7487,.T.);
#7674=ADVANCED_FACE('',(#640),#265,.T.);
#7675=ADVANCED_FACE('',(#641),#7488,.T.);
#7676=ADVANCED_FACE('',(#642),#266,.T.);
#7677=ADVANCED_FACE('',(#643),#7489,.T.);
#7678=ADVANCED_FACE('',(#644),#267,.T.);
#7679=ADVANCED_FACE('',(#645),#268,.T.);
#7680=ADVANCED_FACE('',(#646),#143,.T.);
#7681=ADVANCED_FACE('',(#647,#77,#78,#79,#80,#81,#82,#83,#84,#85,#86,#87,
#88,#89,#90),#269,.T.);
#7682=ADVANCED_FACE('',(#648),#270,.T.);
#7683=ADVANCED_FACE('',(#649),#271,.T.);
#7684=ADVANCED_FACE('',(#650),#272,.T.);
#7685=ADVANCED_FACE('',(#651),#273,.T.);
#7686=ADVANCED_FACE('',(#652),#274,.F.);
#7687=ADVANCED_FACE('',(#653),#275,.F.);
#7688=ADVANCED_FACE('',(#654),#276,.T.);
#7689=ADVANCED_FACE('',(#655),#277,.T.);
#7690=ADVANCED_FACE('',(#656),#278,.T.);
#7691=ADVANCED_FACE('',(#657),#279,.T.);
#7692=ADVANCED_FACE('',(#658),#280,.F.);
#7693=ADVANCED_FACE('',(#659),#281,.F.);
#7694=ADVANCED_FACE('',(#660),#282,.T.);
#7695=ADVANCED_FACE('',(#661),#283,.T.);
#7696=ADVANCED_FACE('',(#662),#284,.T.);
#7697=ADVANCED_FACE('',(#663),#285,.T.);
#7698=ADVANCED_FACE('',(#664),#286,.F.);
#7699=ADVANCED_FACE('',(#665),#287,.F.);
#7700=ADVANCED_FACE('',(#666),#288,.T.);
#7701=ADVANCED_FACE('',(#667),#289,.T.);
#7702=ADVANCED_FACE('',(#668),#290,.T.);
#7703=ADVANCED_FACE('',(#669),#291,.T.);
#7704=ADVANCED_FACE('',(#670),#292,.F.);
#7705=ADVANCED_FACE('',(#671),#293,.F.);
#7706=ADVANCED_FACE('',(#672),#294,.T.);
#7707=ADVANCED_FACE('',(#673),#295,.T.);
#7708=ADVANCED_FACE('',(#674),#296,.T.);
#7709=ADVANCED_FACE('',(#675),#297,.T.);
#7710=ADVANCED_FACE('',(#676),#298,.F.);
#7711=ADVANCED_FACE('',(#677),#299,.F.);
#7712=ADVANCED_FACE('',(#678),#300,.T.);
#7713=ADVANCED_FACE('',(#679),#301,.T.);
#7714=ADVANCED_FACE('',(#680),#302,.T.);
#7715=ADVANCED_FACE('',(#681),#303,.T.);
#7716=ADVANCED_FACE('',(#682),#304,.F.);
#7717=ADVANCED_FACE('',(#683),#305,.F.);
#7718=ADVANCED_FACE('',(#684),#306,.T.);
#7719=ADVANCED_FACE('',(#685),#307,.T.);
#7720=ADVANCED_FACE('',(#686),#308,.T.);
#7721=ADVANCED_FACE('',(#687),#309,.T.);
#7722=ADVANCED_FACE('',(#688),#310,.F.);
#7723=ADVANCED_FACE('',(#689),#311,.F.);
#7724=ADVANCED_FACE('',(#690),#312,.T.);
#7725=ADVANCED_FACE('',(#691),#313,.T.);
#7726=ADVANCED_FACE('',(#692),#314,.T.);
#7727=ADVANCED_FACE('',(#693),#315,.T.);
#7728=ADVANCED_FACE('',(#694),#316,.F.);
#7729=ADVANCED_FACE('',(#695),#317,.F.);
#7730=ADVANCED_FACE('',(#696),#318,.T.);
#7731=ADVANCED_FACE('',(#697),#319,.T.);
#7732=ADVANCED_FACE('',(#698),#320,.T.);
#7733=ADVANCED_FACE('',(#699),#321,.T.);
#7734=ADVANCED_FACE('',(#700),#322,.F.);
#7735=ADVANCED_FACE('',(#701),#323,.F.);
#7736=ADVANCED_FACE('',(#702),#324,.T.);
#7737=ADVANCED_FACE('',(#703),#325,.T.);
#7738=ADVANCED_FACE('',(#704),#326,.T.);
#7739=ADVANCED_FACE('',(#705),#327,.T.);
#7740=ADVANCED_FACE('',(#706),#328,.F.);
#7741=ADVANCED_FACE('',(#707),#329,.F.);
#7742=ADVANCED_FACE('',(#708),#330,.T.);
#7743=ADVANCED_FACE('',(#709),#331,.T.);
#7744=ADVANCED_FACE('',(#710),#332,.T.);
#7745=ADVANCED_FACE('',(#711),#333,.T.);
#7746=ADVANCED_FACE('',(#712),#334,.F.);
#7747=ADVANCED_FACE('',(#713),#335,.F.);
#7748=ADVANCED_FACE('',(#714),#336,.T.);
#7749=ADVANCED_FACE('',(#715),#337,.T.);
#7750=ADVANCED_FACE('',(#716),#338,.T.);
#7751=ADVANCED_FACE('',(#717),#339,.T.);
#7752=ADVANCED_FACE('',(#718),#340,.F.);
#7753=ADVANCED_FACE('',(#719),#341,.F.);
#7754=ADVANCED_FACE('',(#720),#342,.T.);
#7755=ADVANCED_FACE('',(#721),#343,.T.);
#7756=ADVANCED_FACE('',(#722),#344,.T.);
#7757=ADVANCED_FACE('',(#723),#345,.T.);
#7758=ADVANCED_FACE('',(#724),#346,.F.);
#7759=ADVANCED_FACE('',(#725),#347,.F.);
#7760=ADVANCED_FACE('',(#726),#7490,.F.);
#7761=ADVANCED_FACE('',(#727),#348,.T.);
#7762=ADVANCED_FACE('',(#728),#349,.T.);
#7763=ADVANCED_FACE('',(#729),#350,.T.);
#7764=ADVANCED_FACE('',(#730),#351,.T.);
#7765=ADVANCED_FACE('',(#731),#352,.T.);
#7766=ADVANCED_FACE('',(#732),#353,.T.);
#7767=ADVANCED_FACE('',(#733),#354,.T.);
#7768=ADVANCED_FACE('',(#734),#355,.T.);
#7769=ADVANCED_FACE('',(#735),#356,.T.);
#7770=ADVANCED_FACE('',(#736),#357,.T.);
#7771=ADVANCED_FACE('',(#737),#358,.T.);
#7772=ADVANCED_FACE('',(#738),#359,.T.);
#7773=ADVANCED_FACE('',(#739),#360,.T.);
#7774=ADVANCED_FACE('',(#740),#361,.T.);
#7775=ADVANCED_FACE('',(#741),#362,.T.);
#7776=ADVANCED_FACE('',(#742),#363,.T.);
#7777=ADVANCED_FACE('',(#743),#364,.T.);
#7778=ADVANCED_FACE('',(#744),#365,.T.);
#7779=ADVANCED_FACE('',(#745),#366,.T.);
#7780=ADVANCED_FACE('',(#746),#367,.T.);
#7781=ADVANCED_FACE('',(#747),#368,.T.);
#7782=ADVANCED_FACE('',(#748),#369,.T.);
#7783=ADVANCED_FACE('',(#749),#370,.T.);
#7784=ADVANCED_FACE('',(#750),#371,.T.);
#7785=ADVANCED_FACE('',(#751),#372,.T.);
#7786=ADVANCED_FACE('',(#752),#373,.T.);
#7787=ADVANCED_FACE('',(#753),#374,.F.);
#7788=ADVANCED_FACE('',(#754),#375,.F.);
#7789=ADVANCED_FACE('',(#755),#376,.F.);
#7790=ADVANCED_FACE('',(#756),#377,.F.);
#7791=ADVANCED_FACE('',(#757),#378,.F.);
#7792=ADVANCED_FACE('',(#758),#379,.F.);
#7793=ADVANCED_FACE('',(#759),#380,.F.);
#7794=ADVANCED_FACE('',(#760),#381,.F.);
#7795=ADVANCED_FACE('',(#761),#382,.F.);
#7796=ADVANCED_FACE('',(#762),#383,.F.);
#7797=ADVANCED_FACE('',(#763),#384,.F.);
#7798=ADVANCED_FACE('',(#764),#385,.F.);
#7799=ADVANCED_FACE('',(#765),#386,.F.);
#7800=ADVANCED_FACE('',(#766),#387,.F.);
#7801=ADVANCED_FACE('',(#767),#388,.F.);
#7802=ADVANCED_FACE('',(#768),#389,.F.);
#7803=ADVANCED_FACE('',(#769),#390,.F.);
#7804=ADVANCED_FACE('',(#770),#391,.F.);
#7805=ADVANCED_FACE('',(#771),#392,.F.);
#7806=ADVANCED_FACE('',(#772),#393,.F.);
#7807=ADVANCED_FACE('',(#773),#394,.F.);
#7808=ADVANCED_FACE('',(#774),#395,.F.);
#7809=ADVANCED_FACE('',(#775),#396,.F.);
#7810=ADVANCED_FACE('',(#776),#397,.F.);
#7811=ADVANCED_FACE('',(#777),#398,.F.);
#7812=ADVANCED_FACE('',(#778),#399,.F.);
#7813=ADVANCED_FACE('',(#779),#400,.T.);
#7814=ADVANCED_FACE('',(#780),#401,.T.);
#7815=ADVANCED_FACE('',(#781),#402,.T.);
#7816=ADVANCED_FACE('',(#782),#403,.F.);
#7817=ADVANCED_FACE('',(#783),#404,.T.);
#7818=ADVANCED_FACE('',(#784),#405,.T.);
#7819=ADVANCED_FACE('',(#785),#7491,.T.);
#7820=ADVANCED_FACE('',(#786),#406,.T.);
#7821=ADVANCED_FACE('',(#787),#7492,.T.);
#7822=ADVANCED_FACE('',(#788),#407,.T.);
#7823=ADVANCED_FACE('',(#789),#7493,.T.);
#7824=ADVANCED_FACE('',(#790),#408,.T.);
#7825=ADVANCED_FACE('',(#791),#7494,.T.);
#7826=ADVANCED_FACE('',(#792),#144,.T.);
#7827=ADVANCED_FACE('',(#793),#145,.T.);
#7828=ADVANCED_FACE('',(#794),#409,.T.);
#7829=ADVANCED_FACE('',(#795),#410,.T.);
#7830=ADVANCED_FACE('',(#796),#146,.F.);
#7831=ADVANCED_FACE('',(#797),#411,.T.);
#7832=ADVANCED_FACE('',(#798),#147,.F.);
#7833=ADVANCED_FACE('',(#799),#412,.T.);
#7834=ADVANCED_FACE('',(#800),#148,.F.);
#7835=ADVANCED_FACE('',(#801),#149,.F.);
#7836=ADVANCED_FACE('',(#802),#413,.T.);
#7837=ADVANCED_FACE('',(#803),#150,.T.);
#7838=ADVANCED_FACE('',(#804),#414,.T.);
#7839=ADVANCED_FACE('',(#805),#151,.T.);
#7840=ADVANCED_FACE('',(#806),#415,.T.);
#7841=ADVANCED_FACE('',(#807),#416,.T.);
#7842=ADVANCED_FACE('',(#808),#152,.T.);
#7843=ADVANCED_FACE('',(#809),#417,.T.);
#7844=ADVANCED_FACE('',(#810),#153,.T.);
#7845=ADVANCED_FACE('',(#811,#91,#92,#93,#94,#95,#96,#97,#98,#99,#100,#101,
#102,#103),#418,.F.);
#7846=ADVANCED_FACE('',(#812),#7495,.T.);
#7847=ADVANCED_FACE('',(#813),#419,.T.);
#7848=ADVANCED_FACE('',(#814),#154,.T.);
#7849=ADVANCED_FACE('',(#815),#7496,.T.);
#7850=ADVANCED_FACE('',(#816),#155,.T.);
#7851=ADVANCED_FACE('',(#817),#156,.T.);
#7852=ADVANCED_FACE('',(#818),#157,.F.);
#7853=ADVANCED_FACE('',(#819),#158,.F.);
#7854=ADVANCED_FACE('',(#820),#420,.T.);
#7855=ADVANCED_FACE('',(#821,#104,#105,#106,#107),#421,.T.);
#7856=ADVANCED_FACE('',(#822),#422,.T.);
#7857=ADVANCED_FACE('',(#823),#159,.F.);
#7858=ADVANCED_FACE('',(#824),#160,.F.);
#7859=ADVANCED_FACE('',(#825),#423,.T.);
#7860=ADVANCED_FACE('',(#826),#424,.T.);
#7861=ADVANCED_FACE('',(#827),#425,.F.);
#7862=ADVANCED_FACE('',(#828),#426,.F.);
#7863=ADVANCED_FACE('',(#829),#161,.T.);
#7864=ADVANCED_FACE('',(#830),#7497,.F.);
#7865=ADVANCED_FACE('',(#831),#427,.T.);
#7866=ADVANCED_FACE('',(#832),#7498,.F.);
#7867=ADVANCED_FACE('',(#833),#428,.T.);
#7868=ADVANCED_FACE('',(#834),#7499,.F.);
#7869=ADVANCED_FACE('',(#835),#429,.T.);
#7870=ADVANCED_FACE('',(#836),#162,.F.);
#7871=ADVANCED_FACE('',(#837),#430,.T.);
#7872=ADVANCED_FACE('',(#838),#163,.F.);
#7873=ADVANCED_FACE('',(#839,#108,#109,#110,#111,#112,#113,#114,#115),#431,
 .F.);
#7874=ADVANCED_FACE('',(#840),#432,.T.);
#7875=ADVANCED_FACE('',(#841),#7500,.F.);
#7876=ADVANCED_FACE('',(#842),#433,.T.);
#7877=ADVANCED_FACE('',(#843),#7501,.F.);
#7878=ADVANCED_FACE('',(#844),#434,.T.);
#7879=ADVANCED_FACE('',(#845),#7502,.F.);
#7880=ADVANCED_FACE('',(#846),#435,.T.);
#7881=ADVANCED_FACE('',(#847),#164,.F.);
#7882=ADVANCED_FACE('',(#848),#436,.T.);
#7883=ADVANCED_FACE('',(#849),#437,.T.);
#7884=ADVANCED_FACE('',(#850),#7503,.F.);
#7885=ADVANCED_FACE('',(#851),#438,.T.);
#7886=ADVANCED_FACE('',(#852),#7504,.F.);
#7887=ADVANCED_FACE('',(#853),#439,.T.);
#7888=ADVANCED_FACE('',(#854),#7505,.F.);
#7889=ADVANCED_FACE('',(#855),#440,.T.);
#7890=ADVANCED_FACE('',(#856),#165,.F.);
#7891=ADVANCED_FACE('',(#857),#441,.T.);
#7892=ADVANCED_FACE('',(#858),#442,.T.);
#7893=ADVANCED_FACE('',(#859),#7506,.F.);
#7894=ADVANCED_FACE('',(#860),#443,.T.);
#7895=ADVANCED_FACE('',(#861),#7507,.F.);
#7896=ADVANCED_FACE('',(#862),#444,.T.);
#7897=ADVANCED_FACE('',(#863),#7508,.F.);
#7898=ADVANCED_FACE('',(#864),#445,.T.);
#7899=ADVANCED_FACE('',(#865),#166,.F.);
#7900=ADVANCED_FACE('',(#866),#446,.T.);
#7901=ADVANCED_FACE('',(#867),#447,.T.);
#7902=ADVANCED_FACE('',(#868),#448,.T.);
#7903=ADVANCED_FACE('',(#869),#449,.T.);
#7904=ADVANCED_FACE('',(#870),#7509,.F.);
#7905=ADVANCED_FACE('',(#871),#7510,.T.);
#7906=ADVANCED_FACE('',(#872),#450,.T.);
#7907=ADVANCED_FACE('',(#873),#451,.T.);
#7908=ADVANCED_FACE('',(#874),#452,.T.);
#7909=ADVANCED_FACE('',(#875),#7511,.F.);
#7910=ADVANCED_FACE('',(#876),#7512,.T.);
#7911=ADVANCED_FACE('',(#877),#453,.T.);
#7912=ADVANCED_FACE('',(#878),#454,.T.);
#7913=ADVANCED_FACE('',(#879),#455,.T.);
#7914=ADVANCED_FACE('',(#880),#7513,.F.);
#7915=ADVANCED_FACE('',(#881),#7514,.T.);
#7916=ADVANCED_FACE('',(#882),#456,.T.);
#7917=ADVANCED_FACE('',(#883),#457,.T.);
#7918=ADVANCED_FACE('',(#884),#7515,.F.);
#7919=ADVANCED_FACE('',(#885),#7516,.T.);
#7920=ADVANCED_FACE('',(#886),#458,.T.);
#7921=ADVANCED_FACE('',(#887),#459,.T.);
#7922=ADVANCED_FACE('',(#888),#460,.T.);
#7923=ADVANCED_FACE('',(#889),#167,.F.);
#7924=ADVANCED_FACE('',(#890),#168,.T.);
#7925=ADVANCED_FACE('',(#891),#461,.T.);
#7926=ADVANCED_FACE('',(#892),#462,.T.);
#7927=ADVANCED_FACE('',(#893),#463,.T.);
#7928=ADVANCED_FACE('',(#894),#169,.T.);
#7929=ADVANCED_FACE('',(#895),#170,.F.);
#7930=ADVANCED_FACE('',(#896),#464,.T.);
#7931=ADVANCED_FACE('',(#897),#7517,.T.);
#7932=ADVANCED_FACE('',(#898),#171,.F.);
#7933=ADVANCED_FACE('',(#899),#172,.T.);
#7934=ADVANCED_FACE('',(#900),#465,.T.);
#7935=ADVANCED_FACE('',(#901),#466,.T.);
#7936=ADVANCED_FACE('',(#902),#467,.T.);
#7937=ADVANCED_FACE('',(#903),#468,.T.);
#7938=ADVANCED_FACE('',(#904),#7518,.F.);
#7939=ADVANCED_FACE('',(#905),#469,.T.);
#7940=ADVANCED_FACE('',(#906),#7519,.F.);
#7941=ADVANCED_FACE('',(#907),#470,.T.);
#7942=ADVANCED_FACE('',(#908),#7520,.F.);
#7943=ADVANCED_FACE('',(#909),#471,.T.);
#7944=ADVANCED_FACE('',(#910),#472,.T.);
#7945=ADVANCED_FACE('',(#911),#7521,.F.);
#7946=ADVANCED_FACE('',(#912),#473,.T.);
#7947=ADVANCED_FACE('',(#913),#7522,.F.);
#7948=ADVANCED_FACE('',(#914),#474,.T.);
#7949=ADVANCED_FACE('',(#915),#7523,.F.);
#7950=ADVANCED_FACE('',(#916),#475,.T.);
#7951=ADVANCED_FACE('',(#917),#173,.F.);
#7952=ADVANCED_FACE('',(#918),#476,.T.);
#7953=ADVANCED_FACE('',(#919),#7524,.F.);
#7954=ADVANCED_FACE('',(#920),#477,.T.);
#7955=ADVANCED_FACE('',(#921),#7525,.F.);
#7956=ADVANCED_FACE('',(#922),#478,.T.);
#7957=ADVANCED_FACE('',(#923),#7526,.F.);
#7958=ADVANCED_FACE('',(#924),#174,.F.);
#7959=ADVANCED_FACE('',(#925),#479,.T.);
#7960=ADVANCED_FACE('',(#926),#480,.T.);
#7961=ADVANCED_FACE('',(#927),#7527,.F.);
#7962=ADVANCED_FACE('',(#928),#481,.T.);
#7963=ADVANCED_FACE('',(#929),#7528,.F.);
#7964=ADVANCED_FACE('',(#930),#482,.T.);
#7965=ADVANCED_FACE('',(#931),#7529,.F.);
#7966=ADVANCED_FACE('',(#932),#175,.F.);
#7967=ADVANCED_FACE('',(#933),#483,.T.);
#7968=ADVANCED_FACE('',(#934),#484,.T.);
#7969=ADVANCED_FACE('',(#935),#485,.T.);
#7970=ADVANCED_FACE('',(#936),#486,.T.);
#7971=ADVANCED_FACE('',(#937),#487,.T.);
#7972=ADVANCED_FACE('',(#938),#488,.T.);
#7973=ADVANCED_FACE('',(#939),#176,.F.);
#7974=ADVANCED_FACE('',(#940),#177,.F.);
#7975=ADVANCED_FACE('',(#941),#178,.F.);
#7976=ADVANCED_FACE('',(#942),#179,.F.);
#7977=ADVANCED_FACE('',(#943),#489,.T.);
#7978=ADVANCED_FACE('',(#944),#180,.F.);
#7979=ADVANCED_FACE('',(#945),#181,.F.);
#7980=ADVANCED_FACE('',(#946),#182,.F.);
#7981=ADVANCED_FACE('',(#947),#490,.T.);
#7982=ADVANCED_FACE('',(#948),#183,.F.);
#7983=ADVANCED_FACE('',(#949),#184,.F.);
#7984=ADVANCED_FACE('',(#950),#491,.T.);
#7985=ADVANCED_FACE('',(#951),#492,.T.);
#7986=ADVANCED_FACE('',(#952),#185,.T.);
#7987=ADVANCED_FACE('',(#953),#186,.T.);
#7988=ADVANCED_FACE('',(#954),#493,.T.);
#7989=ADVANCED_FACE('',(#955),#187,.F.);
#7990=ADVANCED_FACE('',(#956),#188,.F.);
#7991=ADVANCED_FACE('',(#957),#494,.T.);
#7992=ADVANCED_FACE('',(#958),#495,.T.);
#7993=CLOSED_SHELL('',(#7530,#7531,#7532,#7533,#7534,#7535,#7536,#7537,
#7538,#7539,#7540,#7541,#7542,#7543,#7544,#7545,#7546,#7547,#7548,#7549,
#7550,#7551,#7552,#7553,#7554,#7555,#7556,#7557,#7558,#7559,#7560,#7561,
#7562,#7563,#7564,#7565,#7566,#7567,#7568,#7569,#7570,#7571,#7572,#7573,
#7574,#7575,#7576,#7577,#7578,#7579,#7580,#7581,#7582,#7583,#7584,#7585,
#7586,#7587,#7588,#7589,#7590,#7591,#7592,#7593,#7594,#7595,#7596,#7597,
#7598,#7599,#7600,#7601,#7602,#7603,#7604,#7605,#7606,#7607,#7608,#7609,
#7610,#7611,#7612,#7613,#7614,#7615,#7616,#7617,#7618,#7619,#7620,#7621,
#7622,#7623,#7624,#7625,#7626,#7627,#7628,#7629,#7630,#7631,#7632,#7633,
#7634,#7635,#7636,#7637,#7638,#7639,#7640,#7641,#7642,#7643,#7644,#7645));
#7994=CLOSED_SHELL('',(#7646,#7647,#7648,#7649,#7650,#7651,#7652,#7653,
#7654,#7655,#7656,#7657,#7658,#7659,#7660,#7661,#7662,#7663,#7664,#7665,
#7666,#7667,#7668,#7669,#7670,#7671,#7672,#7673,#7674,#7675,#7676,#7677,
#7678,#7679,#7680,#7681,#7682,#7683,#7684,#7685,#7686,#7687,#7688,#7689,
#7690,#7691,#7692,#7693,#7694,#7695,#7696,#7697,#7698,#7699,#7700,#7701,
#7702,#7703,#7704,#7705,#7706,#7707,#7708,#7709,#7710,#7711,#7712,#7713,
#7714,#7715,#7716,#7717,#7718,#7719,#7720,#7721,#7722,#7723,#7724,#7725,
#7726,#7727,#7728,#7729,#7730,#7731,#7732,#7733,#7734,#7735,#7736,#7737,
#7738,#7739,#7740,#7741,#7742,#7743,#7744,#7745,#7746,#7747,#7748,#7749,
#7750,#7751,#7752,#7753,#7754,#7755,#7756,#7757,#7758,#7759,#7760,#7761,
#7762,#7763,#7764,#7765,#7766,#7767,#7768,#7769,#7770,#7771,#7772,#7773,
#7774,#7775,#7776,#7777,#7778,#7779,#7780,#7781,#7782,#7783,#7784,#7785,
#7786,#7787,#7788,#7789,#7790,#7791,#7792,#7793,#7794,#7795,#7796,#7797,
#7798,#7799,#7800,#7801,#7802,#7803,#7804,#7805,#7806,#7807,#7808,#7809,
#7810,#7811,#7812,#7813,#7814,#7815,#7816,#7817,#7818,#7819,#7820,#7821,
#7822,#7823,#7824,#7825,#7826,#7827,#7828,#7829,#7830,#7831,#7832,#7833,
#7834,#7835,#7836,#7837,#7838,#7839,#7840,#7841,#7842,#7843,#7844,#7845));
#7995=CLOSED_SHELL('',(#7846,#7847,#7848,#7849,#7850,#7851,#7852,#7853,
#7854,#7855,#7856,#7857,#7858,#7859,#7860,#7861,#7862,#7863,#7864,#7865,
#7866,#7867,#7868,#7869,#7870,#7871,#7872,#7873,#7874,#7875,#7876,#7877,
#7878,#7879,#7880,#7881,#7882,#7883,#7884,#7885,#7886,#7887,#7888,#7889,
#7890,#7891,#7892,#7893,#7894,#7895,#7896,#7897,#7898,#7899,#7900,#7901,
#7902,#7903,#7904,#7905,#7906,#7907,#7908,#7909,#7910,#7911,#7912,#7913,
#7914,#7915,#7916,#7917,#7918,#7919,#7920,#7921,#7922,#7923,#7924,#7925,
#7926,#7927,#7928,#7929,#7930,#7931,#7932,#7933,#7934,#7935,#7936,#7937,
#7938,#7939,#7940,#7941,#7942,#7943,#7944,#7945,#7946,#7947,#7948,#7949,
#7950,#7951,#7952,#7953,#7954,#7955,#7956,#7957,#7958,#7959,#7960,#7961,
#7962,#7963,#7964,#7965,#7966,#7967,#7968,#7969,#7970,#7971,#7972,#7973,
#7974,#7975,#7976,#7977,#7978,#7979,#7980,#7981,#7982,#7983,#7984,#7985,
#7986,#7987,#7988,#7989,#7990,#7991,#7992));
#7996=DERIVED_UNIT_ELEMENT(#8002,1.);
#7997=DERIVED_UNIT_ELEMENT(#13362,-3.);
#7998=DERIVED_UNIT_ELEMENT(#8002,1.);
#7999=DERIVED_UNIT_ELEMENT(#13362,-3.);
#8000=DERIVED_UNIT_ELEMENT(#8002,1.);
#8001=DERIVED_UNIT_ELEMENT(#13362,-3.);
#8002=(
MASS_UNIT()
NAMED_UNIT(*)
SI_UNIT(.KILO.,.GRAM.)
);
#8003=DERIVED_UNIT((#7996,#7997));
#8004=DERIVED_UNIT((#7998,#7999));
#8005=DERIVED_UNIT((#8000,#8001));
#8006=MEASURE_REPRESENTATION_ITEM('density measure',
POSITIVE_RATIO_MEASURE(7850.),#8003);
#8007=MEASURE_REPRESENTATION_ITEM('density measure',
POSITIVE_RATIO_MEASURE(7850.),#8004);
#8008=MEASURE_REPRESENTATION_ITEM('density measure',
POSITIVE_RATIO_MEASURE(7850.),#8005);
#8009=PROPERTY_DEFINITION_REPRESENTATION(#8024,#8015);
#8010=PROPERTY_DEFINITION_REPRESENTATION(#8025,#8016);
#8011=PROPERTY_DEFINITION_REPRESENTATION(#8026,#8017);
#8012=PROPERTY_DEFINITION_REPRESENTATION(#8027,#8018);
#8013=PROPERTY_DEFINITION_REPRESENTATION(#8028,#8019);
#8014=PROPERTY_DEFINITION_REPRESENTATION(#8029,#8020);
#8015=REPRESENTATION('material name',(#8021),#13357);
#8016=REPRESENTATION('density',(#8006),#13357);
#8017=REPRESENTATION('material name',(#8022),#13358);
#8018=REPRESENTATION('density',(#8007),#13358);
#8019=REPRESENTATION('material name',(#8023),#13359);
#8020=REPRESENTATION('density',(#8008),#13359);
#8021=DESCRIPTIVE_REPRESENTATION_ITEM('Stahl','Stahl');
#8022=DESCRIPTIVE_REPRESENTATION_ITEM('Stahl','Stahl');
#8023=DESCRIPTIVE_REPRESENTATION_ITEM('Stahl','Stahl');
#8024=PROPERTY_DEFINITION('material property','material name',#13382);
#8025=PROPERTY_DEFINITION('material property','density of part',#13382);
#8026=PROPERTY_DEFINITION('material property','material name',#13383);
#8027=PROPERTY_DEFINITION('material property','density of part',#13383);
#8028=PROPERTY_DEFINITION('material property','material name',#13384);
#8029=PROPERTY_DEFINITION('material property','density of part',#13384);
#8030=AXIS2_PLACEMENT_3D('',#11013,#8736,#8737);
#8031=AXIS2_PLACEMENT_3D('',#11014,#8738,#8739);
#8032=AXIS2_PLACEMENT_3D('',#11015,#8740,#8741);
#8033=AXIS2_PLACEMENT_3D('',#11020,#8743,#8744);
#8034=AXIS2_PLACEMENT_3D('',#11023,#8746,#8747);
#8035=AXIS2_PLACEMENT_3D('',#11024,#8748,#8749);
#8036=AXIS2_PLACEMENT_3D('',#11030,#8753,#8754);
#8037=AXIS2_PLACEMENT_3D('',#11034,#8756,#8757);
#8038=AXIS2_PLACEMENT_3D('',#11035,#8758,#8759);
#8039=AXIS2_PLACEMENT_3D('',#11036,#8760,#8761);
#8040=AXIS2_PLACEMENT_3D('',#11039,#8764,#8765);
#8041=AXIS2_PLACEMENT_3D('',#11045,#8769,#8770);
#8042=AXIS2_PLACEMENT_3D('',#11048,#8772,#8773);
#8043=AXIS2_PLACEMENT_3D('',#11049,#8774,#8775);
#8044=AXIS2_PLACEMENT_3D('',#11074,#8788,#8789);
#8045=AXIS2_PLACEMENT_3D('',#11078,#8791,#8792);
#8046=AXIS2_PLACEMENT_3D('',#11080,#8794,#8795);
#8047=AXIS2_PLACEMENT_3D('',#11086,#8799,#8800);
#8048=AXIS2_PLACEMENT_3D('',#11089,#8802,#8803);
#8049=AXIS2_PLACEMENT_3D('',#11090,#8804,#8805);
#8050=AXIS2_PLACEMENT_3D('',#11091,#8806,#8807);
#8051=AXIS2_PLACEMENT_3D('',#11093,#8809,#8810);
#8052=AXIS2_PLACEMENT_3D('',#11095,#8812,#8813);
#8053=AXIS2_PLACEMENT_3D('',#11104,#8818,#8819);
#8054=AXIS2_PLACEMENT_3D('',#11105,#8820,#8821);
#8055=AXIS2_PLACEMENT_3D('',#11107,#8822,#8823);
#8056=AXIS2_PLACEMENT_3D('',#11110,#8825,#8826);
#8057=AXIS2_PLACEMENT_3D('',#11111,#8827,#8828);
#8058=AXIS2_PLACEMENT_3D('',#11114,#8830,#8831);
#8059=AXIS2_PLACEMENT_3D('',#11115,#8832,#8833);
#8060=AXIS2_PLACEMENT_3D('',#11117,#8834,#8835);
#8061=AXIS2_PLACEMENT_3D('',#11118,#8836,#8837);
#8062=AXIS2_PLACEMENT_3D('',#11120,#8838,#8839);
#8063=AXIS2_PLACEMENT_3D('',#11123,#8841,#8842);
#8064=AXIS2_PLACEMENT_3D('',#11124,#8843,#8844);
#8065=AXIS2_PLACEMENT_3D('',#11127,#8846,#8847);
#8066=AXIS2_PLACEMENT_3D('',#11128,#8848,#8849);
#8067=AXIS2_PLACEMENT_3D('',#11130,#8850,#8851);
#8068=AXIS2_PLACEMENT_3D('',#11131,#8852,#8853);
#8069=AXIS2_PLACEMENT_3D('',#11133,#8854,#8855);
#8070=AXIS2_PLACEMENT_3D('',#11136,#8857,#8858);
#8071=AXIS2_PLACEMENT_3D('',#11137,#8859,#8860);
#8072=AXIS2_PLACEMENT_3D('',#11140,#8862,#8863);
#8073=AXIS2_PLACEMENT_3D('',#11141,#8864,#8865);
#8074=AXIS2_PLACEMENT_3D('',#11143,#8866,#8867);
#8075=AXIS2_PLACEMENT_3D('',#11144,#8868,#8869);
#8076=AXIS2_PLACEMENT_3D('',#11146,#8870,#8871);
#8077=AXIS2_PLACEMENT_3D('',#11149,#8873,#8874);
#8078=AXIS2_PLACEMENT_3D('',#11150,#8875,#8876);
#8079=AXIS2_PLACEMENT_3D('',#11153,#8878,#8879);
#8080=AXIS2_PLACEMENT_3D('',#11154,#8880,#8881);
#8081=AXIS2_PLACEMENT_3D('',#11156,#8882,#8883);
#8082=AXIS2_PLACEMENT_3D('',#11157,#8884,#8885);
#8083=AXIS2_PLACEMENT_3D('',#11168,#8891,#8892);
#8084=AXIS2_PLACEMENT_3D('',#11172,#8894,#8895);
#8085=AXIS2_PLACEMENT_3D('',#11173,#8896,#8897);
#8086=AXIS2_PLACEMENT_3D('',#11174,#8898,#8899);
#8087=AXIS2_PLACEMENT_3D('',#11182,#8904,#8905);
#8088=AXIS2_PLACEMENT_3D('',#11189,#8910,#8911);
#8089=AXIS2_PLACEMENT_3D('',#11195,#8915,#8916);
#8090=AXIS2_PLACEMENT_3D('',#11203,#8921,#8922);
#8091=AXIS2_PLACEMENT_3D('',#11207,#8924,#8925);
#8092=AXIS2_PLACEMENT_3D('',#11211,#8927,#8928);
#8093=AXIS2_PLACEMENT_3D('',#11213,#8929,#8930);
#8094=AXIS2_PLACEMENT_3D('',#11215,#8931,#8932);
#8095=AXIS2_PLACEMENT_3D('',#11219,#8934,#8935);
#8096=AXIS2_PLACEMENT_3D('',#11223,#8937,#8938);
#8097=AXIS2_PLACEMENT_3D('',#11227,#8940,#8941);
#8098=AXIS2_PLACEMENT_3D('',#11240,#8948,#8949);
#8099=AXIS2_PLACEMENT_3D('',#11241,#8950,#8951);
#8100=AXIS2_PLACEMENT_3D('',#11247,#8955,#8956);
#8101=AXIS2_PLACEMENT_3D('',#11253,#8960,#8961);
#8102=AXIS2_PLACEMENT_3D('',#11260,#8966,#8967);
#8103=AXIS2_PLACEMENT_3D('',#11266,#8971,#8972);
#8104=AXIS2_PLACEMENT_3D('',#11268,#8974,#8975);
#8105=AXIS2_PLACEMENT_3D('',#11272,#8977,#8978);
#8106=AXIS2_PLACEMENT_3D('',#11273,#8979,#8980);
#8107=AXIS2_PLACEMENT_3D('',#11274,#8981,#8982);
#8108=AXIS2_PLACEMENT_3D('',#11277,#8985,#8986);
#8109=AXIS2_PLACEMENT_3D('',#11283,#8990,#8991);
#8110=AXIS2_PLACEMENT_3D('',#11285,#8992,#8993);
#8111=AXIS2_PLACEMENT_3D('',#11287,#8995,#8996);
#8112=AXIS2_PLACEMENT_3D('',#11291,#8999,#9000);
#8113=AXIS2_PLACEMENT_3D('',#11293,#9001,#9002);
#8114=AXIS2_PLACEMENT_3D('',#11295,#9004,#9005);
#8115=AXIS2_PLACEMENT_3D('',#11298,#9007,#9008);
#8116=AXIS2_PLACEMENT_3D('',#11299,#9009,#9010);
#8117=AXIS2_PLACEMENT_3D('',#11301,#9011,#9012);
#8118=AXIS2_PLACEMENT_3D('',#11303,#9014,#9015);
#8119=AXIS2_PLACEMENT_3D('',#11307,#9018,#9019);
#8120=AXIS2_PLACEMENT_3D('',#11309,#9020,#9021);
#8121=AXIS2_PLACEMENT_3D('',#11311,#9023,#9024);
#8122=AXIS2_PLACEMENT_3D('',#11315,#9027,#9028);
#8123=AXIS2_PLACEMENT_3D('',#11316,#9029,#9030);
#8124=AXIS2_PLACEMENT_3D('',#11318,#9032,#9033);
#8125=AXIS2_PLACEMENT_3D('',#11320,#9035,#9036);
#8126=AXIS2_PLACEMENT_3D('',#11321,#9037,#9038);
#8127=AXIS2_PLACEMENT_3D('',#11322,#9039,#9040);
#8128=AXIS2_PLACEMENT_3D('',#11323,#9041,#9042);
#8129=AXIS2_PLACEMENT_3D('',#11324,#9043,#9044);
#8130=AXIS2_PLACEMENT_3D('',#11327,#9046,#9047);
#8131=AXIS2_PLACEMENT_3D('',#11328,#9048,#9049);
#8132=AXIS2_PLACEMENT_3D('',#11336,#9053,#9054);
#8133=AXIS2_PLACEMENT_3D('',#11339,#9056,#9057);
#8134=AXIS2_PLACEMENT_3D('',#11340,#9058,#9059);
#8135=AXIS2_PLACEMENT_3D('',#11343,#9061,#9062);
#8136=AXIS2_PLACEMENT_3D('',#11344,#9063,#9064);
#8137=AXIS2_PLACEMENT_3D('',#11348,#9067,#9068);
#8138=AXIS2_PLACEMENT_3D('',#11351,#9070,#9071);
#8139=AXIS2_PLACEMENT_3D('',#11352,#9072,#9073);
#8140=AXIS2_PLACEMENT_3D('',#11355,#9075,#9076);
#8141=AXIS2_PLACEMENT_3D('',#11356,#9077,#9078);
#8142=AXIS2_PLACEMENT_3D('',#11359,#9080,#9081);
#8143=AXIS2_PLACEMENT_3D('',#11360,#9082,#9083);
#8144=AXIS2_PLACEMENT_3D('',#11364,#9086,#9087);
#8145=AXIS2_PLACEMENT_3D('',#11365,#9088,#9089);
#8146=AXIS2_PLACEMENT_3D('',#11366,#9090,#9091);
#8147=AXIS2_PLACEMENT_3D('',#11368,#9093,#9094);
#8148=AXIS2_PLACEMENT_3D('',#11370,#9096,#9097);
#8149=AXIS2_PLACEMENT_3D('',#11374,#9100,#9101);
#8150=AXIS2_PLACEMENT_3D('',#11376,#9103,#9104);
#8151=AXIS2_PLACEMENT_3D('',#11382,#9108,#9109);
#8152=AXIS2_PLACEMENT_3D('',#11385,#9111,#9112);
#8153=AXIS2_PLACEMENT_3D('',#11386,#9113,#9114);
#8154=AXIS2_PLACEMENT_3D('',#11390,#9117,#9118);
#8155=AXIS2_PLACEMENT_3D('',#11391,#9119,#9120);
#8156=AXIS2_PLACEMENT_3D('',#11392,#9121,#9122);
#8157=AXIS2_PLACEMENT_3D('',#11396,#9124,#9125);
#8158=AXIS2_PLACEMENT_3D('',#11398,#9127,#9128);
#8159=AXIS2_PLACEMENT_3D('',#11402,#9131,#9132);
#8160=AXIS2_PLACEMENT_3D('',#11408,#9136,#9137);
#8161=AXIS2_PLACEMENT_3D('',#11412,#9139,#9140);
#8162=AXIS2_PLACEMENT_3D('',#11413,#9141,#9142);
#8163=AXIS2_PLACEMENT_3D('',#11414,#9143,#9144);
#8164=AXIS2_PLACEMENT_3D('',#11419,#9148,#9149);
#8165=AXIS2_PLACEMENT_3D('',#11420,#9150,#9151);
#8166=AXIS2_PLACEMENT_3D('',#11421,#9152,#9153);
#8167=AXIS2_PLACEMENT_3D('',#11423,#9155,#9156);
#8168=AXIS2_PLACEMENT_3D('',#11427,#9159,#9160);
#8169=AXIS2_PLACEMENT_3D('',#11433,#9164,#9165);
#8170=AXIS2_PLACEMENT_3D('',#11436,#9167,#9168);
#8171=AXIS2_PLACEMENT_3D('',#11437,#9169,#9170);
#8172=AXIS2_PLACEMENT_3D('',#11441,#9173,#9174);
#8173=AXIS2_PLACEMENT_3D('',#11444,#9176,#9177);
#8174=AXIS2_PLACEMENT_3D('',#11445,#9178,#9179);
#8175=AXIS2_PLACEMENT_3D('',#11449,#9182,#9183);
#8176=AXIS2_PLACEMENT_3D('',#11452,#9185,#9186);
#8177=AXIS2_PLACEMENT_3D('',#11453,#9187,#9188);
#8178=AXIS2_PLACEMENT_3D('',#11457,#9191,#9192);
#8179=AXIS2_PLACEMENT_3D('',#11460,#9194,#9195);
#8180=AXIS2_PLACEMENT_3D('',#11461,#9196,#9197);
#8181=AXIS2_PLACEMENT_3D('',#11464,#9199,#9200);
#8182=AXIS2_PLACEMENT_3D('',#11465,#9201,#9202);
#8183=AXIS2_PLACEMENT_3D('',#11468,#9204,#9205);
#8184=AXIS2_PLACEMENT_3D('',#11469,#9206,#9207);
#8185=AXIS2_PLACEMENT_3D('',#11473,#9210,#9211);
#8186=AXIS2_PLACEMENT_3D('',#11474,#9212,#9213);
#8187=AXIS2_PLACEMENT_3D('',#11475,#9214,#9215);
#8188=AXIS2_PLACEMENT_3D('',#11476,#9216,#9217);
#8189=AXIS2_PLACEMENT_3D('',#11482,#9221,#9222);
#8190=AXIS2_PLACEMENT_3D('',#11484,#9224,#9225);
#8191=AXIS2_PLACEMENT_3D('',#11490,#9229,#9230);
#8192=AXIS2_PLACEMENT_3D('',#11492,#9232,#9233);
#8193=AXIS2_PLACEMENT_3D('',#11494,#9235,#9236);
#8194=AXIS2_PLACEMENT_3D('',#11495,#9237,#9238);
#8195=AXIS2_PLACEMENT_3D('',#11497,#9240,#9241);
#8196=AXIS2_PLACEMENT_3D('',#11498,#9242,#9243);
#8197=AXIS2_PLACEMENT_3D('',#11500,#9244,#9245);
#8198=AXIS2_PLACEMENT_3D('',#11502,#9246,#9247);
#8199=AXIS2_PLACEMENT_3D('',#11503,#9248,#9249);
#8200=AXIS2_PLACEMENT_3D('',#11505,#9251,#9252);
#8201=AXIS2_PLACEMENT_3D('',#11508,#9254,#9255);
#8202=AXIS2_PLACEMENT_3D('',#11509,#9256,#9257);
#8203=AXIS2_PLACEMENT_3D('',#11510,#9258,#9259);
#8204=AXIS2_PLACEMENT_3D('',#11511,#9260,#9261);
#8205=AXIS2_PLACEMENT_3D('',#11513,#9263,#9264);
#8206=AXIS2_PLACEMENT_3D('',#11514,#9265,#9266);
#8207=AXIS2_PLACEMENT_3D('',#11516,#9267,#9268);
#8208=AXIS2_PLACEMENT_3D('',#11517,#9269,#9270);
#8209=AXIS2_PLACEMENT_3D('',#11519,#9271,#9272);
#8210=AXIS2_PLACEMENT_3D('',#11520,#9273,#9274);
#8211=AXIS2_PLACEMENT_3D('',#11522,#9275,#9276);
#8212=AXIS2_PLACEMENT_3D('',#11523,#9277,#9278);
#8213=AXIS2_PLACEMENT_3D('',#11525,#9279,#9280);
#8214=AXIS2_PLACEMENT_3D('',#11526,#9281,#9282);
#8215=AXIS2_PLACEMENT_3D('',#11528,#9284,#9285);
#8216=AXIS2_PLACEMENT_3D('',#11530,#9287,#9288);
#8217=AXIS2_PLACEMENT_3D('',#11532,#9290,#9291);
#8218=AXIS2_PLACEMENT_3D('',#11534,#9293,#9294);
#8219=AXIS2_PLACEMENT_3D('',#11536,#9296,#9297);
#8220=AXIS2_PLACEMENT_3D('',#11537,#9298,#9299);
#8221=AXIS2_PLACEMENT_3D('',#11538,#9300,#9301);
#8222=AXIS2_PLACEMENT_3D('',#11540,#9302,#9303);
#8223=AXIS2_PLACEMENT_3D('',#11543,#9305,#9306);
#8224=AXIS2_PLACEMENT_3D('',#11544,#9307,#9308);
#8225=AXIS2_PLACEMENT_3D('',#11549,#9310,#9311);
#8226=AXIS2_PLACEMENT_3D('',#11553,#9313,#9314);
#8227=AXIS2_PLACEMENT_3D('',#11555,#9315,#9316);
#8228=AXIS2_PLACEMENT_3D('',#11557,#9317,#9318);
#8229=AXIS2_PLACEMENT_3D('',#11561,#9320,#9321);
#8230=AXIS2_PLACEMENT_3D('',#11565,#9323,#9324);
#8231=AXIS2_PLACEMENT_3D('',#11568,#9326,#9327);
#8232=AXIS2_PLACEMENT_3D('',#11573,#9329,#9330);
#8233=AXIS2_PLACEMENT_3D('',#11577,#9332,#9333);
#8234=AXIS2_PLACEMENT_3D('',#11581,#9335,#9336);
#8235=AXIS2_PLACEMENT_3D('',#11584,#9338,#9339);
#8236=AXIS2_PLACEMENT_3D('',#11585,#9340,#9341);
#8237=AXIS2_PLACEMENT_3D('',#11588,#9342,#9343);
#8238=AXIS2_PLACEMENT_3D('',#11589,#9344,#9345);
#8239=AXIS2_PLACEMENT_3D('',#11591,#9347,#9348);
#8240=AXIS2_PLACEMENT_3D('',#11597,#9352,#9353);
#8241=AXIS2_PLACEMENT_3D('',#11600,#9355,#9356);
#8242=AXIS2_PLACEMENT_3D('',#11601,#9357,#9358);
#8243=AXIS2_PLACEMENT_3D('',#11605,#9361,#9362);
#8244=AXIS2_PLACEMENT_3D('',#11608,#9364,#9365);
#8245=AXIS2_PLACEMENT_3D('',#11609,#9366,#9367);
#8246=AXIS2_PLACEMENT_3D('',#11613,#9370,#9371);
#8247=AXIS2_PLACEMENT_3D('',#11616,#9373,#9374);
#8248=AXIS2_PLACEMENT_3D('',#11617,#9375,#9376);
#8249=AXIS2_PLACEMENT_3D('',#11621,#9379,#9380);
#8250=AXIS2_PLACEMENT_3D('',#11624,#9382,#9383);
#8251=AXIS2_PLACEMENT_3D('',#11625,#9384,#9385);
#8252=AXIS2_PLACEMENT_3D('',#11628,#9387,#9388);
#8253=AXIS2_PLACEMENT_3D('',#11629,#9389,#9390);
#8254=AXIS2_PLACEMENT_3D('',#11632,#9392,#9393);
#8255=AXIS2_PLACEMENT_3D('',#11633,#9394,#9395);
#8256=AXIS2_PLACEMENT_3D('',#11637,#9398,#9399);
#8257=AXIS2_PLACEMENT_3D('',#11638,#9400,#9401);
#8258=AXIS2_PLACEMENT_3D('',#11639,#9402,#9403);
#8259=AXIS2_PLACEMENT_3D('',#11643,#9405,#9406);
#8260=AXIS2_PLACEMENT_3D('',#11645,#9408,#9409);
#8261=AXIS2_PLACEMENT_3D('',#11648,#9411,#9412);
#8262=AXIS2_PLACEMENT_3D('',#11649,#9413,#9414);
#8263=AXIS2_PLACEMENT_3D('',#11652,#9416,#9417);
#8264=AXIS2_PLACEMENT_3D('',#11653,#9418,#9419);
#8265=AXIS2_PLACEMENT_3D('',#11657,#9422,#9423);
#8266=AXIS2_PLACEMENT_3D('',#11660,#9425,#9426);
#8267=AXIS2_PLACEMENT_3D('',#11661,#9427,#9428);
#8268=AXIS2_PLACEMENT_3D('',#11665,#9431,#9432);
#8269=AXIS2_PLACEMENT_3D('',#11670,#9434,#9435);
#8270=AXIS2_PLACEMENT_3D('',#11673,#9437,#9438);
#8271=AXIS2_PLACEMENT_3D('',#11674,#9439,#9440);
#8272=AXIS2_PLACEMENT_3D('',#11679,#9444,#9445);
#8273=AXIS2_PLACEMENT_3D('',#11682,#9447,#9448);
#8274=AXIS2_PLACEMENT_3D('',#11683,#9449,#9450);
#8275=AXIS2_PLACEMENT_3D('',#11686,#9452,#9453);
#8276=AXIS2_PLACEMENT_3D('',#11687,#9454,#9455);
#8277=AXIS2_PLACEMENT_3D('',#11690,#9457,#9458);
#8278=AXIS2_PLACEMENT_3D('',#11691,#9459,#9460);
#8279=AXIS2_PLACEMENT_3D('',#11695,#9463,#9464);
#8280=AXIS2_PLACEMENT_3D('',#11698,#9466,#9467);
#8281=AXIS2_PLACEMENT_3D('',#11699,#9468,#9469);
#8282=AXIS2_PLACEMENT_3D('',#11703,#9472,#9473);
#8283=AXIS2_PLACEMENT_3D('',#11707,#9475,#9476);
#8284=AXIS2_PLACEMENT_3D('',#11708,#9477,#9478);
#8285=AXIS2_PLACEMENT_3D('',#11709,#9479,#9480);
#8286=AXIS2_PLACEMENT_3D('',#11715,#9484,#9485);
#8287=AXIS2_PLACEMENT_3D('',#11719,#9487,#9488);
#8288=AXIS2_PLACEMENT_3D('',#11720,#9489,#9490);
#8289=AXIS2_PLACEMENT_3D('',#11721,#9491,#9492);
#8290=AXIS2_PLACEMENT_3D('',#11724,#9495,#9496);
#8291=AXIS2_PLACEMENT_3D('',#11726,#9498,#9499);
#8292=AXIS2_PLACEMENT_3D('',#11728,#9501,#9502);
#8293=AXIS2_PLACEMENT_3D('',#11786,#9531,#9532);
#8294=AXIS2_PLACEMENT_3D('',#11835,#9557,#9558);
#8295=AXIS2_PLACEMENT_3D('',#11841,#9562,#9563);
#8296=AXIS2_PLACEMENT_3D('',#11845,#9566,#9567);
#8297=AXIS2_PLACEMENT_3D('',#11849,#9570,#9571);
#8298=AXIS2_PLACEMENT_3D('',#11851,#9573,#9574);
#8299=AXIS2_PLACEMENT_3D('',#11857,#9578,#9579);
#8300=AXIS2_PLACEMENT_3D('',#11861,#9582,#9583);
#8301=AXIS2_PLACEMENT_3D('',#11867,#9587,#9588);
#8302=AXIS2_PLACEMENT_3D('',#11871,#9591,#9592);
#8303=AXIS2_PLACEMENT_3D('',#11875,#9595,#9596);
#8304=AXIS2_PLACEMENT_3D('',#11877,#9598,#9599);
#8305=AXIS2_PLACEMENT_3D('',#11883,#9603,#9604);
#8306=AXIS2_PLACEMENT_3D('',#11887,#9607,#9608);
#8307=AXIS2_PLACEMENT_3D('',#11893,#9612,#9613);
#8308=AXIS2_PLACEMENT_3D('',#11897,#9616,#9617);
#8309=AXIS2_PLACEMENT_3D('',#11901,#9620,#9621);
#8310=AXIS2_PLACEMENT_3D('',#11903,#9623,#9624);
#8311=AXIS2_PLACEMENT_3D('',#11909,#9628,#9629);
#8312=AXIS2_PLACEMENT_3D('',#11913,#9632,#9633);
#8313=AXIS2_PLACEMENT_3D('',#11919,#9637,#9638);
#8314=AXIS2_PLACEMENT_3D('',#11923,#9641,#9642);
#8315=AXIS2_PLACEMENT_3D('',#11927,#9645,#9646);
#8316=AXIS2_PLACEMENT_3D('',#11929,#9648,#9649);
#8317=AXIS2_PLACEMENT_3D('',#11935,#9653,#9654);
#8318=AXIS2_PLACEMENT_3D('',#11939,#9657,#9658);
#8319=AXIS2_PLACEMENT_3D('',#11945,#9662,#9663);
#8320=AXIS2_PLACEMENT_3D('',#11949,#9666,#9667);
#8321=AXIS2_PLACEMENT_3D('',#11953,#9670,#9671);
#8322=AXIS2_PLACEMENT_3D('',#11955,#9673,#9674);
#8323=AXIS2_PLACEMENT_3D('',#11961,#9678,#9679);
#8324=AXIS2_PLACEMENT_3D('',#11965,#9682,#9683);
#8325=AXIS2_PLACEMENT_3D('',#11971,#9687,#9688);
#8326=AXIS2_PLACEMENT_3D('',#11975,#9691,#9692);
#8327=AXIS2_PLACEMENT_3D('',#11979,#9695,#9696);
#8328=AXIS2_PLACEMENT_3D('',#11981,#9698,#9699);
#8329=AXIS2_PLACEMENT_3D('',#11987,#9703,#9704);
#8330=AXIS2_PLACEMENT_3D('',#11991,#9707,#9708);
#8331=AXIS2_PLACEMENT_3D('',#11997,#9712,#9713);
#8332=AXIS2_PLACEMENT_3D('',#12001,#9716,#9717);
#8333=AXIS2_PLACEMENT_3D('',#12005,#9720,#9721);
#8334=AXIS2_PLACEMENT_3D('',#12007,#9723,#9724);
#8335=AXIS2_PLACEMENT_3D('',#12013,#9728,#9729);
#8336=AXIS2_PLACEMENT_3D('',#12017,#9732,#9733);
#8337=AXIS2_PLACEMENT_3D('',#12023,#9737,#9738);
#8338=AXIS2_PLACEMENT_3D('',#12027,#9741,#9742);
#8339=AXIS2_PLACEMENT_3D('',#12031,#9745,#9746);
#8340=AXIS2_PLACEMENT_3D('',#12033,#9748,#9749);
#8341=AXIS2_PLACEMENT_3D('',#12039,#9753,#9754);
#8342=AXIS2_PLACEMENT_3D('',#12043,#9757,#9758);
#8343=AXIS2_PLACEMENT_3D('',#12049,#9762,#9763);
#8344=AXIS2_PLACEMENT_3D('',#12053,#9766,#9767);
#8345=AXIS2_PLACEMENT_3D('',#12057,#9770,#9771);
#8346=AXIS2_PLACEMENT_3D('',#12059,#9773,#9774);
#8347=AXIS2_PLACEMENT_3D('',#12065,#9778,#9779);
#8348=AXIS2_PLACEMENT_3D('',#12069,#9782,#9783);
#8349=AXIS2_PLACEMENT_3D('',#12075,#9787,#9788);
#8350=AXIS2_PLACEMENT_3D('',#12079,#9791,#9792);
#8351=AXIS2_PLACEMENT_3D('',#12083,#9795,#9796);
#8352=AXIS2_PLACEMENT_3D('',#12085,#9798,#9799);
#8353=AXIS2_PLACEMENT_3D('',#12091,#9803,#9804);
#8354=AXIS2_PLACEMENT_3D('',#12095,#9807,#9808);
#8355=AXIS2_PLACEMENT_3D('',#12101,#9812,#9813);
#8356=AXIS2_PLACEMENT_3D('',#12105,#9816,#9817);
#8357=AXIS2_PLACEMENT_3D('',#12109,#9820,#9821);
#8358=AXIS2_PLACEMENT_3D('',#12111,#9823,#9824);
#8359=AXIS2_PLACEMENT_3D('',#12117,#9828,#9829);
#8360=AXIS2_PLACEMENT_3D('',#12121,#9832,#9833);
#8361=AXIS2_PLACEMENT_3D('',#12127,#9837,#9838);
#8362=AXIS2_PLACEMENT_3D('',#12131,#9841,#9842);
#8363=AXIS2_PLACEMENT_3D('',#12135,#9845,#9846);
#8364=AXIS2_PLACEMENT_3D('',#12137,#9848,#9849);
#8365=AXIS2_PLACEMENT_3D('',#12143,#9853,#9854);
#8366=AXIS2_PLACEMENT_3D('',#12147,#9857,#9858);
#8367=AXIS2_PLACEMENT_3D('',#12153,#9862,#9863);
#8368=AXIS2_PLACEMENT_3D('',#12157,#9866,#9867);
#8369=AXIS2_PLACEMENT_3D('',#12161,#9870,#9871);
#8370=AXIS2_PLACEMENT_3D('',#12163,#9873,#9874);
#8371=AXIS2_PLACEMENT_3D('',#12169,#9878,#9879);
#8372=AXIS2_PLACEMENT_3D('',#12173,#9882,#9883);
#8373=AXIS2_PLACEMENT_3D('',#12175,#9885,#9886);
#8374=AXIS2_PLACEMENT_3D('',#12184,#9891,#9892);
#8375=AXIS2_PLACEMENT_3D('',#12190,#9896,#9897);
#8376=AXIS2_PLACEMENT_3D('',#12196,#9901,#9902);
#8377=AXIS2_PLACEMENT_3D('',#12202,#9906,#9907);
#8378=AXIS2_PLACEMENT_3D('',#12232,#9923,#9924);
#8379=AXIS2_PLACEMENT_3D('',#12236,#9927,#9928);
#8380=AXIS2_PLACEMENT_3D('',#12240,#9931,#9932);
#8381=AXIS2_PLACEMENT_3D('',#12244,#9935,#9936);
#8382=AXIS2_PLACEMENT_3D('',#12261,#9946,#9947);
#8383=AXIS2_PLACEMENT_3D('',#12265,#9950,#9951);
#8384=AXIS2_PLACEMENT_3D('',#12269,#9954,#9955);
#8385=AXIS2_PLACEMENT_3D('',#12273,#9958,#9959);
#8386=AXIS2_PLACEMENT_3D('',#12277,#9962,#9963);
#8387=AXIS2_PLACEMENT_3D('',#12281,#9966,#9967);
#8388=AXIS2_PLACEMENT_3D('',#12287,#9971,#9972);
#8389=AXIS2_PLACEMENT_3D('',#12293,#9976,#9977);
#8390=AXIS2_PLACEMENT_3D('',#12298,#9981,#9982);
#8391=AXIS2_PLACEMENT_3D('',#12302,#9985,#9986);
#8392=AXIS2_PLACEMENT_3D('',#12306,#9989,#9990);
#8393=AXIS2_PLACEMENT_3D('',#12310,#9993,#9994);
#8394=AXIS2_PLACEMENT_3D('',#12312,#9996,#9997);
#8395=AXIS2_PLACEMENT_3D('',#12318,#10001,#10002);
#8396=AXIS2_PLACEMENT_3D('',#12322,#10005,#10006);
#8397=AXIS2_PLACEMENT_3D('',#12326,#10009,#10010);
#8398=AXIS2_PLACEMENT_3D('',#12328,#10012,#10013);
#8399=AXIS2_PLACEMENT_3D('',#12332,#10016,#10017);
#8400=AXIS2_PLACEMENT_3D('',#12336,#10020,#10021);
#8401=AXIS2_PLACEMENT_3D('',#12338,#10023,#10024);
#8402=AXIS2_PLACEMENT_3D('',#12342,#10027,#10028);
#8403=AXIS2_PLACEMENT_3D('',#12344,#10030,#10031);
#8404=AXIS2_PLACEMENT_3D('',#12348,#10034,#10035);
#8405=AXIS2_PLACEMENT_3D('',#12350,#10037,#10038);
#8406=AXIS2_PLACEMENT_3D('',#12354,#10041,#10042);
#8407=AXIS2_PLACEMENT_3D('',#12356,#10044,#10045);
#8408=AXIS2_PLACEMENT_3D('',#12360,#10048,#10049);
#8409=AXIS2_PLACEMENT_3D('',#12362,#10051,#10052);
#8410=AXIS2_PLACEMENT_3D('',#12366,#10055,#10056);
#8411=AXIS2_PLACEMENT_3D('',#12368,#10058,#10059);
#8412=AXIS2_PLACEMENT_3D('',#12372,#10062,#10063);
#8413=AXIS2_PLACEMENT_3D('',#12374,#10065,#10066);
#8414=AXIS2_PLACEMENT_3D('',#12378,#10069,#10070);
#8415=AXIS2_PLACEMENT_3D('',#12380,#10072,#10073);
#8416=AXIS2_PLACEMENT_3D('',#12384,#10076,#10077);
#8417=AXIS2_PLACEMENT_3D('',#12386,#10079,#10080);
#8418=AXIS2_PLACEMENT_3D('',#12390,#10083,#10084);
#8419=AXIS2_PLACEMENT_3D('',#12392,#10086,#10087);
#8420=AXIS2_PLACEMENT_3D('',#12396,#10090,#10091);
#8421=AXIS2_PLACEMENT_3D('',#12398,#10093,#10094);
#8422=AXIS2_PLACEMENT_3D('',#12402,#10097,#10098);
#8423=AXIS2_PLACEMENT_3D('',#12404,#10100,#10101);
#8424=AXIS2_PLACEMENT_3D('',#12408,#10104,#10105);
#8425=AXIS2_PLACEMENT_3D('',#12410,#10107,#10108);
#8426=AXIS2_PLACEMENT_3D('',#12414,#10111,#10112);
#8427=AXIS2_PLACEMENT_3D('',#12418,#10115,#10116);
#8428=AXIS2_PLACEMENT_3D('',#12420,#10117,#10118);
#8429=AXIS2_PLACEMENT_3D('',#12424,#10120,#10121);
#8430=AXIS2_PLACEMENT_3D('',#12428,#10123,#10124);
#8431=AXIS2_PLACEMENT_3D('',#12431,#10126,#10127);
#8432=AXIS2_PLACEMENT_3D('',#12435,#10129,#10130);
#8433=AXIS2_PLACEMENT_3D('',#12439,#10132,#10133);
#8434=AXIS2_PLACEMENT_3D('',#12443,#10135,#10136);
#8435=AXIS2_PLACEMENT_3D('',#12446,#10138,#10139);
#8436=AXIS2_PLACEMENT_3D('',#12447,#10140,#10141);
#8437=AXIS2_PLACEMENT_3D('',#12451,#10144,#10145);
#8438=AXIS2_PLACEMENT_3D('',#12453,#10147,#10148);
#8439=AXIS2_PLACEMENT_3D('',#12459,#10152,#10153);
#8440=AXIS2_PLACEMENT_3D('',#12460,#10154,#10155);
#8441=AXIS2_PLACEMENT_3D('',#12461,#10156,#10157);
#8442=AXIS2_PLACEMENT_3D('',#12463,#10159,#10160);
#8443=AXIS2_PLACEMENT_3D('',#12465,#10161,#10162);
#8444=AXIS2_PLACEMENT_3D('',#12467,#10164,#10165);
#8445=AXIS2_PLACEMENT_3D('',#12471,#10168,#10169);
#8446=AXIS2_PLACEMENT_3D('',#12473,#10170,#10171);
#8447=AXIS2_PLACEMENT_3D('',#12475,#10173,#10174);
#8448=AXIS2_PLACEMENT_3D('',#12479,#10177,#10178);
#8449=AXIS2_PLACEMENT_3D('',#12480,#10179,#10180);
#8450=AXIS2_PLACEMENT_3D('',#12481,#10181,#10182);
#8451=AXIS2_PLACEMENT_3D('',#12483,#10184,#10185);
#8452=AXIS2_PLACEMENT_3D('',#12485,#10187,#10188);
#8453=AXIS2_PLACEMENT_3D('',#12487,#10190,#10191);
#8454=AXIS2_PLACEMENT_3D('',#12488,#10192,#10193);
#8455=AXIS2_PLACEMENT_3D('',#12491,#10194,#10195);
#8456=AXIS2_PLACEMENT_3D('',#12494,#10198,#10199);
#8457=AXIS2_PLACEMENT_3D('',#12498,#10202,#10203);
#8458=AXIS2_PLACEMENT_3D('',#12500,#10204,#10205);
#8459=AXIS2_PLACEMENT_3D('',#12502,#10207,#10208);
#8460=AXIS2_PLACEMENT_3D('',#12506,#10211,#10212);
#8461=AXIS2_PLACEMENT_3D('',#12507,#10213,#10214);
#8462=AXIS2_PLACEMENT_3D('',#12508,#10215,#10216);
#8463=AXIS2_PLACEMENT_3D('',#12510,#10217,#10218);
#8464=AXIS2_PLACEMENT_3D('',#12512,#10220,#10221);
#8465=AXIS2_PLACEMENT_3D('',#12514,#10223,#10224);
#8466=AXIS2_PLACEMENT_3D('',#12516,#10226,#10227);
#8467=AXIS2_PLACEMENT_3D('',#12518,#10229,#10230);
#8468=AXIS2_PLACEMENT_3D('',#12520,#10232,#10233);
#8469=AXIS2_PLACEMENT_3D('',#12521,#10234,#10235);
#8470=AXIS2_PLACEMENT_3D('',#12523,#10237,#10238);
#8471=AXIS2_PLACEMENT_3D('',#12525,#10240,#10241);
#8472=AXIS2_PLACEMENT_3D('',#12527,#10243,#10244);
#8473=AXIS2_PLACEMENT_3D('',#12528,#10245,#10246);
#8474=AXIS2_PLACEMENT_3D('',#12529,#10247,#10248);
#8475=AXIS2_PLACEMENT_3D('',#12530,#10249,#10250);
#8476=AXIS2_PLACEMENT_3D('',#12542,#10251,#10252);
#8477=AXIS2_PLACEMENT_3D('',#12548,#10253,#10254);
#8478=AXIS2_PLACEMENT_3D('',#12549,#10255,#10256);
#8479=AXIS2_PLACEMENT_3D('',#12554,#10259,#10260);
#8480=AXIS2_PLACEMENT_3D('',#12555,#10261,#10262);
#8481=AXIS2_PLACEMENT_3D('',#12569,#10264,#10265);
#8482=AXIS2_PLACEMENT_3D('',#12570,#10266,#10267);
#8483=AXIS2_PLACEMENT_3D('',#12578,#10268,#10269);
#8484=AXIS2_PLACEMENT_3D('',#12588,#10270,#10271);
#8485=AXIS2_PLACEMENT_3D('',#12589,#10272,#10273);
#8486=AXIS2_PLACEMENT_3D('',#12607,#10274,#10275);
#8487=AXIS2_PLACEMENT_3D('',#12609,#10276,#10277);
#8488=AXIS2_PLACEMENT_3D('',#12611,#10279,#10280);
#8489=AXIS2_PLACEMENT_3D('',#12615,#10282,#10283);
#8490=AXIS2_PLACEMENT_3D('',#12617,#10285,#10286);
#8491=AXIS2_PLACEMENT_3D('',#12633,#10289,#10290);
#8492=AXIS2_PLACEMENT_3D('',#12634,#10291,#10292);
#8493=AXIS2_PLACEMENT_3D('',#12651,#10296,#10297);
#8494=AXIS2_PLACEMENT_3D('',#12668,#10306,#10307);
#8495=AXIS2_PLACEMENT_3D('',#12669,#10308,#10309);
#8496=AXIS2_PLACEMENT_3D('',#12672,#10311,#10312);
#8497=AXIS2_PLACEMENT_3D('',#12680,#10316,#10317);
#8498=AXIS2_PLACEMENT_3D('',#12688,#10321,#10322);
#8499=AXIS2_PLACEMENT_3D('',#12695,#10326,#10327);
#8500=AXIS2_PLACEMENT_3D('',#12696,#10328,#10329);
#8501=AXIS2_PLACEMENT_3D('',#12701,#10331,#10332);
#8502=AXIS2_PLACEMENT_3D('',#12705,#10334,#10335);
#8503=AXIS2_PLACEMENT_3D('',#12708,#10337,#10338);
#8504=AXIS2_PLACEMENT_3D('',#12713,#10340,#10341);
#8505=AXIS2_PLACEMENT_3D('',#12717,#10343,#10344);
#8506=AXIS2_PLACEMENT_3D('',#12720,#10346,#10347);
#8507=AXIS2_PLACEMENT_3D('',#12725,#10349,#10350);
#8508=AXIS2_PLACEMENT_3D('',#12729,#10352,#10353);
#8509=AXIS2_PLACEMENT_3D('',#12732,#10355,#10356);
#8510=AXIS2_PLACEMENT_3D('',#12737,#10358,#10359);
#8511=AXIS2_PLACEMENT_3D('',#12741,#10361,#10362);
#8512=AXIS2_PLACEMENT_3D('',#12744,#10364,#10365);
#8513=AXIS2_PLACEMENT_3D('',#12745,#10366,#10367);
#8514=AXIS2_PLACEMENT_3D('',#12746,#10368,#10369);
#8515=AXIS2_PLACEMENT_3D('',#12754,#10371,#10372);
#8516=AXIS2_PLACEMENT_3D('',#12755,#10373,#10374);
#8517=AXIS2_PLACEMENT_3D('',#12757,#10375,#10376);
#8518=AXIS2_PLACEMENT_3D('',#12759,#10378,#10379);
#8519=AXIS2_PLACEMENT_3D('',#12763,#10381,#10382);
#8520=AXIS2_PLACEMENT_3D('',#12766,#10385,#10386);
#8521=AXIS2_PLACEMENT_3D('',#12769,#10388,#10389);
#8522=AXIS2_PLACEMENT_3D('',#12773,#10391,#10392);
#8523=AXIS2_PLACEMENT_3D('',#12775,#10394,#10395);
#8524=AXIS2_PLACEMENT_3D('',#12776,#10396,#10397);
#8525=AXIS2_PLACEMENT_3D('',#12777,#10398,#10399);
#8526=AXIS2_PLACEMENT_3D('',#12778,#10400,#10401);
#8527=AXIS2_PLACEMENT_3D('',#12779,#10402,#10403);
#8528=AXIS2_PLACEMENT_3D('',#12784,#10405,#10406);
#8529=AXIS2_PLACEMENT_3D('',#12787,#10408,#10409);
#8530=AXIS2_PLACEMENT_3D('',#12788,#10410,#10411);
#8531=AXIS2_PLACEMENT_3D('',#12794,#10415,#10416);
#8532=AXIS2_PLACEMENT_3D('',#12798,#10418,#10419);
#8533=AXIS2_PLACEMENT_3D('',#12799,#10420,#10421);
#8534=AXIS2_PLACEMENT_3D('',#12800,#10422,#10423);
#8535=AXIS2_PLACEMENT_3D('',#12806,#10427,#10428);
#8536=AXIS2_PLACEMENT_3D('',#12810,#10430,#10431);
#8537=AXIS2_PLACEMENT_3D('',#12811,#10432,#10433);
#8538=AXIS2_PLACEMENT_3D('',#12812,#10434,#10435);
#8539=AXIS2_PLACEMENT_3D('',#12815,#10438,#10439);
#8540=AXIS2_PLACEMENT_3D('',#12819,#10441,#10442);
#8541=AXIS2_PLACEMENT_3D('',#12821,#10444,#10445);
#8542=AXIS2_PLACEMENT_3D('',#12825,#10448,#10449);
#8543=AXIS2_PLACEMENT_3D('',#12828,#10451,#10452);
#8544=AXIS2_PLACEMENT_3D('',#12829,#10453,#10454);
#8545=AXIS2_PLACEMENT_3D('',#12834,#10456,#10457);
#8546=AXIS2_PLACEMENT_3D('',#12836,#10458,#10459);
#8547=AXIS2_PLACEMENT_3D('',#12844,#10463,#10464);
#8548=AXIS2_PLACEMENT_3D('',#12846,#10465,#10466);
#8549=AXIS2_PLACEMENT_3D('',#12854,#10470,#10471);
#8550=AXIS2_PLACEMENT_3D('',#12856,#10472,#10473);
#8551=AXIS2_PLACEMENT_3D('',#12864,#10477,#10478);
#8552=AXIS2_PLACEMENT_3D('',#12866,#10479,#10480);
#8553=AXIS2_PLACEMENT_3D('',#12874,#10484,#10485);
#8554=AXIS2_PLACEMENT_3D('',#12878,#10487,#10488);
#8555=AXIS2_PLACEMENT_3D('',#12881,#10490,#10491);
#8556=AXIS2_PLACEMENT_3D('',#12886,#10493,#10494);
#8557=AXIS2_PLACEMENT_3D('',#12890,#10496,#10497);
#8558=AXIS2_PLACEMENT_3D('',#12893,#10499,#10500);
#8559=AXIS2_PLACEMENT_3D('',#12895,#10501,#10502);
#8560=AXIS2_PLACEMENT_3D('',#12897,#10503,#10504);
#8561=AXIS2_PLACEMENT_3D('',#12899,#10505,#10506);
#8562=AXIS2_PLACEMENT_3D('',#12901,#10507,#10508);
#8563=AXIS2_PLACEMENT_3D('',#12906,#10510,#10511);
#8564=AXIS2_PLACEMENT_3D('',#12910,#10513,#10514);
#8565=AXIS2_PLACEMENT_3D('',#12913,#10516,#10517);
#8566=AXIS2_PLACEMENT_3D('',#12914,#10518,#10519);
#8567=AXIS2_PLACEMENT_3D('',#12920,#10523,#10524);
#8568=AXIS2_PLACEMENT_3D('',#12923,#10526,#10527);
#8569=AXIS2_PLACEMENT_3D('',#12924,#10528,#10529);
#8570=AXIS2_PLACEMENT_3D('',#12928,#10532,#10533);
#8571=AXIS2_PLACEMENT_3D('',#12931,#10535,#10536);
#8572=AXIS2_PLACEMENT_3D('',#12932,#10537,#10538);
#8573=AXIS2_PLACEMENT_3D('',#12936,#10541,#10542);
#8574=AXIS2_PLACEMENT_3D('',#12937,#10543,#10544);
#8575=AXIS2_PLACEMENT_3D('',#12938,#10545,#10546);
#8576=AXIS2_PLACEMENT_3D('',#12944,#10550,#10551);
#8577=AXIS2_PLACEMENT_3D('',#12947,#10553,#10554);
#8578=AXIS2_PLACEMENT_3D('',#12948,#10555,#10556);
#8579=AXIS2_PLACEMENT_3D('',#12952,#10559,#10560);
#8580=AXIS2_PLACEMENT_3D('',#12958,#10564,#10565);
#8581=AXIS2_PLACEMENT_3D('',#12961,#10567,#10568);
#8582=AXIS2_PLACEMENT_3D('',#12962,#10569,#10570);
#8583=AXIS2_PLACEMENT_3D('',#12966,#10573,#10574);
#8584=AXIS2_PLACEMENT_3D('',#12969,#10576,#10577);
#8585=AXIS2_PLACEMENT_3D('',#12970,#10578,#10579);
#8586=AXIS2_PLACEMENT_3D('',#12974,#10582,#10583);
#8587=AXIS2_PLACEMENT_3D('',#12975,#10584,#10585);
#8588=AXIS2_PLACEMENT_3D('',#12976,#10586,#10587);
#8589=AXIS2_PLACEMENT_3D('',#12982,#10591,#10592);
#8590=AXIS2_PLACEMENT_3D('',#12985,#10594,#10595);
#8591=AXIS2_PLACEMENT_3D('',#12986,#10596,#10597);
#8592=AXIS2_PLACEMENT_3D('',#12990,#10600,#10601);
#8593=AXIS2_PLACEMENT_3D('',#12996,#10605,#10606);
#8594=AXIS2_PLACEMENT_3D('',#12999,#10608,#10609);
#8595=AXIS2_PLACEMENT_3D('',#13000,#10610,#10611);
#8596=AXIS2_PLACEMENT_3D('',#13004,#10614,#10615);
#8597=AXIS2_PLACEMENT_3D('',#13007,#10617,#10618);
#8598=AXIS2_PLACEMENT_3D('',#13008,#10619,#10620);
#8599=AXIS2_PLACEMENT_3D('',#13012,#10623,#10624);
#8600=AXIS2_PLACEMENT_3D('',#13013,#10625,#10626);
#8601=AXIS2_PLACEMENT_3D('',#13014,#10627,#10628);
#8602=AXIS2_PLACEMENT_3D('',#13020,#10632,#10633);
#8603=AXIS2_PLACEMENT_3D('',#13023,#10635,#10636);
#8604=AXIS2_PLACEMENT_3D('',#13024,#10637,#10638);
#8605=AXIS2_PLACEMENT_3D('',#13028,#10641,#10642);
#8606=AXIS2_PLACEMENT_3D('',#13034,#10646,#10647);
#8607=AXIS2_PLACEMENT_3D('',#13038,#10650,#10651);
#8608=AXIS2_PLACEMENT_3D('',#13042,#10654,#10655);
#8609=AXIS2_PLACEMENT_3D('',#13045,#10657,#10658);
#8610=AXIS2_PLACEMENT_3D('',#13046,#10659,#10660);
#8611=AXIS2_PLACEMENT_3D('',#13049,#10662,#10663);
#8612=AXIS2_PLACEMENT_3D('',#13050,#10664,#10665);
#8613=AXIS2_PLACEMENT_3D('',#13054,#10668,#10669);
#8614=AXIS2_PLACEMENT_3D('',#13058,#10672,#10673);
#8615=AXIS2_PLACEMENT_3D('',#13064,#10677,#10678);
#8616=AXIS2_PLACEMENT_3D('',#13066,#10679,#10680);
#8617=AXIS2_PLACEMENT_3D('',#13068,#10682,#10683);
#8618=AXIS2_PLACEMENT_3D('',#13070,#10684,#10685);
#8619=AXIS2_PLACEMENT_3D('',#13072,#10687,#10688);
#8620=AXIS2_PLACEMENT_3D('',#13074,#10690,#10691);
#8621=AXIS2_PLACEMENT_3D('',#13078,#10694,#10695);
#8622=AXIS2_PLACEMENT_3D('',#13082,#10698,#10699);
#8623=AXIS2_PLACEMENT_3D('',#13085,#10701,#10702);
#8624=AXIS2_PLACEMENT_3D('',#13086,#10703,#10704);
#8625=AXIS2_PLACEMENT_3D('',#13089,#10706,#10707);
#8626=AXIS2_PLACEMENT_3D('',#13090,#10708,#10709);
#8627=AXIS2_PLACEMENT_3D('',#13093,#10712,#10713);
#8628=AXIS2_PLACEMENT_3D('',#13095,#10715,#10716);
#8629=AXIS2_PLACEMENT_3D('',#13097,#10717,#10718);
#8630=AXIS2_PLACEMENT_3D('',#13099,#10720,#10721);
#8631=AXIS2_PLACEMENT_3D('',#13101,#10722,#10723);
#8632=AXIS2_PLACEMENT_3D('',#13103,#10725,#10726);
#8633=AXIS2_PLACEMENT_3D('',#13105,#10728,#10729);
#8634=AXIS2_PLACEMENT_3D('',#13111,#10733,#10734);
#8635=AXIS2_PLACEMENT_3D('',#13114,#10737,#10738);
#8636=AXIS2_PLACEMENT_3D('',#13127,#10740,#10741);
#8637=AXIS2_PLACEMENT_3D('',#13130,#10743,#10744);
#8638=AXIS2_PLACEMENT_3D('',#13131,#10745,#10746);
#8639=AXIS2_PLACEMENT_3D('',#13135,#10749,#10750);
#8640=AXIS2_PLACEMENT_3D('',#13139,#10753,#10754);
#8641=AXIS2_PLACEMENT_3D('',#13143,#10757,#10758);
#8642=AXIS2_PLACEMENT_3D('',#13146,#10760,#10761);
#8643=AXIS2_PLACEMENT_3D('',#13147,#10762,#10763);
#8644=AXIS2_PLACEMENT_3D('',#13159,#10765,#10766);
#8645=AXIS2_PLACEMENT_3D('',#13163,#10769,#10770);
#8646=AXIS2_PLACEMENT_3D('',#13171,#10771,#10772);
#8647=AXIS2_PLACEMENT_3D('',#13177,#10773,#10774);
#8648=AXIS2_PLACEMENT_3D('',#13178,#10775,#10776);
#8649=AXIS2_PLACEMENT_3D('',#13182,#10779,#10780);
#8650=AXIS2_PLACEMENT_3D('',#13183,#10781,#10782);
#8651=AXIS2_PLACEMENT_3D('',#13187,#10784,#10785);
#8652=AXIS2_PLACEMENT_3D('',#13189,#10786,#10787);
#8653=AXIS2_PLACEMENT_3D('',#13190,#10788,#10789);
#8654=AXIS2_PLACEMENT_3D('',#13191,#10790,#10791);
#8655=AXIS2_PLACEMENT_3D('',#13193,#10793,#10794);
#8656=AXIS2_PLACEMENT_3D('',#13195,#10796,#10797);
#8657=AXIS2_PLACEMENT_3D('',#13199,#10800,#10801);
#8658=AXIS2_PLACEMENT_3D('',#13204,#10805,#10806);
#8659=AXIS2_PLACEMENT_3D('',#13206,#10808,#10809);
#8660=AXIS2_PLACEMENT_3D('',#13208,#10811,#10812);
#8661=AXIS2_PLACEMENT_3D('',#13210,#10814,#10815);
#8662=AXIS2_PLACEMENT_3D('',#13214,#10818,#10819);
#8663=AXIS2_PLACEMENT_3D('',#13215,#10820,#10821);
#8664=AXIS2_PLACEMENT_3D('',#13216,#10822,#10823);
#8665=AXIS2_PLACEMENT_3D('',#13218,#10825,#10826);
#8666=AXIS2_PLACEMENT_3D('',#13221,#10829,#10830);
#8667=AXIS2_PLACEMENT_3D('',#13224,#10832,#10833);
#8668=AXIS2_PLACEMENT_3D('',#13225,#10834,#10835);
#8669=AXIS2_PLACEMENT_3D('',#13229,#10838,#10839);
#8670=AXIS2_PLACEMENT_3D('',#13230,#10840,#10841);
#8671=AXIS2_PLACEMENT_3D('',#13232,#10843,#10844);
#8672=AXIS2_PLACEMENT_3D('',#13234,#10846,#10847);
#8673=AXIS2_PLACEMENT_3D('',#13235,#10848,#10849);
#8674=AXIS2_PLACEMENT_3D('',#13238,#10852,#10853);
#8675=AXIS2_PLACEMENT_3D('',#13239,#10854,#10855);
#8676=AXIS2_PLACEMENT_3D('',#13245,#10859,#10860);
#8677=AXIS2_PLACEMENT_3D('',#13246,#10861,#10862);
#8678=AXIS2_PLACEMENT_3D('',#13248,#10864,#10865);
#8679=AXIS2_PLACEMENT_3D('',#13250,#10867,#10868);
#8680=AXIS2_PLACEMENT_3D('',#13252,#10870,#10871);
#8681=AXIS2_PLACEMENT_3D('',#13254,#10873,#10874);
#8682=AXIS2_PLACEMENT_3D('',#13255,#10875,#10876);
#8683=AXIS2_PLACEMENT_3D('',#13256,#10877,#10878);
#8684=AXIS2_PLACEMENT_3D('',#13258,#10880,#10881);
#8685=AXIS2_PLACEMENT_3D('',#13260,#10883,#10884);
#8686=AXIS2_PLACEMENT_3D('',#13266,#10888,#10889);
#8687=AXIS2_PLACEMENT_3D('',#13267,#10890,#10891);
#8688=AXIS2_PLACEMENT_3D('',#13269,#10893,#10894);
#8689=AXIS2_PLACEMENT_3D('',#13271,#10896,#10897);
#8690=AXIS2_PLACEMENT_3D('',#13273,#10899,#10900);
#8691=AXIS2_PLACEMENT_3D('',#13275,#10902,#10903);
#8692=AXIS2_PLACEMENT_3D('',#13276,#10904,#10905);
#8693=AXIS2_PLACEMENT_3D('',#13277,#10906,#10907);
#8694=AXIS2_PLACEMENT_3D('',#13279,#10909,#10910);
#8695=AXIS2_PLACEMENT_3D('',#13281,#10912,#10913);
#8696=AXIS2_PLACEMENT_3D('',#13284,#10914,#10915);
#8697=AXIS2_PLACEMENT_3D('',#13290,#10919,#10920);
#8698=AXIS2_PLACEMENT_3D('',#13293,#10923,#10924);
#8699=AXIS2_PLACEMENT_3D('',#13294,#10925,#10926);
#8700=AXIS2_PLACEMENT_3D('',#13296,#10927,#10928);
#8701=AXIS2_PLACEMENT_3D('',#13297,#10929,#10930);
#8702=AXIS2_PLACEMENT_3D('',#13298,#10931,#10932);
#8703=AXIS2_PLACEMENT_3D('',#13301,#10934,#10935);
#8704=AXIS2_PLACEMENT_3D('',#13303,#10936,#10937);
#8705=AXIS2_PLACEMENT_3D('',#13304,#10938,#10939);
#8706=AXIS2_PLACEMENT_3D('',#13305,#10940,#10941);
#8707=AXIS2_PLACEMENT_3D('',#13307,#10942,#10943);
#8708=AXIS2_PLACEMENT_3D('',#13308,#10944,#10945);
#8709=AXIS2_PLACEMENT_3D('',#13310,#10946,#10947);
#8710=AXIS2_PLACEMENT_3D('',#13312,#10949,#10950);
#8711=AXIS2_PLACEMENT_3D('',#13313,#10951,#10952);
#8712=AXIS2_PLACEMENT_3D('',#13314,#10953,#10954);
#8713=AXIS2_PLACEMENT_3D('',#13315,#10955,#10956);
#8714=AXIS2_PLACEMENT_3D('',#13317,#10958,#10959);
#8715=AXIS2_PLACEMENT_3D('',#13318,#10960,#10961);
#8716=AXIS2_PLACEMENT_3D('',#13319,#10962,#10963);
#8717=AXIS2_PLACEMENT_3D('',#13321,#10965,#10966);
#8718=AXIS2_PLACEMENT_3D('',#13323,#10968,#10969);
#8719=AXIS2_PLACEMENT_3D('',#13326,#10972,#10973);
#8720=AXIS2_PLACEMENT_3D('',#13328,#10975,#10976);
#8721=AXIS2_PLACEMENT_3D('',#13330,#10978,#10979);
#8722=AXIS2_PLACEMENT_3D('',#13332,#10981,#10982);
#8723=AXIS2_PLACEMENT_3D('',#13334,#10984,#10985);
#8724=AXIS2_PLACEMENT_3D('',#13336,#10987,#10988);
#8725=AXIS2_PLACEMENT_3D('',#13337,#10989,#10990);
#8726=AXIS2_PLACEMENT_3D('',#13338,#10991,#10992);
#8727=AXIS2_PLACEMENT_3D('',#13339,#10993,#10994);
#8728=AXIS2_PLACEMENT_3D('',#13341,#10996,#10997);
#8729=AXIS2_PLACEMENT_3D('',#13343,#10998,#10999);
#8730=AXIS2_PLACEMENT_3D('',#13344,#11000,#11001);
#8731=AXIS2_PLACEMENT_3D('',#13346,#11003,#11004);
#8732=AXIS2_PLACEMENT_3D('',#13347,#11005,#11006);
#8733=AXIS2_PLACEMENT_3D('',#13348,#11007,#11008);
#8734=AXIS2_PLACEMENT_3D('',#13349,#11009,#11010);
#8735=AXIS2_PLACEMENT_3D('',#13350,#11011,#11012);
#8736=DIRECTION('axis',(0.,0.,1.));
#8737=DIRECTION('refdir',(1.,0.,0.));
#8738=DIRECTION('axis',(0.,0.,1.));
#8739=DIRECTION('refdir',(1.,0.,0.));
#8740=DIRECTION('center_axis',(0.,1.,0.));
#8741=DIRECTION('ref_axis',(0.,0.,-1.));
#8742=DIRECTION('',(-1.9626155733547E-15,0.707106781186556,-0.707106781186539));
#8743=DIRECTION('center_axis',(-1.45603019622971E-16,1.,0.));
#8744=DIRECTION('ref_axis',(0.,0.,-1.));
#8745=DIRECTION('',(-9.81307786677348E-16,-0.707106781186555,-0.70710678118654));
#8746=DIRECTION('center_axis',(1.45603019622971E-16,-1.,0.));
#8747=DIRECTION('ref_axis',(0.,0.,-1.));
#8748=DIRECTION('center_axis',(-1.02956882536642E-16,0.707106781186551,
0.707106781186544));
#8749=DIRECTION('ref_axis',(1.,0.,1.45603019622973E-16));
#8750=DIRECTION('',(-1.96261557335473E-15,0.707106781186543,-0.707106781186552));
#8751=DIRECTION('',(-1.,-1.45603019622971E-16,0.));
#8752=DIRECTION('',(1.,1.45603019622971E-16,0.));
#8753=DIRECTION('center_axis',(0.,1.,0.));
#8754=DIRECTION('ref_axis',(0.,0.,1.));
#8755=DIRECTION('',(1.9626155733547E-15,0.707106781186555,0.70710678118654));
#8756=DIRECTION('center_axis',(-1.45603019622971E-16,1.,0.));
#8757=DIRECTION('ref_axis',(0.,0.,1.));
#8758=DIRECTION('center_axis',(1.45603019622971E-16,-1.,0.));
#8759=DIRECTION('ref_axis',(0.,0.,1.));
#8760=DIRECTION('center_axis',(-1.02956882536642E-16,0.707106781186551,
-0.707106781186544));
#8761=DIRECTION('ref_axis',(-1.,0.,1.45603019622973E-16));
#8762=DIRECTION('',(1.,1.45603019622971E-16,0.));
#8763=DIRECTION('',(-1.,-1.45603019622971E-16,0.));
#8764=DIRECTION('center_axis',(0.,0.,-1.));
#8765=DIRECTION('ref_axis',(1.,0.,0.));
#8766=DIRECTION('',(0.,-1.,0.));
#8767=DIRECTION('',(-1.,-1.45603019622971E-16,0.));
#8768=DIRECTION('',(0.,-1.,0.));
#8769=DIRECTION('center_axis',(0.,-1.,0.));
#8770=DIRECTION('ref_axis',(0.,0.,-1.));
#8771=DIRECTION('',(0.,-1.,0.));
#8772=DIRECTION('center_axis',(-1.45603019622971E-16,1.,0.));
#8773=DIRECTION('ref_axis',(0.,0.,-1.));
#8774=DIRECTION('center_axis',(1.45603019622971E-16,-1.,0.));
#8775=DIRECTION('ref_axis',(1.,1.45603019622971E-16,0.));
#8776=DIRECTION('',(-1.,-1.45603019622971E-16,0.));
#8777=DIRECTION('',(0.,0.,1.));
#8778=DIRECTION('',(-1.,-1.45603019622971E-16,0.));
#8779=DIRECTION('',(0.,0.,-1.));
#8780=DIRECTION('',(-1.,-1.45603019622971E-16,-7.4257540007716E-16));
#8781=DIRECTION('',(0.,0.,1.));
#8782=DIRECTION('',(1.,1.45603019622971E-16,-7.42575400077154E-16));
#8783=DIRECTION('',(0.,0.,1.));
#8784=DIRECTION('',(1.,1.45603019622971E-16,-7.42575400077154E-16));
#8785=DIRECTION('',(0.,0.,1.));
#8786=DIRECTION('',(-1.,-1.45603019622971E-16,-7.4257540007716E-16));
#8787=DIRECTION('',(0.,0.,-1.));
#8788=DIRECTION('center_axis',(0.,-1.,0.));
#8789=DIRECTION('ref_axis',(0.,0.,-1.));
#8790=DIRECTION('',(-9.81307786677369E-16,-0.70710678118654,0.707106781186555));
#8791=DIRECTION('center_axis',(1.45603019622971E-16,-1.,0.));
#8792=DIRECTION('ref_axis',(0.,0.,-1.));
#8793=DIRECTION('',(0.,0.70710678118654,0.707106781186555));
#8794=DIRECTION('center_axis',(1.0295688253664E-16,-0.707106781186544,-0.707106781186551));
#8795=DIRECTION('ref_axis',(-1.,0.,-1.4560301962297E-16));
#8796=DIRECTION('',(-1.96261557335471E-15,-0.707106781186551,0.707106781186544));
#8797=DIRECTION('',(-1.,-1.45603019622971E-16,0.));
#8798=DIRECTION('',(1.,1.45603019622971E-16,0.));
#8799=DIRECTION('center_axis',(0.,-1.,0.));
#8800=DIRECTION('ref_axis',(0.,0.,1.));
#8801=DIRECTION('',(0.,-0.70710678118654,-0.707106781186555));
#8802=DIRECTION('center_axis',(1.45603019622971E-16,-1.,0.));
#8803=DIRECTION('ref_axis',(0.,0.,1.));
#8804=DIRECTION('center_axis',(-1.45603019622971E-16,1.,0.));
#8805=DIRECTION('ref_axis',(0.,0.,1.));
#8806=DIRECTION('center_axis',(1.0295688253664E-16,-0.707106781186544,0.707106781186551));
#8807=DIRECTION('ref_axis',(1.,0.,-1.4560301962297E-16));
#8808=DIRECTION('',(1.,1.45603019622971E-16,0.));
#8809=DIRECTION('center_axis',(0.,0.,1.));
#8810=DIRECTION('ref_axis',(-1.,0.,0.));
#8811=DIRECTION('',(0.,-1.,0.));
#8812=DIRECTION('center_axis',(1.45603019622971E-16,-1.,0.));
#8813=DIRECTION('ref_axis',(1.,1.45603019622971E-16,0.));
#8814=DIRECTION('',(1.,1.45603019622971E-16,0.));
#8815=DIRECTION('',(0.,0.,1.));
#8816=DIRECTION('',(-1.,-1.45603019622971E-16,0.));
#8817=DIRECTION('',(0.,0.,-1.));
#8818=DIRECTION('center_axis',(0.,-1.,0.));
#8819=DIRECTION('ref_axis',(0.,0.,1.));
#8820=DIRECTION('center_axis',(0.,0.,-1.));
#8821=DIRECTION('ref_axis',(-1.,0.,0.));
#8822=DIRECTION('center_axis',(0.,0.,-1.));
#8823=DIRECTION('ref_axis',(-1.,0.,0.));
#8824=DIRECTION('',(0.707106781186548,8.65956056235493E-17,-0.707106781186548));
#8825=DIRECTION('center_axis',(0.,0.,1.));
#8826=DIRECTION('ref_axis',(-1.,0.,0.));
#8827=DIRECTION('center_axis',(0.,0.,1.));
#8828=DIRECTION('ref_axis',(-1.,0.,0.));
#8829=DIRECTION('',(0.,0.,-1.));
#8830=DIRECTION('center_axis',(0.,0.,-1.));
#8831=DIRECTION('ref_axis',(-1.,0.,0.));
#8832=DIRECTION('center_axis',(0.,0.,1.));
#8833=DIRECTION('ref_axis',(-1.,0.,0.));
#8834=DIRECTION('center_axis',(0.,0.,-1.));
#8835=DIRECTION('ref_axis',(-1.,0.,0.));
#8836=DIRECTION('center_axis',(0.,0.,-1.));
#8837=DIRECTION('ref_axis',(-1.,0.,0.));
#8838=DIRECTION('center_axis',(0.,0.,-1.));
#8839=DIRECTION('ref_axis',(-1.,0.,0.));
#8840=DIRECTION('',(0.707106781186548,8.65956056235493E-17,-0.707106781186548));
#8841=DIRECTION('center_axis',(0.,0.,1.));
#8842=DIRECTION('ref_axis',(-1.,0.,0.));
#8843=DIRECTION('center_axis',(0.,0.,1.));
#8844=DIRECTION('ref_axis',(-1.,0.,0.));
#8845=DIRECTION('',(0.,0.,-1.));
#8846=DIRECTION('center_axis',(0.,0.,-1.));
#8847=DIRECTION('ref_axis',(-1.,0.,0.));
#8848=DIRECTION('center_axis',(0.,0.,1.));
#8849=DIRECTION('ref_axis',(-1.,0.,0.));
#8850=DIRECTION('center_axis',(0.,0.,-1.));
#8851=DIRECTION('ref_axis',(-1.,0.,0.));
#8852=DIRECTION('center_axis',(0.,0.,-1.));
#8853=DIRECTION('ref_axis',(-1.,0.,0.));
#8854=DIRECTION('center_axis',(0.,0.,-1.));
#8855=DIRECTION('ref_axis',(-1.,0.,0.));
#8856=DIRECTION('',(0.707106781186548,8.65956056235493E-17,-0.707106781186548));
#8857=DIRECTION('center_axis',(0.,0.,1.));
#8858=DIRECTION('ref_axis',(-1.,0.,0.));
#8859=DIRECTION('center_axis',(0.,0.,1.));
#8860=DIRECTION('ref_axis',(-1.,0.,0.));
#8861=DIRECTION('',(0.,0.,-1.));
#8862=DIRECTION('center_axis',(0.,0.,-1.));
#8863=DIRECTION('ref_axis',(-1.,0.,0.));
#8864=DIRECTION('center_axis',(0.,0.,1.));
#8865=DIRECTION('ref_axis',(-1.,0.,0.));
#8866=DIRECTION('center_axis',(0.,0.,-1.));
#8867=DIRECTION('ref_axis',(-1.,0.,0.));
#8868=DIRECTION('center_axis',(0.,0.,-1.));
#8869=DIRECTION('ref_axis',(-1.,0.,0.));
#8870=DIRECTION('center_axis',(0.,0.,-1.));
#8871=DIRECTION('ref_axis',(-1.,0.,0.));
#8872=DIRECTION('',(0.707106781186548,8.65956056235493E-17,-0.707106781186548));
#8873=DIRECTION('center_axis',(0.,0.,1.));
#8874=DIRECTION('ref_axis',(-1.,0.,0.));
#8875=DIRECTION('center_axis',(0.,0.,1.));
#8876=DIRECTION('ref_axis',(-1.,0.,0.));
#8877=DIRECTION('',(0.,0.,-1.));
#8878=DIRECTION('center_axis',(0.,0.,-1.));
#8879=DIRECTION('ref_axis',(-1.,0.,0.));
#8880=DIRECTION('center_axis',(0.,0.,1.));
#8881=DIRECTION('ref_axis',(-1.,0.,0.));
#8882=DIRECTION('center_axis',(0.,0.,-1.));
#8883=DIRECTION('ref_axis',(-1.,0.,0.));
#8884=DIRECTION('center_axis',(-0.707106781186551,0.707106781186544,0.));
#8885=DIRECTION('ref_axis',(0.,0.,1.));
#8886=DIRECTION('',(0.57735026918962,0.577350269189627,-0.577350269189631));
#8887=DIRECTION('',(0.,0.,-1.));
#8888=DIRECTION('',(-0.707106781186544,-0.707106781186551,0.));
#8889=DIRECTION('',(0.,0.,1.));
#8890=DIRECTION('',(0.577350269189624,0.57735026918963,0.577350269189624));
#8891=DIRECTION('center_axis',(-1.,0.,0.));
#8892=DIRECTION('ref_axis',(0.,1.,0.));
#8893=DIRECTION('',(-0.707106781186548,0.707106781186548,0.));
#8894=DIRECTION('center_axis',(-1.,0.,0.));
#8895=DIRECTION('ref_axis',(0.,1.,0.));
#8896=DIRECTION('center_axis',(1.,0.,0.));
#8897=DIRECTION('ref_axis',(0.,1.,0.));
#8898=DIRECTION('center_axis',(-0.70710678118655,-0.707106781186545,0.));
#8899=DIRECTION('ref_axis',(0.,0.,1.));
#8900=DIRECTION('',(-0.577350269189624,0.577350269189629,-0.577350269189624));
#8901=DIRECTION('',(0.,0.,-1.));
#8902=DIRECTION('',(0.,0.,1.));
#8903=DIRECTION('',(-0.577350269189621,0.577350269189626,0.57735026918963));
#8904=DIRECTION('center_axis',(1.,0.,0.));
#8905=DIRECTION('ref_axis',(0.,1.,0.));
#8906=DIRECTION('',(0.,-1.,0.));
#8907=DIRECTION('',(0.,0.,-1.));
#8908=DIRECTION('',(0.,-1.,0.));
#8909=DIRECTION('',(0.,-1.,0.));
#8910=DIRECTION('center_axis',(-0.707106781186548,0.,0.707106781186548));
#8911=DIRECTION('ref_axis',(0.707106781186548,0.,0.707106781186548));
#8912=DIRECTION('',(-0.577350269189627,-0.577350269189623,-0.577350269189627));
#8913=DIRECTION('',(0.,1.,0.));
#8914=DIRECTION('',(0.577350269189626,0.577350269189626,0.577350269189626));
#8915=DIRECTION('center_axis',(0.,-0.70710678118655,0.707106781186545));
#8916=DIRECTION('ref_axis',(1.,0.,0.));
#8917=DIRECTION('',(1.,0.,0.));
#8918=DIRECTION('',(0.577350269189627,0.577350269189623,0.577350269189627));
#8919=DIRECTION('',(-0.577350269189627,0.577350269189623,0.577350269189627));
#8920=DIRECTION('',(-1.,0.,0.));
#8921=DIRECTION('center_axis',(0.,0.,1.));
#8922=DIRECTION('ref_axis',(1.,0.,0.));
#8923=DIRECTION('',(0.,-1.,0.));
#8924=DIRECTION('center_axis',(0.,0.,-1.));
#8925=DIRECTION('ref_axis',(0.707106781186548,0.707106781186548,0.));
#8926=DIRECTION('',(1.,2.91206039245943E-16,0.));
#8927=DIRECTION('center_axis',(0.,0.,1.));
#8928=DIRECTION('ref_axis',(-0.763762615825974,-0.645497224367902,0.));
#8929=DIRECTION('center_axis',(0.,0.,-1.));
#8930=DIRECTION('ref_axis',(-1.,0.,0.));
#8931=DIRECTION('center_axis',(0.,0.,1.));
#8932=DIRECTION('ref_axis',(0.763762615825975,-0.645497224367901,0.));
#8933=DIRECTION('',(1.,2.91206039245943E-16,0.));
#8934=DIRECTION('center_axis',(0.,0.,-1.));
#8935=DIRECTION('ref_axis',(-0.707106781186548,0.707106781186548,0.));
#8936=DIRECTION('',(-7.97083197166779E-16,1.,0.));
#8937=DIRECTION('center_axis',(0.,0.,-1.));
#8938=DIRECTION('ref_axis',(-0.707106781186548,-0.707106781186548,0.));
#8939=DIRECTION('',(-1.,-1.45603019622971E-16,0.));
#8940=DIRECTION('center_axis',(0.,0.,-1.));
#8941=DIRECTION('ref_axis',(0.707106781186548,-0.707106781186548,0.));
#8942=DIRECTION('',(0.,-1.,0.));
#8943=DIRECTION('',(1.,0.,0.));
#8944=DIRECTION('',(0.,1.,0.));
#8945=DIRECTION('',(1.,1.45603019622971E-16,0.));
#8946=DIRECTION('',(7.97083197166779E-16,-1.,0.));
#8947=DIRECTION('',(-1.,-2.91206039245943E-16,0.));
#8948=DIRECTION('center_axis',(0.,0.,-1.));
#8949=DIRECTION('ref_axis',(1.,0.,0.));
#8950=DIRECTION('center_axis',(0.707106781186548,0.,0.707106781186548));
#8951=DIRECTION('ref_axis',(0.707106781186548,0.,-0.707106781186548));
#8952=DIRECTION('',(-0.577350269189627,-0.577350269189623,0.577350269189627));
#8953=DIRECTION('',(0.,1.,0.));
#8954=DIRECTION('',(-0.707106781186548,0.,0.707106781186548));
#8955=DIRECTION('center_axis',(0.707106781186545,-0.70710678118655,0.));
#8956=DIRECTION('ref_axis',(0.,0.,-1.));
#8957=DIRECTION('',(0.,0.,-1.));
#8958=DIRECTION('',(0.70710678118655,0.707106781186545,0.));
#8959=DIRECTION('',(0.,0.,1.));
#8960=DIRECTION('center_axis',(0.,0.70710678118655,0.707106781186545));
#8961=DIRECTION('ref_axis',(1.,0.,0.));
#8962=DIRECTION('',(0.577350269189627,-0.577350269189623,0.577350269189627));
#8963=DIRECTION('',(0.577350269189627,0.577350269189623,-0.577350269189627));
#8964=DIRECTION('',(-0.577350269189626,0.577350269189624,-0.577350269189628));
#8965=DIRECTION('',(-1.,0.,0.));
#8966=DIRECTION('center_axis',(0.707106781186548,0.,0.707106781186548));
#8967=DIRECTION('ref_axis',(0.707106781186548,0.,-0.707106781186548));
#8968=DIRECTION('',(-0.707106781186555,0.,0.70710678118654));
#8969=DIRECTION('',(0.,1.,0.));
#8970=DIRECTION('',(0.577350269189626,-0.577350269189624,-0.577350269189626));
#8971=DIRECTION('center_axis',(-0.707106781186548,0.,0.707106781186548));
#8972=DIRECTION('ref_axis',(0.707106781186548,0.,0.707106781186548));
#8973=DIRECTION('',(-0.577350269189626,0.577350269189626,-0.577350269189626));
#8974=DIRECTION('center_axis',(1.,0.,0.));
#8975=DIRECTION('ref_axis',(0.,1.,0.));
#8976=DIRECTION('',(0.707106781186548,-0.707106781186548,0.));
#8977=DIRECTION('center_axis',(1.,0.,0.));
#8978=DIRECTION('ref_axis',(0.,1.,0.));
#8979=DIRECTION('center_axis',(-1.,0.,0.));
#8980=DIRECTION('ref_axis',(0.,1.,0.));
#8981=DIRECTION('center_axis',(0.707106781186546,0.707106781186549,0.));
#8982=DIRECTION('ref_axis',(0.,0.,-1.));
#8983=DIRECTION('',(0.,0.,-1.));
#8984=DIRECTION('',(0.,0.,1.));
#8985=DIRECTION('center_axis',(1.,0.,0.));
#8986=DIRECTION('ref_axis',(0.,1.,0.));
#8987=DIRECTION('',(0.,0.,1.));
#8988=DIRECTION('',(0.,-1.,0.));
#8989=DIRECTION('',(0.,0.,-1.));
#8990=DIRECTION('center_axis',(0.,0.,-1.));
#8991=DIRECTION('ref_axis',(0.707106781186547,0.707106781186547,0.));
#8992=DIRECTION('center_axis',(0.,0.,1.));
#8993=DIRECTION('ref_axis',(0.707106781186548,0.707106781186548,0.));
#8994=DIRECTION('',(0.,-0.707106781186555,0.70710678118654));
#8995=DIRECTION('center_axis',(-2.05913765073282E-16,0.707106781186548,
0.707106781186548));
#8996=DIRECTION('ref_axis',(1.,0.,2.91206039245943E-16));
#8997=DIRECTION('',(0.,-0.707106781186548,0.707106781186548));
#8998=DIRECTION('',(-1.,-2.91206039245943E-16,0.));
#8999=DIRECTION('center_axis',(0.,0.,1.));
#9000=DIRECTION('ref_axis',(-0.763762615825974,-0.645497224367901,0.));
#9001=DIRECTION('center_axis',(0.,0.,-1.));
#9002=DIRECTION('ref_axis',(-0.763762615825974,-0.645497224367902,0.));
#9003=DIRECTION('',(-0.697216688778396,0.117851130197745,0.70710678118655));
#9004=DIRECTION('center_axis',(0.,0.,-1.));
#9005=DIRECTION('ref_axis',(-6.12323399573677E-17,1.,0.));
#9006=DIRECTION('',(0.697216688778389,0.117851130197746,0.707106781186557));
#9007=DIRECTION('center_axis',(0.,0.,1.));
#9008=DIRECTION('ref_axis',(-1.,0.,0.));
#9009=DIRECTION('center_axis',(0.,0.,1.));
#9010=DIRECTION('ref_axis',(0.763762615825975,-0.645497224367901,0.));
#9011=DIRECTION('center_axis',(0.,0.,-1.));
#9012=DIRECTION('ref_axis',(0.763762615825975,-0.645497224367901,0.));
#9013=DIRECTION('',(0.,-0.70710678118654,0.707106781186555));
#9014=DIRECTION('center_axis',(-2.05913765073282E-16,0.707106781186548,
0.707106781186548));
#9015=DIRECTION('ref_axis',(1.,0.,2.91206039245943E-16));
#9016=DIRECTION('',(0.,-0.707106781186548,0.707106781186548));
#9017=DIRECTION('',(-1.,-2.91206039245943E-16,0.));
#9018=DIRECTION('center_axis',(0.,0.,-1.));
#9019=DIRECTION('ref_axis',(-0.707106781186547,0.707106781186547,0.));
#9020=DIRECTION('center_axis',(0.,0.,1.));
#9021=DIRECTION('ref_axis',(-0.707106781186548,0.707106781186548,0.));
#9022=DIRECTION('',(0.707106781186555,0.,0.70710678118654));
#9023=DIRECTION('center_axis',(-0.707106781186555,-5.6362293388649E-16,
0.70710678118654));
#9024=DIRECTION('ref_axis',(0.70710678118654,0.,0.707106781186555));
#9025=DIRECTION('',(0.70710678118654,-1.57009245868379E-14,0.707106781186555));
#9026=DIRECTION('',(7.97083197166779E-16,-1.,0.));
#9027=DIRECTION('center_axis',(0.,0.,-1.));
#9028=DIRECTION('ref_axis',(-0.707106781186547,-0.707106781186547,0.));
#9029=DIRECTION('center_axis',(0.,0.,1.));
#9030=DIRECTION('ref_axis',(-0.707106781186548,-0.707106781186548,0.));
#9031=DIRECTION('',(0.,0.707106781186555,0.70710678118654));
#9032=DIRECTION('center_axis',(1.02956882536642E-16,-0.707106781186555,
0.70710678118654));
#9033=DIRECTION('ref_axis',(1.,0.,-1.45603019622975E-16));
#9034=DIRECTION('',(0.,0.70710678118654,0.707106781186555));
#9035=DIRECTION('center_axis',(0.,0.,-1.));
#9036=DIRECTION('ref_axis',(0.707106781186547,-0.707106781186547,0.));
#9037=DIRECTION('center_axis',(0.,0.,1.));
#9038=DIRECTION('ref_axis',(0.707106781186548,-0.707106781186548,0.));
#9039=DIRECTION('center_axis',(0.,0.,1.));
#9040=DIRECTION('ref_axis',(0.707106781186548,-0.707106781186548,0.));
#9041=DIRECTION('center_axis',(0.,0.,-1.));
#9042=DIRECTION('ref_axis',(0.707106781186548,-0.707106781186548,0.));
#9043=DIRECTION('center_axis',(0.,0.,1.));
#9044=DIRECTION('ref_axis',(-0.707106781186548,-0.707106781186548,0.));
#9045=DIRECTION('',(0.,0.,-1.));
#9046=DIRECTION('center_axis',(0.,0.,-1.));
#9047=DIRECTION('ref_axis',(-0.707106781186548,-0.707106781186548,0.));
#9048=DIRECTION('center_axis',(-1.,-7.97083197166779E-16,0.));
#9049=DIRECTION('ref_axis',(7.97083197166779E-16,-1.,0.));
#9050=DIRECTION('',(0.,0.,1.));
#9051=DIRECTION('',(-7.97083197166779E-16,1.,0.));
#9052=DIRECTION('',(-7.97083197166779E-16,1.,0.));
#9053=DIRECTION('center_axis',(-1.,-7.97083197166779E-16,0.));
#9054=DIRECTION('ref_axis',(0.,0.,-1.));
#9055=DIRECTION('',(7.97083197166779E-16,-1.,-1.80231012235026E-16));
#9056=DIRECTION('center_axis',(-1.,-7.97083197166779E-16,0.));
#9057=DIRECTION('ref_axis',(0.,0.,1.));
#9058=DIRECTION('center_axis',(0.,0.,1.));
#9059=DIRECTION('ref_axis',(-0.707106781186548,0.707106781186548,0.));
#9060=DIRECTION('',(0.,0.,-1.));
#9061=DIRECTION('center_axis',(0.,0.,-1.));
#9062=DIRECTION('ref_axis',(-0.707106781186548,0.707106781186548,0.));
#9063=DIRECTION('center_axis',(-2.91206039245943E-16,1.,0.));
#9064=DIRECTION('ref_axis',(-1.,-2.91206039245943E-16,0.));
#9065=DIRECTION('',(0.,0.,1.));
#9066=DIRECTION('',(1.,2.91206039245943E-16,0.));
#9067=DIRECTION('center_axis',(0.,0.,-1.));
#9068=DIRECTION('ref_axis',(0.763762615825975,-0.645497224367901,0.));
#9069=DIRECTION('',(0.,0.,-1.));
#9070=DIRECTION('center_axis',(0.,0.,1.));
#9071=DIRECTION('ref_axis',(0.763762615825975,-0.645497224367901,0.));
#9072=DIRECTION('center_axis',(0.,0.,-1.));
#9073=DIRECTION('ref_axis',(-2.83276944882399E-16,1.,0.));
#9074=DIRECTION('',(0.,0.,1.));
#9075=DIRECTION('center_axis',(0.,0.,-1.));
#9076=DIRECTION('ref_axis',(-1.,0.,0.));
#9077=DIRECTION('center_axis',(0.,0.,1.));
#9078=DIRECTION('ref_axis',(-0.763762615825974,-0.645497224367902,0.));
#9079=DIRECTION('',(0.,0.,-1.));
#9080=DIRECTION('center_axis',(0.,0.,1.));
#9081=DIRECTION('ref_axis',(-0.763762615825974,-0.645497224367902,0.));
#9082=DIRECTION('center_axis',(-2.91206039245943E-16,1.,0.));
#9083=DIRECTION('ref_axis',(-1.,-2.91206039245943E-16,0.));
#9084=DIRECTION('',(0.,0.,1.));
#9085=DIRECTION('',(1.,2.91206039245943E-16,0.));
#9086=DIRECTION('center_axis',(0.,0.,1.));
#9087=DIRECTION('ref_axis',(0.707106781186548,0.707106781186548,0.));
#9088=DIRECTION('center_axis',(0.,0.,-1.));
#9089=DIRECTION('ref_axis',(0.707106781186548,0.707106781186548,0.));
#9090=DIRECTION('center_axis',(0.,1.,0.));
#9091=DIRECTION('ref_axis',(0.,0.,-1.));
#9092=DIRECTION('',(-1.,0.,0.));
#9093=DIRECTION('center_axis',(-1.02956882536641E-16,0.707106781186548,
0.707106781186548));
#9094=DIRECTION('ref_axis',(1.,0.,1.45603019622971E-16));
#9095=DIRECTION('',(-0.577350269189626,-0.577350269189626,0.577350269189626));
#9096=DIRECTION('center_axis',(0.707106781186548,5.63622933886483E-16,0.707106781186548));
#9097=DIRECTION('ref_axis',(0.707106781186548,0.,-0.707106781186548));
#9098=DIRECTION('',(-7.97083197166779E-16,1.,0.));
#9099=DIRECTION('',(-0.577350269189626,0.577350269189626,0.577350269189626));
#9100=DIRECTION('center_axis',(2.05913765073282E-16,-0.707106781186548,
0.707106781186548));
#9101=DIRECTION('ref_axis',(1.,0.,-2.91206039245943E-16));
#9102=DIRECTION('',(1.,2.91206039245943E-16,0.));
#9103=DIRECTION('center_axis',(-0.707106781186548,-5.63622933886483E-16,
-0.707106781186548));
#9104=DIRECTION('ref_axis',(-0.707106781186548,0.,0.707106781186548));
#9105=DIRECTION('',(-0.707106781186548,0.,0.707106781186548));
#9106=DIRECTION('',(0.707106781186548,0.,-0.707106781186548));
#9107=DIRECTION('',(7.97083197166779E-16,-1.,0.));
#9108=DIRECTION('center_axis',(-1.,0.,0.));
#9109=DIRECTION('ref_axis',(0.,0.,-1.));
#9110=DIRECTION('',(-0.707106781186493,0.,-0.707106781186602));
#9111=DIRECTION('center_axis',(1.,7.97083197166779E-16,0.));
#9112=DIRECTION('ref_axis',(0.,0.,-1.));
#9113=DIRECTION('center_axis',(-0.707106781186548,-6.91065504817986E-16,
0.707106781186547));
#9114=DIRECTION('ref_axis',(0.707106781186547,0.,0.707106781186548));
#9115=DIRECTION('',(-0.707106781186548,0.,-0.707106781186548));
#9116=DIRECTION('',(-7.97083197166779E-16,1.,1.80231012235026E-16));
#9117=DIRECTION('center_axis',(-1.,0.,0.));
#9118=DIRECTION('ref_axis',(0.,0.,1.));
#9119=DIRECTION('center_axis',(1.,7.97083197166779E-16,0.));
#9120=DIRECTION('ref_axis',(0.,0.,1.));
#9121=DIRECTION('center_axis',(1.,0.,0.));
#9122=DIRECTION('ref_axis',(0.,0.,-1.));
#9123=DIRECTION('',(1.,0.,0.));
#9124=DIRECTION('center_axis',(-1.,-7.97083197166779E-16,0.));
#9125=DIRECTION('ref_axis',(0.,0.,-1.));
#9126=DIRECTION('',(1.,0.,0.));
#9127=DIRECTION('center_axis',(0.,0.,1.));
#9128=DIRECTION('ref_axis',(0.,-1.,0.));
#9129=DIRECTION('',(1.,0.,0.));
#9130=DIRECTION('',(-7.97083197166779E-16,1.,0.));
#9131=DIRECTION('center_axis',(0.707106781186548,5.63622933886483E-16,-0.707106781186548));
#9132=DIRECTION('ref_axis',(-0.707106781186548,0.,-0.707106781186548));
#9133=DIRECTION('',(0.707106781186548,0.,0.707106781186548));
#9134=DIRECTION('',(7.97083197166779E-16,-1.,0.));
#9135=DIRECTION('',(-0.707106781186548,0.,-0.707106781186548));
#9136=DIRECTION('center_axis',(1.,0.,0.));
#9137=DIRECTION('ref_axis',(0.,0.,1.));
#9138=DIRECTION('',(0.707106781186595,0.,-0.7071067811865));
#9139=DIRECTION('center_axis',(1.,7.97083197166779E-16,0.));
#9140=DIRECTION('ref_axis',(0.,0.,1.));
#9141=DIRECTION('center_axis',(-1.,-7.97083197166779E-16,0.));
#9142=DIRECTION('ref_axis',(0.,0.,1.));
#9143=DIRECTION('center_axis',(0.707106781186548,4.36180362954981E-16,0.707106781186547));
#9144=DIRECTION('ref_axis',(0.707106781186547,0.,-0.707106781186548));
#9145=DIRECTION('',(0.707106781186547,0.,-0.707106781186548));
#9146=DIRECTION('',(-7.97083197166779E-16,1.,1.80231012235026E-16));
#9147=DIRECTION('',(7.97083197166779E-16,-1.,-1.80231012235026E-16));
#9148=DIRECTION('center_axis',(1.,0.,0.));
#9149=DIRECTION('ref_axis',(0.,0.,-1.));
#9150=DIRECTION('center_axis',(1.,7.97083197166779E-16,0.));
#9151=DIRECTION('ref_axis',(0.,0.,-1.));
#9152=DIRECTION('center_axis',(1.,0.,0.));
#9153=DIRECTION('ref_axis',(0.,0.,1.));
#9154=DIRECTION('',(1.,0.,0.));
#9155=DIRECTION('center_axis',(-1.,-7.97083197166779E-16,0.));
#9156=DIRECTION('ref_axis',(7.97083197166779E-16,-1.,0.));
#9157=DIRECTION('',(-7.97083197166779E-16,1.,0.));
#9158=DIRECTION('',(0.,0.,-1.));
#9159=DIRECTION('center_axis',(-0.707106781186547,-5.63622933886483E-16,
-0.707106781186548));
#9160=DIRECTION('ref_axis',(-0.707106781186548,0.,0.707106781186547));
#9161=DIRECTION('',(-0.707106781186548,7.85046229341887E-15,0.707106781186547));
#9162=DIRECTION('',(0.707106781186552,0.,-0.707106781186543));
#9163=DIRECTION('',(7.97083197166779E-16,-1.,0.));
#9164=DIRECTION('center_axis',(0.,0.,1.));
#9165=DIRECTION('ref_axis',(-0.707106781186548,-0.707106781186548,0.));
#9166=DIRECTION('',(0.,-0.707106781186548,0.707106781186547));
#9167=DIRECTION('center_axis',(0.,0.,1.));
#9168=DIRECTION('ref_axis',(-0.707106781186548,-0.707106781186548,0.));
#9169=DIRECTION('center_axis',(1.02956882536641E-16,-0.707106781186547,
-0.707106781186548));
#9170=DIRECTION('ref_axis',(-1.,0.,-1.45603019622971E-16));
#9171=DIRECTION('',(0.,-0.707106781186548,0.707106781186547));
#9172=DIRECTION('',(1.,1.45603019622971E-16,0.));
#9173=DIRECTION('center_axis',(0.,0.,1.));
#9174=DIRECTION('ref_axis',(0.707106781186548,-0.707106781186548,0.));
#9175=DIRECTION('',(0.707106781186548,0.,0.707106781186547));
#9176=DIRECTION('center_axis',(0.,0.,1.));
#9177=DIRECTION('ref_axis',(0.707106781186548,-0.707106781186548,0.));
#9178=DIRECTION('center_axis',(0.707106781186547,0.,-0.707106781186548));
#9179=DIRECTION('ref_axis',(-0.707106781186548,0.,-0.707106781186547));
#9180=DIRECTION('',(0.707106781186548,0.,0.707106781186547));
#9181=DIRECTION('',(0.,1.,0.));
#9182=DIRECTION('center_axis',(0.,0.,1.));
#9183=DIRECTION('ref_axis',(0.707106781186548,0.707106781186548,0.));
#9184=DIRECTION('',(0.,0.707106781186548,0.707106781186547));
#9185=DIRECTION('center_axis',(0.,0.,1.));
#9186=DIRECTION('ref_axis',(0.707106781186548,0.707106781186548,0.));
#9187=DIRECTION('center_axis',(-2.05913765073282E-16,0.707106781186547,
-0.707106781186548));
#9188=DIRECTION('ref_axis',(-1.,0.,2.91206039245942E-16));
#9189=DIRECTION('',(0.,0.707106781186548,0.707106781186548));
#9190=DIRECTION('',(-1.,-2.91206039245943E-16,0.));
#9191=DIRECTION('center_axis',(0.,0.,-1.));
#9192=DIRECTION('ref_axis',(-0.763762615825974,-0.645497224367902,0.));
#9193=DIRECTION('',(0.697216688778398,-0.117851130197745,0.707106781186548));
#9194=DIRECTION('center_axis',(0.,0.,-1.));
#9195=DIRECTION('ref_axis',(-0.763762615825974,-0.645497224367902,0.));
#9196=DIRECTION('center_axis',(0.,0.,1.));
#9197=DIRECTION('ref_axis',(-6.12323399573677E-17,1.,0.));
#9198=DIRECTION('',(-0.697216688778396,-0.117851130197761,0.707106781186548));
#9199=DIRECTION('center_axis',(0.,0.,1.));
#9200=DIRECTION('ref_axis',(-1.,0.,0.));
#9201=DIRECTION('center_axis',(0.,0.,-1.));
#9202=DIRECTION('ref_axis',(0.763762615825975,-0.645497224367901,0.));
#9203=DIRECTION('',(0.,0.707106781186548,0.707106781186548));
#9204=DIRECTION('center_axis',(0.,0.,-1.));
#9205=DIRECTION('ref_axis',(0.763762615825975,-0.645497224367901,0.));
#9206=DIRECTION('center_axis',(-2.05913765073282E-16,0.707106781186547,
-0.707106781186548));
#9207=DIRECTION('ref_axis',(-1.,0.,2.91206039245942E-16));
#9208=DIRECTION('',(0.,0.707106781186548,0.707106781186547));
#9209=DIRECTION('',(-1.,-2.91206039245943E-16,0.));
#9210=DIRECTION('center_axis',(0.,0.,1.));
#9211=DIRECTION('ref_axis',(-0.707106781186548,0.707106781186548,0.));
#9212=DIRECTION('center_axis',(0.,0.,1.));
#9213=DIRECTION('ref_axis',(-0.707106781186548,0.707106781186548,0.));
#9214=DIRECTION('center_axis',(0.,0.,1.));
#9215=DIRECTION('ref_axis',(1.,0.,0.));
#9216=DIRECTION('center_axis',(6.28036983473513E-16,-0.707106781186551,
-0.707106781186544));
#9217=DIRECTION('ref_axis',(-5.94089038420885E-16,0.707106781186544,-0.707106781186551));
#9218=DIRECTION('',(-6.45748954805305E-16,0.707106781186544,-0.707106781186551));
#9219=DIRECTION('',(1.,8.88178419700125E-16,0.));
#9220=DIRECTION('',(6.28036983473507E-16,-0.707106781186544,0.707106781186551));
#9221=DIRECTION('center_axis',(1.,8.88178419700125E-16,0.));
#9222=DIRECTION('ref_axis',(0.,0.,-1.));
#9223=DIRECTION('',(-6.2803698347351E-16,0.707106781186548,0.707106781186548));
#9224=DIRECTION('center_axis',(6.2803698347351E-16,-0.707106781186548,0.707106781186548));
#9225=DIRECTION('ref_axis',(-4.75271230736722E-16,0.707106781186548,0.707106781186548));
#9226=DIRECTION('',(6.45748954805308E-16,-0.707106781186548,-0.707106781186548));
#9227=DIRECTION('',(-1.,-8.88178419700125E-16,0.));
#9228=DIRECTION('',(6.2803698347351E-16,-0.707106781186548,-0.707106781186548));
#9229=DIRECTION('center_axis',(-1.,-8.88178419700125E-16,0.));
#9230=DIRECTION('ref_axis',(0.,0.,1.));
#9231=DIRECTION('',(-6.28036983473507E-16,0.707106781186544,-0.707106781186551));
#9232=DIRECTION('center_axis',(6.2803698347351E-16,-0.707106781186548,0.707106781186548));
#9233=DIRECTION('ref_axis',(4.75271230736722E-16,-0.707106781186548,-0.707106781186548));
#9234=DIRECTION('',(6.45748954805308E-16,-0.707106781186548,-0.707106781186548));
#9235=DIRECTION('center_axis',(-1.,-9.13226929773917E-16,0.));
#9236=DIRECTION('ref_axis',(9.13226929773917E-16,-1.,0.));
#9237=DIRECTION('center_axis',(6.28036983473513E-16,-0.707106781186551,
-0.707106781186544));
#9238=DIRECTION('ref_axis',(5.94089038420885E-16,-0.707106781186544,0.707106781186551));
#9239=DIRECTION('',(-6.45748954805305E-16,0.707106781186544,-0.707106781186551));
#9240=DIRECTION('center_axis',(-1.,-9.13226929773917E-16,0.));
#9241=DIRECTION('ref_axis',(9.13226929773917E-16,-1.,0.));
#9242=DIRECTION('center_axis',(0.,0.,-1.));
#9243=DIRECTION('ref_axis',(1.,0.,0.));
#9244=DIRECTION('center_axis',(0.,0.,-1.));
#9245=DIRECTION('ref_axis',(1.,0.,0.));
#9246=DIRECTION('center_axis',(0.,0.,-1.));
#9247=DIRECTION('ref_axis',(1.,0.,0.));
#9248=DIRECTION('center_axis',(0.,0.,-1.));
#9249=DIRECTION('ref_axis',(1.,0.,0.));
#9250=DIRECTION('',(0.,0.,-1.));
#9251=DIRECTION('center_axis',(0.,0.,-1.));
#9252=DIRECTION('ref_axis',(1.,0.,0.));
#9253=DIRECTION('',(0.,0.,-1.));
#9254=DIRECTION('center_axis',(0.,0.,-1.));
#9255=DIRECTION('ref_axis',(1.,0.,0.));
#9256=DIRECTION('center_axis',(0.,0.,-1.));
#9257=DIRECTION('ref_axis',(1.,0.,0.));
#9258=DIRECTION('center_axis',(0.,1.80231012235026E-16,-1.));
#9259=DIRECTION('ref_axis',(0.,1.,1.80231012235026E-16));
#9260=DIRECTION('center_axis',(-1.,0.,0.));
#9261=DIRECTION('ref_axis',(0.,1.,0.));
#9262=DIRECTION('',(-1.,0.,0.));
#9263=DIRECTION('center_axis',(0.,-1.,0.));
#9264=DIRECTION('ref_axis',(0.,0.,1.));
#9265=DIRECTION('center_axis',(0.,0.,1.));
#9266=DIRECTION('ref_axis',(-1.,0.,0.));
#9267=DIRECTION('center_axis',(0.,0.,-1.));
#9268=DIRECTION('ref_axis',(-1.,0.,0.));
#9269=DIRECTION('center_axis',(0.,0.,1.));
#9270=DIRECTION('ref_axis',(-1.,0.,0.));
#9271=DIRECTION('center_axis',(0.,0.,-1.));
#9272=DIRECTION('ref_axis',(-1.,0.,0.));
#9273=DIRECTION('center_axis',(0.,0.,1.));
#9274=DIRECTION('ref_axis',(-1.,0.,0.));
#9275=DIRECTION('center_axis',(0.,0.,-1.));
#9276=DIRECTION('ref_axis',(-1.,0.,0.));
#9277=DIRECTION('center_axis',(0.,0.,1.));
#9278=DIRECTION('ref_axis',(-1.,0.,0.));
#9279=DIRECTION('center_axis',(0.,0.,-1.));
#9280=DIRECTION('ref_axis',(-1.,0.,0.));
#9281=DIRECTION('center_axis',(0.,0.,1.));
#9282=DIRECTION('ref_axis',(-1.,0.,0.));
#9283=DIRECTION('',(0.,0.,-1.));
#9284=DIRECTION('center_axis',(0.,0.,1.));
#9285=DIRECTION('ref_axis',(1.,0.,0.));
#9286=DIRECTION('',(1.,2.91206039245943E-16,0.));
#9287=DIRECTION('center_axis',(0.,0.,1.));
#9288=DIRECTION('ref_axis',(-1.,0.,0.));
#9289=DIRECTION('',(0.,0.,-1.));
#9290=DIRECTION('center_axis',(0.,0.,1.));
#9291=DIRECTION('ref_axis',(-1.,0.,0.));
#9292=DIRECTION('',(0.,0.,-1.));
#9293=DIRECTION('center_axis',(0.,0.,1.));
#9294=DIRECTION('ref_axis',(-1.,0.,0.));
#9295=DIRECTION('',(0.,0.,-1.));
#9296=DIRECTION('center_axis',(-2.91206039245943E-16,1.,0.));
#9297=DIRECTION('ref_axis',(-1.,-2.91206039245943E-16,0.));
#9298=DIRECTION('axis',(0.,0.,1.));
#9299=DIRECTION('refdir',(1.,0.,0.));
#9300=DIRECTION('center_axis',(0.,0.,-1.));
#9301=DIRECTION('ref_axis',(1.,0.,0.));
#9302=DIRECTION('center_axis',(0.,0.,-1.));
#9303=DIRECTION('ref_axis',(1.,0.,0.));
#9304=DIRECTION('',(0.707106781186547,-8.65956056235493E-17,0.707106781186548));
#9305=DIRECTION('center_axis',(0.,0.,1.));
#9306=DIRECTION('ref_axis',(1.,0.,0.));
#9307=DIRECTION('center_axis',(0.,0.,1.));
#9308=DIRECTION('ref_axis',(-1.,0.,0.));
#9309=DIRECTION('',(8.4016877539201E-16,-1.,0.));
#9310=DIRECTION('center_axis',(0.,0.,1.));
#9311=DIRECTION('ref_axis',(-2.22044604925031E-15,1.,0.));
#9312=DIRECTION('',(-1.,-3.93279116809609E-16,0.));
#9313=DIRECTION('center_axis',(0.,0.,-1.));
#9314=DIRECTION('ref_axis',(5.55111512312578E-16,-1.,0.));
#9315=DIRECTION('center_axis',(0.,0.,1.));
#9316=DIRECTION('ref_axis',(-0.986013297183269,0.166666666666666,0.));
#9317=DIRECTION('center_axis',(0.,0.,-1.));
#9318=DIRECTION('ref_axis',(-0.98601329718327,0.166666666666666,0.));
#9319=DIRECTION('',(-1.,-3.93279116809609E-16,0.));
#9320=DIRECTION('center_axis',(0.,0.,1.));
#9321=DIRECTION('ref_axis',(1.,6.6613381477509E-15,0.));
#9322=DIRECTION('',(8.41396759852336E-17,1.,0.));
#9323=DIRECTION('center_axis',(0.,0.,1.));
#9324=DIRECTION('ref_axis',(0.,-1.,0.));
#9325=DIRECTION('',(1.,1.55820775385987E-16,0.));
#9326=DIRECTION('center_axis',(0.,0.,1.));
#9327=DIRECTION('ref_axis',(-1.,-4.4408920985006E-15,0.));
#9328=DIRECTION('',(-1.,-1.56921982279174E-16,0.));
#9329=DIRECTION('center_axis',(0.,0.,1.));
#9330=DIRECTION('ref_axis',(-0.707106781186548,0.707106781186548,0.));
#9331=DIRECTION('',(9.65411325761006E-16,-1.,0.));
#9332=DIRECTION('center_axis',(0.,0.,1.));
#9333=DIRECTION('ref_axis',(-0.707106781186548,-0.707106781186548,0.));
#9334=DIRECTION('',(1.,-1.56921982279174E-16,0.));
#9335=DIRECTION('center_axis',(0.,0.,1.));
#9336=DIRECTION('ref_axis',(0.707106781186549,-0.707106781186546,0.));
#9337=DIRECTION('',(0.,1.,0.));
#9338=DIRECTION('center_axis',(0.,0.,1.));
#9339=DIRECTION('ref_axis',(0.707106781186548,0.707106781186548,0.));
#9340=DIRECTION('center_axis',(0.,0.,-1.));
#9341=DIRECTION('ref_axis',(1.,0.,0.));
#9342=DIRECTION('center_axis',(0.,0.,-1.));
#9343=DIRECTION('ref_axis',(-1.,0.,0.));
#9344=DIRECTION('center_axis',(0.,0.,-1.));
#9345=DIRECTION('ref_axis',(-1.,0.,0.));
#9346=DIRECTION('',(0.,0.,-1.));
#9347=DIRECTION('center_axis',(-0.707106781186548,-5.94089038420888E-16,
-0.707106781186548));
#9348=DIRECTION('ref_axis',(-0.707106781186548,0.,0.707106781186548));
#9349=DIRECTION('',(-0.707106781186548,-1.57009245868377E-14,0.707106781186548));
#9350=DIRECTION('',(-8.4016877539201E-16,1.,0.));
#9351=DIRECTION('',(0.707106781186548,0.,-0.707106781186548));
#9352=DIRECTION('center_axis',(0.,0.,1.));
#9353=DIRECTION('ref_axis',(-1.,-4.4408920985006E-15,0.));
#9354=DIRECTION('',(0.,-0.707106781186548,0.707106781186548));
#9355=DIRECTION('center_axis',(0.,0.,-1.));
#9356=DIRECTION('ref_axis',(-1.,-4.4408920985006E-15,0.));
#9357=DIRECTION('center_axis',(1.10181926925179E-16,-0.707106781186555,
-0.70710678118654));
#9358=DIRECTION('ref_axis',(-1.,0.,-1.5582077538599E-16));
#9359=DIRECTION('',(-1.57009245868377E-14,-0.707106781186548,0.707106781186548));
#9360=DIRECTION('',(-1.,-1.55820775385987E-16,0.));
#9361=DIRECTION('center_axis',(0.,0.,1.));
#9362=DIRECTION('ref_axis',(0.,-1.,0.));
#9363=DIRECTION('',(0.707106781186548,0.,0.707106781186548));
#9364=DIRECTION('center_axis',(0.,0.,-1.));
#9365=DIRECTION('ref_axis',(0.,-1.,0.));
#9366=DIRECTION('center_axis',(0.707106781186548,-5.94957354559976E-17,
-0.707106781186548));
#9367=DIRECTION('ref_axis',(-0.707106781186548,0.,-0.707106781186548));
#9368=DIRECTION('',(0.707106781186548,0.,0.707106781186548));
#9369=DIRECTION('',(-8.41396759852336E-17,-1.,0.));
#9370=DIRECTION('center_axis',(0.,0.,1.));
#9371=DIRECTION('ref_axis',(1.,6.6613381477509E-15,0.));
#9372=DIRECTION('',(0.,0.707106781186548,0.707106781186548));
#9373=DIRECTION('center_axis',(0.,0.,-1.));
#9374=DIRECTION('ref_axis',(1.,6.6613381477509E-15,0.));
#9375=DIRECTION('center_axis',(-2.78090330395128E-16,0.70710678118654,-0.707106781186555));
#9376=DIRECTION('ref_axis',(-1.,0.,3.932791168096E-16));
#9377=DIRECTION('',(0.,0.707106781186555,0.70710678118654));
#9378=DIRECTION('',(1.,3.93279116809609E-16,0.));
#9379=DIRECTION('center_axis',(0.,0.,-1.));
#9380=DIRECTION('ref_axis',(-0.986013297183269,0.166666666666666,0.));
#9381=DIRECTION('',(0.697216688778399,-0.117851130197745,0.707106781186547));
#9382=DIRECTION('center_axis',(0.,0.,1.));
#9383=DIRECTION('ref_axis',(-0.986013297183269,0.166666666666666,0.));
#9384=DIRECTION('center_axis',(0.,0.,1.));
#9385=DIRECTION('ref_axis',(-0.986013297183269,0.166666666666666,0.));
#9386=DIRECTION('',(-0.697216688778382,-0.117851130197778,0.707106781186558));
#9387=DIRECTION('center_axis',(0.,0.,-1.));
#9388=DIRECTION('ref_axis',(-0.98601329718327,0.166666666666666,0.));
#9389=DIRECTION('center_axis',(0.,0.,-1.));
#9390=DIRECTION('ref_axis',(5.55111512312578E-16,-1.,0.));
#9391=DIRECTION('',(0.,0.707106781186548,0.707106781186548));
#9392=DIRECTION('center_axis',(0.,0.,1.));
#9393=DIRECTION('ref_axis',(5.55111512312578E-16,-1.,0.));
#9394=DIRECTION('center_axis',(-2.78090330395134E-16,0.707106781186555,
-0.70710678118654));
#9395=DIRECTION('ref_axis',(-1.,0.,3.93279116809617E-16));
#9396=DIRECTION('',(0.,0.70710678118654,0.707106781186555));
#9397=DIRECTION('',(1.,3.93279116809609E-16,0.));
#9398=DIRECTION('center_axis',(0.,0.,1.));
#9399=DIRECTION('ref_axis',(-2.22044604925031E-15,1.,0.));
#9400=DIRECTION('center_axis',(0.,0.,-1.));
#9401=DIRECTION('ref_axis',(-2.22044604925031E-15,1.,0.));
#9402=DIRECTION('center_axis',(0.,0.,1.));
#9403=DIRECTION('ref_axis',(-0.98601329718327,0.166666666666666,0.));
#9404=DIRECTION('',(0.,0.,1.));
#9405=DIRECTION('center_axis',(0.,0.,-1.));
#9406=DIRECTION('ref_axis',(-0.98601329718327,0.166666666666666,0.));
#9407=DIRECTION('',(0.,0.,1.));
#9408=DIRECTION('center_axis',(0.,0.,1.));
#9409=DIRECTION('ref_axis',(1.04083408558608E-16,1.,0.));
#9410=DIRECTION('',(0.,0.,1.));
#9411=DIRECTION('center_axis',(0.,0.,1.));
#9412=DIRECTION('ref_axis',(-0.98601329718327,0.166666666666666,0.));
#9413=DIRECTION('center_axis',(0.,0.,1.));
#9414=DIRECTION('ref_axis',(5.55111512312578E-16,-1.,0.));
#9415=DIRECTION('',(0.,0.,1.));
#9416=DIRECTION('center_axis',(0.,0.,-1.));
#9417=DIRECTION('ref_axis',(5.55111512312578E-16,-1.,0.));
#9418=DIRECTION('center_axis',(-3.93279116809609E-16,1.,0.));
#9419=DIRECTION('ref_axis',(-1.,-3.93279116809609E-16,0.));
#9420=DIRECTION('',(0.,0.,1.));
#9421=DIRECTION('',(-1.,-3.93279116809609E-16,0.));
#9422=DIRECTION('center_axis',(0.,0.,1.));
#9423=DIRECTION('ref_axis',(-2.22044604925031E-15,1.,0.));
#9424=DIRECTION('',(0.,0.,1.));
#9425=DIRECTION('center_axis',(0.,0.,1.));
#9426=DIRECTION('ref_axis',(-2.22044604925031E-15,1.,0.));
#9427=DIRECTION('center_axis',(-1.,-8.4016877539201E-16,0.));
#9428=DIRECTION('ref_axis',(8.4016877539201E-16,-1.,0.));
#9429=DIRECTION('',(0.,0.,1.));
#9430=DIRECTION('',(8.4016877539201E-16,-1.,0.));
#9431=DIRECTION('center_axis',(0.,0.,-1.));
#9432=DIRECTION('ref_axis',(1.,6.6613381477509E-15,0.));
#9433=DIRECTION('',(0.,-0.707106781186548,0.707106781186548));
#9434=DIRECTION('center_axis',(0.,0.,-1.));
#9435=DIRECTION('ref_axis',(1.,6.6613381477509E-15,0.));
#9436=DIRECTION('',(0.707106781186548,7.85046229341887E-15,-0.707106781186548));
#9437=DIRECTION('center_axis',(0.,0.,1.));
#9438=DIRECTION('ref_axis',(1.,6.6613381477509E-15,0.));
#9439=DIRECTION('center_axis',(-2.78090330395129E-16,0.707106781186544,
0.707106781186551));
#9440=DIRECTION('ref_axis',(1.,0.,3.93279116809605E-16));
#9441=DIRECTION('',(0.,-0.707106781186551,0.707106781186544));
#9442=DIRECTION('',(1.,3.93279116809609E-16,0.));
#9443=DIRECTION('',(-1.,-3.93279116809609E-16,0.));
#9444=DIRECTION('center_axis',(0.,0.,1.));
#9445=DIRECTION('ref_axis',(-0.98601329718327,0.166666666666666,0.));
#9446=DIRECTION('',(-0.697216688778398,0.11785113019776,0.707106781186546));
#9447=DIRECTION('center_axis',(0.,0.,1.));
#9448=DIRECTION('ref_axis',(-0.986013297183269,0.166666666666666,0.));
#9449=DIRECTION('center_axis',(0.,0.,-1.));
#9450=DIRECTION('ref_axis',(-0.986013297183269,0.166666666666666,0.));
#9451=DIRECTION('',(0.697216688778394,0.117851130197761,0.70710678118655));
#9452=DIRECTION('center_axis',(0.,0.,-1.));
#9453=DIRECTION('ref_axis',(-0.986013297183269,0.166666666666666,0.));
#9454=DIRECTION('center_axis',(0.,0.,1.));
#9455=DIRECTION('ref_axis',(5.55111512312578E-16,-1.,0.));
#9456=DIRECTION('',(0.,-0.707106781186548,0.707106781186548));
#9457=DIRECTION('center_axis',(0.,0.,1.));
#9458=DIRECTION('ref_axis',(5.55111512312578E-16,-1.,0.));
#9459=DIRECTION('center_axis',(-2.78090330395131E-16,0.707106781186548,
0.707106781186548));
#9460=DIRECTION('ref_axis',(1.,0.,3.93279116809609E-16));
#9461=DIRECTION('',(0.,-0.707106781186548,0.707106781186548));
#9462=DIRECTION('',(1.,3.93279116809609E-16,0.));
#9463=DIRECTION('center_axis',(0.,0.,-1.));
#9464=DIRECTION('ref_axis',(-2.22044604925031E-15,1.,0.));
#9465=DIRECTION('',(0.707106781186548,0.,0.707106781186548));
#9466=DIRECTION('center_axis',(0.,0.,-1.));
#9467=DIRECTION('ref_axis',(-2.22044604925031E-15,1.,0.));
#9468=DIRECTION('center_axis',(-0.707106781186548,-5.94089038420888E-16,
0.707106781186548));
#9469=DIRECTION('ref_axis',(0.707106781186548,0.,0.707106781186548));
#9470=DIRECTION('',(0.707106781186548,7.85046229341887E-15,0.707106781186548));
#9471=DIRECTION('',(-8.4016877539201E-16,1.,0.));
#9472=DIRECTION('center_axis',(0.,0.,-1.));
#9473=DIRECTION('ref_axis',(-1.,-4.4408920985006E-15,0.));
#9474=DIRECTION('',(7.85046229341887E-15,0.707106781186548,0.707106781186548));
#9475=DIRECTION('center_axis',(0.,0.,-1.));
#9476=DIRECTION('ref_axis',(-1.,-4.4408920985006E-15,0.));
#9477=DIRECTION('center_axis',(0.,0.,1.));
#9478=DIRECTION('ref_axis',(-1.,-4.4408920985006E-15,0.));
#9479=DIRECTION('center_axis',(1.10181926925179E-16,-0.707106781186555,
0.70710678118654));
#9480=DIRECTION('ref_axis',(1.,0.,-1.5582077538599E-16));
#9481=DIRECTION('',(7.85046229341891E-15,0.707106781186544,0.707106781186551));
#9482=DIRECTION('',(-1.,-1.55820775385987E-16,0.));
#9483=DIRECTION('',(1.,1.55820775385987E-16,0.));
#9484=DIRECTION('center_axis',(0.,0.,-1.));
#9485=DIRECTION('ref_axis',(0.,-1.,0.));
#9486=DIRECTION('',(-0.707106781186548,0.,0.707106781186548));
#9487=DIRECTION('center_axis',(0.,0.,-1.));
#9488=DIRECTION('ref_axis',(0.,-1.,0.));
#9489=DIRECTION('center_axis',(0.,0.,1.));
#9490=DIRECTION('ref_axis',(0.,-1.,0.));
#9491=DIRECTION('center_axis',(0.707106781186551,-5.94957354559979E-17,
0.707106781186544));
#9492=DIRECTION('ref_axis',(0.707106781186544,0.,-0.707106781186551));
#9493=DIRECTION('',(-8.41396759852336E-17,-1.,0.));
#9494=DIRECTION('',(8.41396759852336E-17,1.,0.));
#9495=DIRECTION('center_axis',(-3.93279116809609E-16,1.,0.));
#9496=DIRECTION('ref_axis',(-1.,-3.93279116809609E-16,0.));
#9497=DIRECTION('',(0.,0.,1.));
#9498=DIRECTION('center_axis',(0.,0.,1.));
#9499=DIRECTION('ref_axis',(1.,6.6613381477509E-15,0.));
#9500=DIRECTION('',(0.,0.,1.));
#9501=DIRECTION('center_axis',(0.,0.,1.));
#9502=DIRECTION('ref_axis',(-1.,0.,0.));
#9503=DIRECTION('',(1.,-2.22044604925032E-15,0.));
#9504=DIRECTION('',(0.,-1.,0.));
#9505=DIRECTION('',(-1.,0.,0.));
#9506=DIRECTION('',(6.93889390390723E-17,1.,0.));
#9507=DIRECTION('',(1.,-2.22044604925032E-15,0.));
#9508=DIRECTION('',(0.,-1.,0.));
#9509=DIRECTION('',(-1.,0.,0.));
#9510=DIRECTION('',(1.21430643318376E-16,1.,0.));
#9511=DIRECTION('',(1.,-2.22044604925032E-15,0.));
#9512=DIRECTION('',(0.,-1.,0.));
#9513=DIRECTION('',(-1.,0.,0.));
#9514=DIRECTION('',(1.04083408558608E-16,1.,0.));
#9515=DIRECTION('',(1.,-2.22044604925032E-15,0.));
#9516=DIRECTION('',(0.,-1.,0.));
#9517=DIRECTION('',(-1.,0.,0.));
#9518=DIRECTION('',(1.04083408558608E-16,1.,0.));
#9519=DIRECTION('',(1.,-2.22044604925032E-15,0.));
#9520=DIRECTION('',(0.,-1.,0.));
#9521=DIRECTION('',(-1.,0.,0.));
#9522=DIRECTION('',(1.21430643318376E-16,1.,0.));
#9523=DIRECTION('',(1.,-2.22044604925032E-15,0.));
#9524=DIRECTION('',(0.,-1.,0.));
#9525=DIRECTION('',(-1.,0.,0.));
#9526=DIRECTION('',(1.04083408558608E-16,1.,0.));
#9527=DIRECTION('',(1.,-2.22044604925032E-15,0.));
#9528=DIRECTION('',(0.,-1.,0.));
#9529=DIRECTION('',(-1.,0.,0.));
#9530=DIRECTION('',(1.04083408558608E-16,1.,0.));
#9531=DIRECTION('center_axis',(0.,0.,1.));
#9532=DIRECTION('ref_axis',(-1.,0.,0.));
#9533=DIRECTION('',(0.,-1.,0.));
#9534=DIRECTION('',(-1.,0.,0.));
#9535=DIRECTION('',(1.21430643318376E-16,1.,0.));
#9536=DIRECTION('',(1.,-2.22044604925032E-15,0.));
#9537=DIRECTION('',(1.,-2.22044604925032E-15,0.));
#9538=DIRECTION('',(0.,-1.,0.));
#9539=DIRECTION('',(-1.,0.,0.));
#9540=DIRECTION('',(1.04083408558608E-16,1.,0.));
#9541=DIRECTION('',(1.,-2.22044604925032E-15,0.));
#9542=DIRECTION('',(0.,-1.,0.));
#9543=DIRECTION('',(-1.,0.,0.));
#9544=DIRECTION('',(1.21430643318376E-16,1.,0.));
#9545=DIRECTION('',(1.,-2.22044604925032E-15,0.));
#9546=DIRECTION('',(0.,-1.,0.));
#9547=DIRECTION('',(-1.,0.,0.));
#9548=DIRECTION('',(1.21430643318376E-16,1.,0.));
#9549=DIRECTION('',(1.,-2.22044604925032E-15,0.));
#9550=DIRECTION('',(0.,-1.,0.));
#9551=DIRECTION('',(-1.,0.,0.));
#9552=DIRECTION('',(6.93889390390723E-17,1.,0.));
#9553=DIRECTION('',(1.,-2.22044604925032E-15,0.));
#9554=DIRECTION('',(0.,-1.,0.));
#9555=DIRECTION('',(-1.,0.,0.));
#9556=DIRECTION('',(1.21430643318376E-16,1.,0.));
#9557=DIRECTION('center_axis',(1.57009245868378E-15,0.707106781186548,0.707106781186548));
#9558=DIRECTION('ref_axis',(1.,0.,-2.22044604925032E-15));
#9559=DIRECTION('',(-0.577350269189626,0.577350269189626,-0.577350269189626));
#9560=DIRECTION('',(-1.,2.22044604925032E-15,0.));
#9561=DIRECTION('',(-0.577350269189624,-0.57735026918963,0.577350269189624));
#9562=DIRECTION('center_axis',(-0.707106781186548,4.9065389333868E-17,0.707106781186548));
#9563=DIRECTION('ref_axis',(0.707106781186548,0.,0.707106781186548));
#9564=DIRECTION('',(-6.93889390390723E-17,-1.,0.));
#9565=DIRECTION('',(0.577350269189626,0.577350269189626,0.577350269189626));
#9566=DIRECTION('center_axis',(0.707106781186548,0.,0.707106781186548));
#9567=DIRECTION('ref_axis',(0.707106781186548,0.,-0.707106781186548));
#9568=DIRECTION('',(0.,1.,0.));
#9569=DIRECTION('',(-0.577350269189626,0.577350269189626,0.577350269189626));
#9570=DIRECTION('center_axis',(0.,-0.707106781186548,0.707106781186548));
#9571=DIRECTION('ref_axis',(1.,0.,0.));
#9572=DIRECTION('',(1.,0.,0.));
#9573=DIRECTION('center_axis',(-1.,0.,0.));
#9574=DIRECTION('ref_axis',(0.,-1.,0.));
#9575=DIRECTION('',(0.,0.,1.));
#9576=DIRECTION('',(0.,-1.,0.));
#9577=DIRECTION('',(0.,0.,1.));
#9578=DIRECTION('center_axis',(-2.22044604925032E-15,-1.,0.));
#9579=DIRECTION('ref_axis',(1.,-2.22044604925032E-15,0.));
#9580=DIRECTION('',(0.,0.,1.));
#9581=DIRECTION('',(1.,-2.22044604925032E-15,0.));
#9582=DIRECTION('center_axis',(1.57009245868379E-15,0.707106781186551,0.707106781186544));
#9583=DIRECTION('ref_axis',(1.,0.,-2.22044604925035E-15));
#9584=DIRECTION('',(-0.577350269189628,0.577350269189622,-0.577350269189628));
#9585=DIRECTION('',(-1.,2.22044604925032E-15,0.));
#9586=DIRECTION('',(-0.577350269189628,-0.577350269189622,0.577350269189628));
#9587=DIRECTION('center_axis',(-0.707106781186548,8.5864431334269E-17,0.707106781186548));
#9588=DIRECTION('ref_axis',(0.707106781186548,0.,0.707106781186548));
#9589=DIRECTION('',(-1.21430643318376E-16,-1.,0.));
#9590=DIRECTION('',(0.577350269189626,0.577350269189626,0.577350269189626));
#9591=DIRECTION('center_axis',(0.707106781186548,0.,0.707106781186548));
#9592=DIRECTION('ref_axis',(0.707106781186548,0.,-0.707106781186548));
#9593=DIRECTION('',(0.,1.,0.));
#9594=DIRECTION('',(-0.577350269189626,0.577350269189626,0.577350269189626));
#9595=DIRECTION('center_axis',(0.,-0.707106781186548,0.707106781186548));
#9596=DIRECTION('ref_axis',(1.,0.,0.));
#9597=DIRECTION('',(1.,0.,0.));
#9598=DIRECTION('center_axis',(-1.,0.,0.));
#9599=DIRECTION('ref_axis',(0.,-1.,0.));
#9600=DIRECTION('',(0.,0.,1.));
#9601=DIRECTION('',(0.,-1.,0.));
#9602=DIRECTION('',(0.,0.,1.));
#9603=DIRECTION('center_axis',(-2.22044604925032E-15,-1.,0.));
#9604=DIRECTION('ref_axis',(1.,-2.22044604925032E-15,0.));
#9605=DIRECTION('',(0.,0.,1.));
#9606=DIRECTION('',(1.,-2.22044604925032E-15,0.));
#9607=DIRECTION('center_axis',(1.57009245868377E-15,0.707106781186544,0.707106781186551));
#9608=DIRECTION('ref_axis',(1.,0.,-2.2204460492503E-15));
#9609=DIRECTION('',(-0.577350269189624,0.57735026918963,-0.577350269189624));
#9610=DIRECTION('',(-1.,2.22044604925032E-15,0.));
#9611=DIRECTION('',(-0.577350269189624,-0.57735026918963,0.577350269189624));
#9612=DIRECTION('center_axis',(-0.707106781186548,8.5864431334269E-17,0.707106781186548));
#9613=DIRECTION('ref_axis',(0.707106781186548,0.,0.707106781186548));
#9614=DIRECTION('',(-1.21430643318376E-16,-1.,0.));
#9615=DIRECTION('',(0.577350269189626,0.577350269189626,0.577350269189626));
#9616=DIRECTION('center_axis',(0.707106781186548,0.,0.707106781186548));
#9617=DIRECTION('ref_axis',(0.707106781186548,0.,-0.707106781186548));
#9618=DIRECTION('',(0.,1.,0.));
#9619=DIRECTION('',(-0.577350269189626,0.577350269189626,0.577350269189626));
#9620=DIRECTION('center_axis',(0.,-0.707106781186548,0.707106781186548));
#9621=DIRECTION('ref_axis',(1.,0.,0.));
#9622=DIRECTION('',(1.,0.,0.));
#9623=DIRECTION('center_axis',(-1.,0.,0.));
#9624=DIRECTION('ref_axis',(0.,-1.,0.));
#9625=DIRECTION('',(0.,0.,1.));
#9626=DIRECTION('',(0.,-1.,0.));
#9627=DIRECTION('',(0.,0.,1.));
#9628=DIRECTION('center_axis',(-2.22044604925032E-15,-1.,0.));
#9629=DIRECTION('ref_axis',(1.,-2.22044604925032E-15,0.));
#9630=DIRECTION('',(0.,0.,1.));
#9631=DIRECTION('',(1.,-2.22044604925032E-15,0.));
#9632=DIRECTION('center_axis',(1.57009245868378E-15,0.707106781186548,0.707106781186548));
#9633=DIRECTION('ref_axis',(1.,0.,-2.22044604925032E-15));
#9634=DIRECTION('',(-0.577350269189626,0.577350269189626,-0.577350269189626));
#9635=DIRECTION('',(-1.,2.22044604925032E-15,0.));
#9636=DIRECTION('',(-0.577350269189624,-0.57735026918963,0.577350269189624));
#9637=DIRECTION('center_axis',(-0.707106781186548,4.9065389333868E-17,0.707106781186548));
#9638=DIRECTION('ref_axis',(0.707106781186548,0.,0.707106781186548));
#9639=DIRECTION('',(-6.93889390390723E-17,-1.,0.));
#9640=DIRECTION('',(0.577350269189626,0.577350269189626,0.577350269189626));
#9641=DIRECTION('center_axis',(0.707106781186548,0.,0.707106781186548));
#9642=DIRECTION('ref_axis',(0.707106781186548,0.,-0.707106781186548));
#9643=DIRECTION('',(0.,1.,0.));
#9644=DIRECTION('',(-0.577350269189626,0.577350269189626,0.577350269189626));
#9645=DIRECTION('center_axis',(0.,-0.707106781186548,0.707106781186548));
#9646=DIRECTION('ref_axis',(1.,0.,0.));
#9647=DIRECTION('',(1.,0.,0.));
#9648=DIRECTION('center_axis',(-1.,0.,0.));
#9649=DIRECTION('ref_axis',(0.,-1.,0.));
#9650=DIRECTION('',(0.,0.,1.));
#9651=DIRECTION('',(0.,-1.,0.));
#9652=DIRECTION('',(0.,0.,1.));
#9653=DIRECTION('center_axis',(-2.22044604925032E-15,-1.,0.));
#9654=DIRECTION('ref_axis',(1.,-2.22044604925032E-15,0.));
#9655=DIRECTION('',(0.,0.,1.));
#9656=DIRECTION('',(1.,-2.22044604925032E-15,0.));
#9657=DIRECTION('center_axis',(1.57009245868378E-15,0.707106781186548,0.707106781186548));
#9658=DIRECTION('ref_axis',(1.,0.,-2.22044604925032E-15));
#9659=DIRECTION('',(-0.577350269189628,0.577350269189625,-0.577350269189625));
#9660=DIRECTION('',(-1.,2.22044604925032E-15,0.));
#9661=DIRECTION('',(-0.577350269189628,-0.577350269189622,0.577350269189628));
#9662=DIRECTION('center_axis',(-0.707106781186546,7.35980840008017E-17,
0.707106781186549));
#9663=DIRECTION('ref_axis',(0.707106781186549,0.,0.707106781186546));
#9664=DIRECTION('',(-1.04083408558608E-16,-1.,0.));
#9665=DIRECTION('',(0.577350269189628,0.577350269189625,0.577350269189625));
#9666=DIRECTION('center_axis',(0.707106781186548,0.,0.707106781186548));
#9667=DIRECTION('ref_axis',(0.707106781186548,0.,-0.707106781186548));
#9668=DIRECTION('',(0.,1.,0.));
#9669=DIRECTION('',(-0.577350269189626,0.577350269189626,0.577350269189626));
#9670=DIRECTION('center_axis',(0.,-0.707106781186548,0.707106781186548));
#9671=DIRECTION('ref_axis',(1.,0.,0.));
#9672=DIRECTION('',(1.,0.,0.));
#9673=DIRECTION('center_axis',(-1.,0.,0.));
#9674=DIRECTION('ref_axis',(0.,-1.,0.));
#9675=DIRECTION('',(0.,0.,1.));
#9676=DIRECTION('',(0.,-1.,0.));
#9677=DIRECTION('',(0.,0.,1.));
#9678=DIRECTION('center_axis',(-2.22044604925032E-15,-1.,0.));
#9679=DIRECTION('ref_axis',(1.,-2.22044604925032E-15,0.));
#9680=DIRECTION('',(0.,0.,1.));
#9681=DIRECTION('',(1.,-2.22044604925032E-15,0.));
#9682=DIRECTION('center_axis',(1.57009245868378E-15,0.707106781186548,0.707106781186548));
#9683=DIRECTION('ref_axis',(1.,0.,-2.22044604925032E-15));
#9684=DIRECTION('',(-0.577350269189626,0.577350269189626,-0.577350269189626));
#9685=DIRECTION('',(-1.,2.22044604925032E-15,0.));
#9686=DIRECTION('',(-0.577350269189623,-0.57735026918963,0.577350269189624));
#9687=DIRECTION('center_axis',(-0.707106781186548,8.5864431334269E-17,0.707106781186547));
#9688=DIRECTION('ref_axis',(0.707106781186547,0.,0.707106781186548));
#9689=DIRECTION('',(-1.21430643318376E-16,-1.,0.));
#9690=DIRECTION('',(0.577350269189626,0.577350269189626,0.577350269189626));
#9691=DIRECTION('center_axis',(0.707106781186548,0.,0.707106781186547));
#9692=DIRECTION('ref_axis',(0.707106781186547,0.,-0.707106781186548));
#9693=DIRECTION('',(0.,1.,0.));
#9694=DIRECTION('',(-0.577350269189625,0.577350269189626,0.577350269189626));
#9695=DIRECTION('center_axis',(0.,-0.707106781186548,0.707106781186548));
#9696=DIRECTION('ref_axis',(1.,0.,0.));
#9697=DIRECTION('',(1.,0.,0.));
#9698=DIRECTION('center_axis',(-1.,0.,0.));
#9699=DIRECTION('ref_axis',(0.,-1.,0.));
#9700=DIRECTION('',(0.,0.,1.));
#9701=DIRECTION('',(0.,-1.,0.));
#9702=DIRECTION('',(0.,0.,1.));
#9703=DIRECTION('center_axis',(-2.22044604925032E-15,-1.,0.));
#9704=DIRECTION('ref_axis',(1.,-2.22044604925032E-15,0.));
#9705=DIRECTION('',(0.,0.,1.));
#9706=DIRECTION('',(1.,-2.22044604925032E-15,0.));
#9707=DIRECTION('center_axis',(1.57009245868378E-15,0.707106781186548,0.707106781186548));
#9708=DIRECTION('ref_axis',(1.,0.,-2.22044604925032E-15));
#9709=DIRECTION('',(-0.577350269189628,0.577350269189625,-0.577350269189625));
#9710=DIRECTION('',(-1.,2.22044604925032E-15,0.));
#9711=DIRECTION('',(-0.577350269189624,-0.57735026918963,0.577350269189624));
#9712=DIRECTION('center_axis',(-0.707106781186546,7.35980840008017E-17,
0.707106781186549));
#9713=DIRECTION('ref_axis',(0.707106781186549,0.,0.707106781186546));
#9714=DIRECTION('',(-1.04083408558608E-16,-1.,0.));
#9715=DIRECTION('',(0.577350269189628,0.577350269189625,0.577350269189625));
#9716=DIRECTION('center_axis',(0.707106781186548,0.,0.707106781186548));
#9717=DIRECTION('ref_axis',(0.707106781186548,0.,-0.707106781186548));
#9718=DIRECTION('',(0.,1.,0.));
#9719=DIRECTION('',(-0.577350269189626,0.577350269189626,0.577350269189626));
#9720=DIRECTION('center_axis',(0.,-0.707106781186548,0.707106781186548));
#9721=DIRECTION('ref_axis',(1.,0.,0.));
#9722=DIRECTION('',(1.,0.,0.));
#9723=DIRECTION('center_axis',(-1.,0.,0.));
#9724=DIRECTION('ref_axis',(0.,-1.,0.));
#9725=DIRECTION('',(0.,0.,1.));
#9726=DIRECTION('',(0.,-1.,0.));
#9727=DIRECTION('',(0.,0.,1.));
#9728=DIRECTION('center_axis',(-2.22044604925032E-15,-1.,0.));
#9729=DIRECTION('ref_axis',(1.,-2.22044604925032E-15,0.));
#9730=DIRECTION('',(0.,0.,1.));
#9731=DIRECTION('',(1.,-2.22044604925032E-15,0.));
#9732=DIRECTION('center_axis',(1.57009245868378E-15,0.707106781186548,0.707106781186548));
#9733=DIRECTION('ref_axis',(1.,0.,-2.22044604925032E-15));
#9734=DIRECTION('',(-0.577350269189626,0.577350269189626,-0.577350269189626));
#9735=DIRECTION('',(-1.,2.22044604925032E-15,0.));
#9736=DIRECTION('',(-0.577350269189624,-0.57735026918963,0.577350269189624));
#9737=DIRECTION('center_axis',(-0.707106781186548,8.5864431334269E-17,0.707106781186548));
#9738=DIRECTION('ref_axis',(0.707106781186548,0.,0.707106781186548));
#9739=DIRECTION('',(-1.21430643318376E-16,-1.,0.));
#9740=DIRECTION('',(0.577350269189626,0.577350269189626,0.577350269189626));
#9741=DIRECTION('center_axis',(0.707106781186548,0.,0.707106781186548));
#9742=DIRECTION('ref_axis',(0.707106781186548,0.,-0.707106781186548));
#9743=DIRECTION('',(0.,1.,0.));
#9744=DIRECTION('',(-0.577350269189626,0.577350269189626,0.577350269189626));
#9745=DIRECTION('center_axis',(0.,-0.707106781186548,0.707106781186548));
#9746=DIRECTION('ref_axis',(1.,0.,0.));
#9747=DIRECTION('',(1.,0.,0.));
#9748=DIRECTION('center_axis',(-1.,0.,0.));
#9749=DIRECTION('ref_axis',(0.,-1.,0.));
#9750=DIRECTION('',(0.,0.,1.));
#9751=DIRECTION('',(0.,-1.,0.));
#9752=DIRECTION('',(0.,0.,1.));
#9753=DIRECTION('center_axis',(-2.22044604925032E-15,-1.,0.));
#9754=DIRECTION('ref_axis',(1.,-2.22044604925032E-15,0.));
#9755=DIRECTION('',(0.,0.,1.));
#9756=DIRECTION('',(1.,-2.22044604925032E-15,0.));
#9757=DIRECTION('center_axis',(1.57009245868378E-15,0.707106781186548,0.707106781186548));
#9758=DIRECTION('ref_axis',(1.,0.,-2.22044604925032E-15));
#9759=DIRECTION('',(-0.577350269189626,0.577350269189626,-0.577350269189626));
#9760=DIRECTION('',(-1.,2.22044604925032E-15,0.));
#9761=DIRECTION('',(-0.577350269189628,-0.577350269189622,0.577350269189628));
#9762=DIRECTION('center_axis',(-0.707106781186548,8.5864431334269E-17,0.707106781186548));
#9763=DIRECTION('ref_axis',(0.707106781186548,0.,0.707106781186548));
#9764=DIRECTION('',(-1.21430643318376E-16,-1.,0.));
#9765=DIRECTION('',(0.577350269189626,0.577350269189626,0.577350269189626));
#9766=DIRECTION('center_axis',(0.707106781186548,0.,0.707106781186547));
#9767=DIRECTION('ref_axis',(0.707106781186547,0.,-0.707106781186548));
#9768=DIRECTION('',(0.,1.,0.));
#9769=DIRECTION('',(-0.577350269189626,0.577350269189626,0.577350269189626));
#9770=DIRECTION('center_axis',(0.,-0.707106781186548,0.707106781186548));
#9771=DIRECTION('ref_axis',(1.,0.,0.));
#9772=DIRECTION('',(1.,0.,0.));
#9773=DIRECTION('center_axis',(-1.,0.,0.));
#9774=DIRECTION('ref_axis',(0.,-1.,0.));
#9775=DIRECTION('',(0.,0.,1.));
#9776=DIRECTION('',(0.,-1.,0.));
#9777=DIRECTION('',(0.,0.,1.));
#9778=DIRECTION('center_axis',(-2.22044604925032E-15,-1.,0.));
#9779=DIRECTION('ref_axis',(1.,-2.22044604925032E-15,0.));
#9780=DIRECTION('',(0.,0.,1.));
#9781=DIRECTION('',(1.,-2.22044604925032E-15,0.));
#9782=DIRECTION('center_axis',(1.57009245868379E-15,0.707106781186551,0.707106781186544));
#9783=DIRECTION('ref_axis',(1.,0.,-2.22044604925035E-15));
#9784=DIRECTION('',(-0.577350269189628,0.577350269189625,-0.577350269189625));
#9785=DIRECTION('',(-1.,2.22044604925032E-15,0.));
#9786=DIRECTION('',(-0.577350269189628,-0.577350269189622,0.577350269189628));
#9787=DIRECTION('center_axis',(-0.707106781186546,7.35980840008017E-17,
0.707106781186549));
#9788=DIRECTION('ref_axis',(0.707106781186549,0.,0.707106781186546));
#9789=DIRECTION('',(-1.04083408558608E-16,-1.,0.));
#9790=DIRECTION('',(0.577350269189628,0.577350269189625,0.577350269189625));
#9791=DIRECTION('center_axis',(0.707106781186548,0.,0.707106781186548));
#9792=DIRECTION('ref_axis',(0.707106781186548,0.,-0.707106781186548));
#9793=DIRECTION('',(0.,1.,0.));
#9794=DIRECTION('',(-0.577350269189626,0.577350269189626,0.577350269189626));
#9795=DIRECTION('center_axis',(0.,-0.707106781186548,0.707106781186548));
#9796=DIRECTION('ref_axis',(1.,0.,0.));
#9797=DIRECTION('',(1.,0.,0.));
#9798=DIRECTION('center_axis',(-1.,0.,0.));
#9799=DIRECTION('ref_axis',(0.,-1.,0.));
#9800=DIRECTION('',(0.,0.,1.));
#9801=DIRECTION('',(0.,-1.,0.));
#9802=DIRECTION('',(0.,0.,1.));
#9803=DIRECTION('center_axis',(-2.22044604925032E-15,-1.,0.));
#9804=DIRECTION('ref_axis',(1.,-2.22044604925032E-15,0.));
#9805=DIRECTION('',(0.,0.,1.));
#9806=DIRECTION('',(1.,-2.22044604925032E-15,0.));
#9807=DIRECTION('center_axis',(1.57009245868378E-15,0.707106781186548,0.707106781186548));
#9808=DIRECTION('ref_axis',(1.,0.,-2.22044604925032E-15));
#9809=DIRECTION('',(-0.577350269189626,0.577350269189629,-0.577350269189623));
#9810=DIRECTION('',(-1.,2.22044604925032E-15,0.));
#9811=DIRECTION('',(-0.577350269189624,-0.57735026918963,0.577350269189624));
#9812=DIRECTION('center_axis',(-0.707106781186546,7.35980840008017E-17,
0.707106781186549));
#9813=DIRECTION('ref_axis',(0.707106781186549,0.,0.707106781186546));
#9814=DIRECTION('',(-1.04083408558608E-16,-1.,0.));
#9815=DIRECTION('',(0.577350269189628,0.577350269189625,0.577350269189625));
#9816=DIRECTION('center_axis',(0.707106781186548,0.,0.707106781186548));
#9817=DIRECTION('ref_axis',(0.707106781186548,0.,-0.707106781186548));
#9818=DIRECTION('',(0.,1.,0.));
#9819=DIRECTION('',(-0.577350269189626,0.577350269189626,0.577350269189626));
#9820=DIRECTION('center_axis',(0.,-0.707106781186548,0.707106781186548));
#9821=DIRECTION('ref_axis',(1.,0.,0.));
#9822=DIRECTION('',(1.,0.,0.));
#9823=DIRECTION('center_axis',(-1.,0.,0.));
#9824=DIRECTION('ref_axis',(0.,-1.,0.));
#9825=DIRECTION('',(0.,0.,1.));
#9826=DIRECTION('',(0.,-1.,0.));
#9827=DIRECTION('',(0.,0.,1.));
#9828=DIRECTION('center_axis',(-2.22044604925032E-15,-1.,0.));
#9829=DIRECTION('ref_axis',(1.,-2.22044604925032E-15,0.));
#9830=DIRECTION('',(0.,0.,1.));
#9831=DIRECTION('',(1.,-2.22044604925032E-15,0.));
#9832=DIRECTION('center_axis',(0.707106781186548,0.,0.707106781186547));
#9833=DIRECTION('ref_axis',(0.707106781186547,0.,-0.707106781186548));
#9834=DIRECTION('',(0.577350269189628,0.577350269189622,-0.577350269189628));
#9835=DIRECTION('',(0.,1.,0.));
#9836=DIRECTION('',(-0.577350269189626,0.577350269189626,0.577350269189626));
#9837=DIRECTION('center_axis',(1.57009245868379E-15,0.707106781186551,0.707106781186544));
#9838=DIRECTION('ref_axis',(1.,0.,-2.22044604925035E-15));
#9839=DIRECTION('',(-1.,2.22044604925032E-15,0.));
#9840=DIRECTION('',(0.577350269189628,-0.577350269189622,0.577350269189628));
#9841=DIRECTION('center_axis',(0.,-0.707106781186548,0.707106781186548));
#9842=DIRECTION('ref_axis',(1.,0.,0.));
#9843=DIRECTION('',(1.,0.,0.));
#9844=DIRECTION('',(0.577350269189628,0.577350269189622,0.577350269189628));
#9845=DIRECTION('center_axis',(-0.707106781186548,8.5864431334269E-17,0.707106781186547));
#9846=DIRECTION('ref_axis',(0.707106781186547,0.,0.707106781186548));
#9847=DIRECTION('',(-1.21430643318376E-16,-1.,0.));
#9848=DIRECTION('center_axis',(0.,1.,0.));
#9849=DIRECTION('ref_axis',(-1.,0.,0.));
#9850=DIRECTION('',(0.,0.,1.));
#9851=DIRECTION('',(-1.,0.,0.));
#9852=DIRECTION('',(0.,0.,1.));
#9853=DIRECTION('center_axis',(-1.,0.,0.));
#9854=DIRECTION('ref_axis',(0.,-1.,0.));
#9855=DIRECTION('',(0.,0.,1.));
#9856=DIRECTION('',(0.,-1.,0.));
#9857=DIRECTION('center_axis',(1.57009245868378E-15,0.707106781186548,0.707106781186548));
#9858=DIRECTION('ref_axis',(1.,0.,-2.22044604925032E-15));
#9859=DIRECTION('',(-0.577350269189628,0.577350269189625,-0.577350269189625));
#9860=DIRECTION('',(-1.,2.22044604925032E-15,0.));
#9861=DIRECTION('',(-0.577350269189624,-0.57735026918963,0.577350269189624));
#9862=DIRECTION('center_axis',(-0.707106781186546,7.35980840008017E-17,
0.707106781186549));
#9863=DIRECTION('ref_axis',(0.707106781186549,0.,0.707106781186546));
#9864=DIRECTION('',(-1.04083408558608E-16,-1.,0.));
#9865=DIRECTION('',(0.577350269189628,0.577350269189625,0.577350269189625));
#9866=DIRECTION('center_axis',(0.707106781186548,0.,0.707106781186548));
#9867=DIRECTION('ref_axis',(0.707106781186548,0.,-0.707106781186548));
#9868=DIRECTION('',(0.,1.,0.));
#9869=DIRECTION('',(-0.577350269189626,0.577350269189626,0.577350269189626));
#9870=DIRECTION('center_axis',(0.,-0.707106781186548,0.707106781186548));
#9871=DIRECTION('ref_axis',(1.,0.,0.));
#9872=DIRECTION('',(1.,0.,0.));
#9873=DIRECTION('center_axis',(-1.,0.,0.));
#9874=DIRECTION('ref_axis',(0.,-1.,0.));
#9875=DIRECTION('',(0.,0.,1.));
#9876=DIRECTION('',(0.,-1.,0.));
#9877=DIRECTION('',(0.,0.,1.));
#9878=DIRECTION('center_axis',(-2.22044604925032E-15,-1.,0.));
#9879=DIRECTION('ref_axis',(1.,-2.22044604925032E-15,0.));
#9880=DIRECTION('',(0.,0.,1.));
#9881=DIRECTION('',(1.,-2.22044604925032E-15,0.));
#9882=DIRECTION('center_axis',(0.,0.,1.));
#9883=DIRECTION('ref_axis',(-1.,0.,0.));
#9884=DIRECTION('',(-0.707106781186547,-8.65956056235493E-17,-0.707106781186548));
#9885=DIRECTION('center_axis',(0.707106781186548,6.2803698347351E-16,-0.707106781186548));
#9886=DIRECTION('ref_axis',(-0.707106781186548,0.,-0.707106781186548));
#9887=DIRECTION('',(-8.88178419700125E-16,1.,0.));
#9888=DIRECTION('',(0.707106781186548,-1.81164514463513E-16,0.707106781186548));
#9889=DIRECTION('',(8.88178419700125E-16,-1.,0.));
#9890=DIRECTION('',(-0.678598344545838,-0.281084637714826,-0.678598344545853));
#9891=DIRECTION('center_axis',(0.707106781186557,-0.499999999999996,-0.499999999999992));
#9892=DIRECTION('ref_axis',(-0.577350269189615,0.,-0.816496580927734));
#9893=DIRECTION('',(-6.28036983473507E-16,0.707106781186544,-0.707106781186551));
#9894=DIRECTION('',(6.28036983473507E-16,-0.707106781186544,0.707106781186551));
#9895=DIRECTION('',(-0.577350269189622,-0.816496580927729,0.));
#9896=DIRECTION('center_axis',(0.707106781186549,-0.499999999999999,0.5));
#9897=DIRECTION('ref_axis',(0.577350269189625,0.,-0.816496580927727));
#9898=DIRECTION('',(6.2803698347351E-16,-0.707106781186548,-0.707106781186548));
#9899=DIRECTION('',(-6.2803698347351E-16,0.707106781186548,0.707106781186548));
#9900=DIRECTION('',(-0.678598344545825,-0.678598344545915,0.281084637714709));
#9901=DIRECTION('center_axis',(0.707106781186587,-0.707106781186508,0.));
#9902=DIRECTION('ref_axis',(0.,0.,-1.));
#9903=DIRECTION('',(0.,0.,1.));
#9904=DIRECTION('',(0.577350269189583,0.577350269189647,-0.577350269189647));
#9905=DIRECTION('',(0.,0.,-1.));
#9906=DIRECTION('center_axis',(2.56205313375036E-16,1.,0.));
#9907=DIRECTION('ref_axis',(1.,-2.56205313375036E-16,0.));
#9908=DIRECTION('',(1.,8.88178419700125E-16,0.));
#9909=DIRECTION('',(0.707106781186549,-1.81164514463513E-16,-0.707106781186546));
#9910=DIRECTION('',(0.,0.,-1.));
#9911=DIRECTION('',(1.,-2.56205313375036E-16,0.));
#9912=DIRECTION('',(0.,0.,-1.));
#9913=DIRECTION('',(0.70710678118654,-1.81164514463511E-16,0.707106781186555));
#9914=DIRECTION('',(-1.,-8.88178419700125E-16,0.));
#9915=DIRECTION('',(0.70710678118654,-1.81164514463511E-16,-0.707106781186555));
#9916=DIRECTION('',(0.,0.,-1.));
#9917=DIRECTION('',(1.,-2.56205313375036E-16,0.));
#9918=DIRECTION('',(0.,0.,-1.));
#9919=DIRECTION('',(-1.,2.56205313375036E-16,0.));
#9920=DIRECTION('',(0.,0.,1.));
#9921=DIRECTION('',(1.,-2.56205313375036E-16,0.));
#9922=DIRECTION('',(0.,0.,1.));
#9923=DIRECTION('center_axis',(0.,0.,-1.));
#9924=DIRECTION('ref_axis',(-8.4016877539201E-16,1.,0.));
#9925=DIRECTION('',(1.,8.88178419700125E-16,0.));
#9926=DIRECTION('',(9.13226929773917E-16,-1.,0.));
#9927=DIRECTION('center_axis',(6.28036983473513E-16,-0.707106781186551,
-0.707106781186544));
#9928=DIRECTION('ref_axis',(-5.94089038420885E-16,0.707106781186544,-0.707106781186551));
#9929=DIRECTION('',(1.,8.88178419700125E-16,0.));
#9930=DIRECTION('',(6.45748954805305E-16,-0.707106781186544,0.707106781186551));
#9931=DIRECTION('center_axis',(6.2803698347351E-16,-0.707106781186548,0.707106781186548));
#9932=DIRECTION('ref_axis',(4.75271230736722E-16,-0.707106781186548,-0.707106781186548));
#9933=DIRECTION('',(1.,8.88178419700125E-16,0.));
#9934=DIRECTION('',(-6.45748954805308E-16,0.707106781186548,0.707106781186548));
#9935=DIRECTION('center_axis',(-1.56921982279174E-16,-1.,0.));
#9936=DIRECTION('ref_axis',(-1.,1.56921982279174E-16,0.));
#9937=DIRECTION('',(-1.,1.56921982279174E-16,0.));
#9938=DIRECTION('',(0.,0.,-1.));
#9939=DIRECTION('',(0.,0.,1.));
#9940=DIRECTION('',(-1.,1.56921982279174E-16,0.));
#9941=DIRECTION('',(0.,0.,1.));
#9942=DIRECTION('',(-1.,-8.88178419700125E-16,0.));
#9943=DIRECTION('',(0.,0.,-1.));
#9944=DIRECTION('',(-1.,1.56921982279174E-16,0.));
#9945=DIRECTION('',(0.,0.,1.));
#9946=DIRECTION('center_axis',(-0.707106781186546,-6.45748954805306E-16,
-0.707106781186549));
#9947=DIRECTION('ref_axis',(-0.707106781186549,0.,0.707106781186546));
#9948=DIRECTION('',(-9.13226929773917E-16,1.,0.));
#9949=DIRECTION('',(-0.678598344545846,0.281084637714823,0.678598344545846));
#9950=DIRECTION('center_axis',(-0.707106781186547,-0.500000000000003,-0.499999999999998));
#9951=DIRECTION('ref_axis',(-0.577350269189625,0.,0.816496580927727));
#9952=DIRECTION('',(-0.577350269189631,0.816496580927723,0.));
#9953=DIRECTION('',(-6.45748954805305E-16,0.707106781186544,-0.707106781186551));
#9954=DIRECTION('center_axis',(-0.707106781186538,-0.500000000000007,0.500000000000007));
#9955=DIRECTION('ref_axis',(0.577350269189636,0.,0.816496580927719));
#9956=DIRECTION('',(-0.678598344545825,0.678598344545915,-0.281084637714709));
#9957=DIRECTION('',(6.45748954805308E-16,-0.707106781186548,-0.707106781186548));
#9958=DIRECTION('center_axis',(-0.707106781186553,-0.707106781186542,0.));
#9959=DIRECTION('ref_axis',(0.,0.,1.));
#9960=DIRECTION('',(0.577350269189619,-0.577350269189629,0.577350269189629));
#9961=DIRECTION('',(0.,0.,-1.));
#9962=DIRECTION('center_axis',(-1.,-9.13226929773917E-16,0.));
#9963=DIRECTION('ref_axis',(9.13226929773917E-16,-1.,0.));
#9964=DIRECTION('',(6.45748954805308E-16,-0.707106781186547,0.707106781186547));
#9965=DIRECTION('',(9.13226929773917E-16,-1.,0.));
#9966=DIRECTION('center_axis',(0.707106781186555,6.45748954805315E-16,-0.70710678118654));
#9967=DIRECTION('ref_axis',(-0.70710678118654,0.,-0.707106781186555));
#9968=DIRECTION('',(-9.13226929773917E-16,1.,0.));
#9969=DIRECTION('',(9.13226929773917E-16,-1.,0.));
#9970=DIRECTION('',(-0.678598344545842,-0.281084637714807,-0.678598344545857));
#9971=DIRECTION('center_axis',(0.707106781186547,-0.500000000000002,-0.499999999999999));
#9972=DIRECTION('ref_axis',(-0.577350269189625,0.,-0.816496580927726));
#9973=DIRECTION('',(6.45748954805305E-16,-0.707106781186544,0.707106781186551));
#9974=DIRECTION('',(-0.577350269189633,-0.816496580927721,0.));
#9975=DIRECTION('',(-6.45748954805305E-16,0.707106781186544,-0.707106781186551));
#9976=DIRECTION('center_axis',(0.707106781186548,-0.5,0.5));
#9977=DIRECTION('ref_axis',(0.577350269189626,0.,-0.816496580927726));
#9978=DIRECTION('',(6.45748954805308E-16,-0.707106781186548,-0.707106781186548));
#9979=DIRECTION('',(-6.45748954805308E-16,0.707106781186548,0.707106781186548));
#9980=DIRECTION('',(-0.678598344545825,-0.678598344545915,0.281084637714709));
#9981=DIRECTION('center_axis',(0.70710678118654,-0.707106781186555,0.));
#9982=DIRECTION('ref_axis',(0.,0.,-1.));
#9983=DIRECTION('',(0.,0.,1.));
#9984=DIRECTION('',(0.577350269189634,0.577350269189622,-0.577350269189622));
#9985=DIRECTION('center_axis',(0.,0.,-1.));
#9986=DIRECTION('ref_axis',(8.4016877539201E-16,-1.,0.));
#9987=DIRECTION('',(-1.,-8.88178419700125E-16,0.));
#9988=DIRECTION('',(8.88178419700125E-16,-1.,0.));
#9989=DIRECTION('center_axis',(6.28036983473513E-16,-0.707106781186551,
-0.707106781186544));
#9990=DIRECTION('ref_axis',(5.94089038420885E-16,-0.707106781186544,0.707106781186551));
#9991=DIRECTION('',(-1.,-8.88178419700125E-16,0.));
#9992=DIRECTION('',(6.28036983473507E-16,-0.707106781186544,0.707106781186551));
#9993=DIRECTION('center_axis',(6.2803698347351E-16,-0.707106781186548,0.707106781186548));
#9994=DIRECTION('ref_axis',(-4.75271230736722E-16,0.707106781186548,0.707106781186548));
#9995=DIRECTION('',(-6.2803698347351E-16,0.707106781186548,0.707106781186548));
#9996=DIRECTION('center_axis',(-0.707106781186508,-0.707106781186587,0.));
#9997=DIRECTION('ref_axis',(0.,0.,1.));
#9998=DIRECTION('',(0.577350269189669,-0.577350269189604,0.577350269189604));
#9999=DIRECTION('',(0.,0.,-1.));
#10000=DIRECTION('',(0.678598344545819,-0.67859834454591,0.281084637714737));
#10001=DIRECTION('center_axis',(-0.707106781186549,-0.499999999999999,0.499999999999999));
#10002=DIRECTION('ref_axis',(0.577350269189624,0.,0.816496580927727));
#10003=DIRECTION('',(6.2803698347351E-16,-0.707106781186548,-0.707106781186548));
#10004=DIRECTION('',(0.577350269189624,-0.816496580927727,1.28197512425571E-14));
#10005=DIRECTION('center_axis',(-0.707106781186549,-0.500000000000002,-0.499999999999997));
#10006=DIRECTION('ref_axis',(-0.577350269189623,0.,0.816496580927728));
#10007=DIRECTION('',(-6.28036983473507E-16,0.707106781186544,-0.707106781186551));
#10008=DIRECTION('',(0.678598344545838,-0.281084637714826,-0.678598344545853));
#10009=DIRECTION('center_axis',(-0.707106781186555,-6.28036983473517E-16,
-0.70710678118654));
#10010=DIRECTION('ref_axis',(-0.70710678118654,0.,0.707106781186555));
#10011=DIRECTION('',(-8.88178419700125E-16,1.,0.));
#10012=DIRECTION('center_axis',(-1.,-8.88178419700125E-16,0.));
#10013=DIRECTION('ref_axis',(0.,0.,1.));
#10014=DIRECTION('',(6.2803698347351E-16,-0.707106781186548,0.707106781186548));
#10015=DIRECTION('',(8.88178419700125E-16,-1.,0.));
#10016=DIRECTION('center_axis',(0.,1.,0.));
#10017=DIRECTION('ref_axis',(-1.,0.,0.));
#10018=DIRECTION('',(-1.,0.,0.));
#10019=DIRECTION('',(0.,0.,1.));
#10020=DIRECTION('center_axis',(1.,-1.04083408558608E-16,0.));
#10021=DIRECTION('ref_axis',(1.04083408558608E-16,1.,0.));
#10022=DIRECTION('',(1.04083408558608E-16,1.,0.));
#10023=DIRECTION('center_axis',(1.,-1.21430643318376E-16,0.));
#10024=DIRECTION('ref_axis',(1.21430643318376E-16,1.,0.));
#10025=DIRECTION('',(1.21430643318376E-16,1.,0.));
#10026=DIRECTION('',(0.,0.,1.));
#10027=DIRECTION('center_axis',(-2.22044604925032E-15,-1.,0.));
#10028=DIRECTION('ref_axis',(1.,-2.22044604925032E-15,0.));
#10029=DIRECTION('',(1.,-2.22044604925032E-15,0.));
#10030=DIRECTION('center_axis',(0.,1.,0.));
#10031=DIRECTION('ref_axis',(-1.,0.,0.));
#10032=DIRECTION('',(-1.,0.,0.));
#10033=DIRECTION('',(0.,0.,1.));
#10034=DIRECTION('center_axis',(1.,-1.04083408558608E-16,0.));
#10035=DIRECTION('ref_axis',(1.04083408558608E-16,1.,0.));
#10036=DIRECTION('',(1.04083408558608E-16,1.,0.));
#10037=DIRECTION('center_axis',(0.,1.,0.));
#10038=DIRECTION('ref_axis',(-1.,0.,0.));
#10039=DIRECTION('',(-1.,0.,0.));
#10040=DIRECTION('',(0.,0.,1.));
#10041=DIRECTION('center_axis',(1.,-1.04083408558608E-16,0.));
#10042=DIRECTION('ref_axis',(1.04083408558608E-16,1.,0.));
#10043=DIRECTION('',(1.04083408558608E-16,1.,0.));
#10044=DIRECTION('center_axis',(0.,1.,0.));
#10045=DIRECTION('ref_axis',(-1.,0.,0.));
#10046=DIRECTION('',(-1.,0.,0.));
#10047=DIRECTION('',(0.,0.,1.));
#10048=DIRECTION('center_axis',(1.,-1.21430643318376E-16,0.));
#10049=DIRECTION('ref_axis',(1.21430643318376E-16,1.,0.));
#10050=DIRECTION('',(1.21430643318376E-16,1.,0.));
#10051=DIRECTION('center_axis',(0.,1.,0.));
#10052=DIRECTION('ref_axis',(-1.,0.,0.));
#10053=DIRECTION('',(-1.,0.,0.));
#10054=DIRECTION('',(0.,0.,1.));
#10055=DIRECTION('center_axis',(1.,-1.21430643318376E-16,0.));
#10056=DIRECTION('ref_axis',(1.21430643318376E-16,1.,0.));
#10057=DIRECTION('',(1.21430643318376E-16,1.,0.));
#10058=DIRECTION('center_axis',(0.,1.,0.));
#10059=DIRECTION('ref_axis',(-1.,0.,0.));
#10060=DIRECTION('',(-1.,0.,0.));
#10061=DIRECTION('',(0.,0.,1.));
#10062=DIRECTION('center_axis',(1.,-1.04083408558608E-16,0.));
#10063=DIRECTION('ref_axis',(1.04083408558608E-16,1.,0.));
#10064=DIRECTION('',(1.04083408558608E-16,1.,0.));
#10065=DIRECTION('center_axis',(0.,1.,0.));
#10066=DIRECTION('ref_axis',(-1.,0.,0.));
#10067=DIRECTION('',(-1.,0.,0.));
#10068=DIRECTION('',(0.,0.,1.));
#10069=DIRECTION('center_axis',(1.,-1.21430643318376E-16,0.));
#10070=DIRECTION('ref_axis',(1.21430643318376E-16,1.,0.));
#10071=DIRECTION('',(1.21430643318376E-16,1.,0.));
#10072=DIRECTION('center_axis',(0.,1.,0.));
#10073=DIRECTION('ref_axis',(-1.,0.,0.));
#10074=DIRECTION('',(-1.,0.,0.));
#10075=DIRECTION('',(0.,0.,1.));
#10076=DIRECTION('center_axis',(1.,-1.04083408558608E-16,0.));
#10077=DIRECTION('ref_axis',(1.04083408558608E-16,1.,0.));
#10078=DIRECTION('',(1.04083408558608E-16,1.,0.));
#10079=DIRECTION('center_axis',(0.,1.,0.));
#10080=DIRECTION('ref_axis',(-1.,0.,0.));
#10081=DIRECTION('',(-1.,0.,0.));
#10082=DIRECTION('',(0.,0.,1.));
#10083=DIRECTION('center_axis',(1.,-6.93889390390723E-17,0.));
#10084=DIRECTION('ref_axis',(6.93889390390723E-17,1.,0.));
#10085=DIRECTION('',(6.93889390390723E-17,1.,0.));
#10086=DIRECTION('center_axis',(0.,1.,0.));
#10087=DIRECTION('ref_axis',(-1.,0.,0.));
#10088=DIRECTION('',(-1.,0.,0.));
#10089=DIRECTION('',(0.,0.,1.));
#10090=DIRECTION('center_axis',(1.,-1.21430643318376E-16,0.));
#10091=DIRECTION('ref_axis',(1.21430643318376E-16,1.,0.));
#10092=DIRECTION('',(1.21430643318376E-16,1.,0.));
#10093=DIRECTION('center_axis',(0.,1.,0.));
#10094=DIRECTION('ref_axis',(-1.,0.,0.));
#10095=DIRECTION('',(-1.,0.,0.));
#10096=DIRECTION('',(0.,0.,1.));
#10097=DIRECTION('center_axis',(1.,-1.21430643318376E-16,0.));
#10098=DIRECTION('ref_axis',(1.21430643318376E-16,1.,0.));
#10099=DIRECTION('',(1.21430643318376E-16,1.,0.));
#10100=DIRECTION('center_axis',(0.,1.,0.));
#10101=DIRECTION('ref_axis',(-1.,0.,0.));
#10102=DIRECTION('',(-1.,0.,0.));
#10103=DIRECTION('',(0.,0.,1.));
#10104=DIRECTION('center_axis',(1.,-6.93889390390723E-17,0.));
#10105=DIRECTION('ref_axis',(6.93889390390723E-17,1.,0.));
#10106=DIRECTION('',(6.93889390390723E-17,1.,0.));
#10107=DIRECTION('center_axis',(1.,8.88178419700125E-16,0.));
#10108=DIRECTION('ref_axis',(0.,0.,-1.));
#10109=DIRECTION('',(-8.88178419700125E-16,1.,0.));
#10110=DIRECTION('',(-6.2803698347351E-16,0.707106781186548,-0.707106781186548));
#10111=DIRECTION('center_axis',(-1.10960597786839E-16,-0.707106781186548,
-0.707106781186548));
#10112=DIRECTION('ref_axis',(-1.,0.,1.56921982279174E-16));
#10113=DIRECTION('',(1.,-1.56921982279174E-16,0.));
#10114=DIRECTION('',(0.,0.707106781186548,-0.707106781186548));
#10115=DIRECTION('center_axis',(0.,0.,-1.));
#10116=DIRECTION('ref_axis',(-1.,0.,0.));
#10117=DIRECTION('center_axis',(0.,0.,-1.));
#10118=DIRECTION('ref_axis',(0.707106781186548,-0.707106781186548,0.));
#10119=DIRECTION('',(0.,1.,0.));
#10120=DIRECTION('center_axis',(0.,0.,-1.));
#10121=DIRECTION('ref_axis',(0.707106781186548,0.707106781186548,0.));
#10122=DIRECTION('',(-1.,-1.70803542250024E-16,0.));
#10123=DIRECTION('center_axis',(0.,0.,-1.));
#10124=DIRECTION('ref_axis',(-0.707106781186548,0.707106781186548,0.));
#10125=DIRECTION('',(9.01050570710272E-16,-1.,0.));
#10126=DIRECTION('center_axis',(0.,0.,-1.));
#10127=DIRECTION('ref_axis',(-0.707106781186548,-0.707106781186548,0.));
#10128=DIRECTION('',(1.,-1.56921982279174E-16,0.));
#10129=DIRECTION('center_axis',(0.,0.,1.));
#10130=DIRECTION('ref_axis',(-0.707106781186548,-0.707106781186548,0.));
#10131=DIRECTION('',(9.65411325761006E-16,-1.,0.));
#10132=DIRECTION('center_axis',(0.,0.,1.));
#10133=DIRECTION('ref_axis',(-0.707106781186548,0.707106781186548,0.));
#10134=DIRECTION('',(-1.,-1.56921982279174E-16,0.));
#10135=DIRECTION('center_axis',(0.,0.,1.));
#10136=DIRECTION('ref_axis',(0.707106781186548,0.707106781186548,0.));
#10137=DIRECTION('',(0.,1.,0.));
#10138=DIRECTION('center_axis',(0.,0.,1.));
#10139=DIRECTION('ref_axis',(0.707106781186549,-0.707106781186546,0.));
#10140=DIRECTION('center_axis',(-1.,-9.13226929773917E-16,0.));
#10141=DIRECTION('ref_axis',(9.13226929773917E-16,-1.,0.));
#10142=DIRECTION('',(-9.13226929773917E-16,1.,0.));
#10143=DIRECTION('',(-6.45748954805308E-16,0.707106781186548,-0.707106781186548));
#10144=DIRECTION('center_axis',(-1.10960597786839E-16,-0.707106781186548,
-0.707106781186548));
#10145=DIRECTION('ref_axis',(-1.,0.,1.56921982279174E-16));
#10146=DIRECTION('',(0.,0.707106781186548,-0.707106781186548));
#10147=DIRECTION('center_axis',(0.707106781186548,0.,-0.707106781186548));
#10148=DIRECTION('ref_axis',(-0.707106781186548,0.,-0.707106781186548));
#10149=DIRECTION('',(-0.707106781186548,0.,-0.707106781186548));
#10150=DIRECTION('',(0.707106781186548,0.,0.707106781186548));
#10151=DIRECTION('',(0.,-1.,0.));
#10152=DIRECTION('center_axis',(0.,0.,1.));
#10153=DIRECTION('ref_axis',(0.707106781186549,-0.707106781186546,0.));
#10154=DIRECTION('center_axis',(0.,0.,-1.));
#10155=DIRECTION('ref_axis',(0.707106781186549,-0.707106781186546,0.));
#10156=DIRECTION('center_axis',(-1.10960597786839E-16,-0.707106781186548,
-0.707106781186548));
#10157=DIRECTION('ref_axis',(-1.,0.,1.56921982279174E-16));
#10158=DIRECTION('',(1.,-1.56921982279174E-16,0.));
#10159=DIRECTION('center_axis',(0.,0.,1.));
#10160=DIRECTION('ref_axis',(-0.707106781186548,-0.707106781186548,0.));
#10161=DIRECTION('center_axis',(0.,0.,-1.));
#10162=DIRECTION('ref_axis',(-0.707106781186548,-0.707106781186548,0.));
#10163=DIRECTION('',(0.707106781186548,0.,-0.707106781186548));
#10164=DIRECTION('center_axis',(-0.707106781186548,-6.82648895079902E-16,
-0.707106781186548));
#10165=DIRECTION('ref_axis',(-0.707106781186548,0.,0.707106781186548));
#10166=DIRECTION('',(0.707106781186548,0.,-0.707106781186548));
#10167=DIRECTION('',(-9.65411325761006E-16,1.,0.));
#10168=DIRECTION('center_axis',(0.,0.,1.));
#10169=DIRECTION('ref_axis',(-0.707106781186548,0.707106781186548,0.));
#10170=DIRECTION('center_axis',(0.,0.,-1.));
#10171=DIRECTION('ref_axis',(-0.707106781186548,0.707106781186548,0.));
#10172=DIRECTION('',(0.,-0.707106781186548,-0.707106781186548));
#10173=DIRECTION('center_axis',(-1.10960597786839E-16,0.707106781186548,
-0.707106781186548));
#10174=DIRECTION('ref_axis',(-1.,0.,1.56921982279174E-16));
#10175=DIRECTION('',(7.85046229341882E-15,-0.707106781186551,-0.707106781186544));
#10176=DIRECTION('',(1.,1.56921982279174E-16,0.));
#10177=DIRECTION('center_axis',(0.,0.,1.));
#10178=DIRECTION('ref_axis',(0.707106781186548,0.707106781186548,0.));
#10179=DIRECTION('center_axis',(0.,0.,-1.));
#10180=DIRECTION('ref_axis',(0.707106781186548,0.707106781186548,0.));
#10181=DIRECTION('center_axis',(0.,0.,-1.));
#10182=DIRECTION('ref_axis',(-0.707106781186548,-0.707106781186548,0.));
#10183=DIRECTION('',(0.,0.,-1.));
#10184=DIRECTION('center_axis',(0.,0.,-1.));
#10185=DIRECTION('ref_axis',(0.707106781186549,-0.707106781186546,0.));
#10186=DIRECTION('',(0.,0.,1.));
#10187=DIRECTION('center_axis',(1.,0.,0.));
#10188=DIRECTION('ref_axis',(0.,-1.,0.));
#10189=DIRECTION('',(0.,0.,-1.));
#10190=DIRECTION('center_axis',(0.,0.,-1.));
#10191=DIRECTION('ref_axis',(-1.,0.,0.));
#10192=DIRECTION('center_axis',(0.,0.,-1.));
#10193=DIRECTION('ref_axis',(-0.707106781186548,0.707106781186548,0.));
#10194=DIRECTION('center_axis',(0.,0.,-1.));
#10195=DIRECTION('ref_axis',(-0.707106781186548,0.707106781186548,0.));
#10196=DIRECTION('',(0.,0.,-1.));
#10197=DIRECTION('',(0.,0.,1.));
#10198=DIRECTION('center_axis',(1.70803542250024E-16,-1.,0.));
#10199=DIRECTION('ref_axis',(-1.,-1.70803542250024E-16,0.));
#10200=DIRECTION('',(0.,0.,-1.));
#10201=DIRECTION('',(1.,1.70803542250024E-16,0.));
#10202=DIRECTION('center_axis',(0.,0.,-1.));
#10203=DIRECTION('ref_axis',(0.707106781186548,0.707106781186548,0.));
#10204=DIRECTION('center_axis',(0.,0.,-1.));
#10205=DIRECTION('ref_axis',(0.707106781186548,0.707106781186548,0.));
#10206=DIRECTION('',(0.,0.,1.));
#10207=DIRECTION('center_axis',(-1.,0.,0.));
#10208=DIRECTION('ref_axis',(0.,1.,0.));
#10209=DIRECTION('',(0.,0.,-1.));
#10210=DIRECTION('',(0.,-1.,0.));
#10211=DIRECTION('center_axis',(0.,0.,-1.));
#10212=DIRECTION('ref_axis',(0.707106781186548,-0.707106781186548,0.));
#10213=DIRECTION('center_axis',(0.,0.,-1.));
#10214=DIRECTION('ref_axis',(0.707106781186548,-0.707106781186548,0.));
#10215=DIRECTION('center_axis',(0.,0.,-1.));
#10216=DIRECTION('ref_axis',(-0.707106781186548,-0.707106781186548,0.));
#10217=DIRECTION('center_axis',(0.,0.,-1.));
#10218=DIRECTION('ref_axis',(-0.707106781186548,-0.707106781186548,0.));
#10219=DIRECTION('',(0.,0.,1.));
#10220=DIRECTION('center_axis',(1.,9.01050570710272E-16,0.));
#10221=DIRECTION('ref_axis',(9.01050570710272E-16,-1.,0.));
#10222=DIRECTION('',(-9.01050570710272E-16,1.,0.));
#10223=DIRECTION('center_axis',(0.,0.,-1.));
#10224=DIRECTION('ref_axis',(0.707106781186548,0.707106781186548,0.));
#10225=DIRECTION('',(0.,0.,1.));
#10226=DIRECTION('center_axis',(-1.56921982279174E-16,1.,0.));
#10227=DIRECTION('ref_axis',(1.,1.56921982279174E-16,0.));
#10228=DIRECTION('',(0.,0.,-1.));
#10229=DIRECTION('center_axis',(0.,0.,-1.));
#10230=DIRECTION('ref_axis',(-0.707106781186548,0.707106781186548,0.));
#10231=DIRECTION('',(0.,0.,1.));
#10232=DIRECTION('center_axis',(-1.,-9.65411325761006E-16,0.));
#10233=DIRECTION('ref_axis',(-9.65411325761006E-16,1.,0.));
#10234=DIRECTION('center_axis',(1.,-8.41396759852336E-17,0.));
#10235=DIRECTION('ref_axis',(8.41396759852336E-17,1.,0.));
#10236=DIRECTION('',(0.,0.,1.));
#10237=DIRECTION('center_axis',(0.,0.,1.));
#10238=DIRECTION('ref_axis',(0.,-1.,0.));
#10239=DIRECTION('',(0.,0.,1.));
#10240=DIRECTION('center_axis',(1.55820775385987E-16,-1.,0.));
#10241=DIRECTION('ref_axis',(1.,1.55820775385987E-16,0.));
#10242=DIRECTION('',(0.,0.,1.));
#10243=DIRECTION('center_axis',(0.,0.,1.));
#10244=DIRECTION('ref_axis',(-1.,-4.4408920985006E-15,0.));
#10245=DIRECTION('center_axis',(0.,0.,1.));
#10246=DIRECTION('ref_axis',(-1.,0.,0.));
#10247=DIRECTION('axis',(0.,0.,1.));
#10248=DIRECTION('refdir',(1.,0.,0.));
#10249=DIRECTION('center_axis',(-3.93279116809607E-16,1.,0.));
#10250=DIRECTION('ref_axis',(0.432220039292731,8.46562852434242E-17,0.901768172888015));
#10251=DIRECTION('center_axis',(-3.93279116809609E-16,1.,0.));
#10252=DIRECTION('ref_axis',(0.432220039292731,1.6998311532046E-16,0.901768172888016));
#10253=DIRECTION('center_axis',(3.93279116809609E-16,-1.,0.));
#10254=DIRECTION('ref_axis',(0.432220039292731,0.,0.901768172888016));
#10255=DIRECTION('center_axis',(3.93279116809609E-16,-1.,0.));
#10256=DIRECTION('ref_axis',(1.,3.93279116809609E-16,0.));
#10257=DIRECTION('',(0.,0.,-1.));
#10258=DIRECTION('',(-1.,-3.93279116809609E-16,0.));
#10259=DIRECTION('center_axis',(-3.93279116809609E-16,1.,0.));
#10260=DIRECTION('ref_axis',(-0.707106781186547,3.14018491736755E-15,-0.707106781186548));
#10261=DIRECTION('center_axis',(0.,0.,1.));
#10262=DIRECTION('ref_axis',(-0.763762615825974,-0.645497224367902,0.));
#10263=DIRECTION('',(0.,0.,1.));
#10264=DIRECTION('center_axis',(0.,0.,1.));
#10265=DIRECTION('ref_axis',(-0.763762615825974,-0.645497224367902,0.));
#10266=DIRECTION('center_axis',(-3.93279116809607E-16,1.,0.));
#10267=DIRECTION('ref_axis',(0.432220039292731,8.46562852434242E-17,0.901768172888015));
#10268=DIRECTION('center_axis',(-3.93279116809609E-16,1.,0.));
#10269=DIRECTION('ref_axis',(0.432220039292731,1.6998311532046E-16,0.901768172888015));
#10270=DIRECTION('center_axis',(3.93279116809609E-16,-1.,0.));
#10271=DIRECTION('ref_axis',(0.432220039292731,0.,0.901768172888016));
#10272=DIRECTION('center_axis',(0.,1.,0.));
#10273=DIRECTION('ref_axis',(0.432220039292731,0.,0.901768172888016));
#10274=DIRECTION('center_axis',(6.72324635131544E-33,1.,1.710569414459E-47));
#10275=DIRECTION('ref_axis',(0.432220039292731,-2.90592180214029E-33,0.901768172888016));
#10276=DIRECTION('center_axis',(4.75405308660287E-33,0.707106781186549,
0.707106781186546));
#10277=DIRECTION('ref_axis',(0.,-0.707106781186546,0.707106781186549));
#10278=DIRECTION('',(0.,-1.,0.));
#10279=DIRECTION('center_axis',(0.,0.,-1.));
#10280=DIRECTION('ref_axis',(0.763762615825975,-0.645497224367901,0.));
#10281=DIRECTION('',(0.,0.,1.));
#10282=DIRECTION('center_axis',(0.,0.,1.));
#10283=DIRECTION('ref_axis',(0.763762615825975,-0.645497224367901,0.));
#10284=DIRECTION('',(0.,0.,-1.));
#10285=DIRECTION('center_axis',(1.77635660646623E-15,-1.,0.));
#10286=DIRECTION('ref_axis',(0.707106781186547,2.09345661157837E-15,-0.707106781186548));
#10287=DIRECTION('',(1.77635660646623E-15,-1.,0.));
#10288=DIRECTION('',(1.77635660646623E-15,-1.,0.));
#10289=DIRECTION('center_axis',(-3.93279116809609E-16,1.,0.));
#10290=DIRECTION('ref_axis',(0.707106781186547,2.09345661157837E-15,-0.707106781186548));
#10291=DIRECTION('center_axis',(3.55271321293245E-15,1.,0.));
#10292=DIRECTION('ref_axis',(-0.707106781186547,3.14018491736755E-15,-0.707106781186548));
#10293=DIRECTION('',(3.55271321293245E-15,1.,0.));
#10294=DIRECTION('',(3.55271321293245E-15,1.,0.));
#10295=DIRECTION('',(3.55271321293245E-15,1.,0.));
#10296=DIRECTION('center_axis',(7.40148683083438E-16,1.,0.));
#10297=DIRECTION('ref_axis',(-1.,7.40148683083438E-16,0.));
#10298=DIRECTION('',(0.,0.,-1.));
#10299=DIRECTION('',(1.,-7.40148683083438E-16,0.));
#10300=DIRECTION('',(0.,0.,1.));
#10301=DIRECTION('',(-1.,7.40148683083438E-16,0.));
#10302=DIRECTION('',(0.,0.,1.));
#10303=DIRECTION('',(1.,-7.40148683083438E-16,0.));
#10304=DIRECTION('',(0.,0.,1.));
#10305=DIRECTION('',(-1.,7.40148683083438E-16,0.));
#10306=DIRECTION('center_axis',(0.,0.,1.));
#10307=DIRECTION('ref_axis',(1.,0.,0.));
#10308=DIRECTION('center_axis',(0.,0.,-1.));
#10309=DIRECTION('ref_axis',(-1.,0.,0.));
#10310=DIRECTION('',(-1.,-3.93279116809609E-16,0.));
#10311=DIRECTION('center_axis',(0.,0.,1.));
#10312=DIRECTION('ref_axis',(0.707106781186549,-0.707106781186546,0.));
#10313=DIRECTION('',(-1.,-3.93279116809609E-16,0.));
#10314=DIRECTION('',(1.13869028166683E-16,1.,0.));
#10315=DIRECTION('',(1.,1.55820775385987E-16,0.));
#10316=DIRECTION('center_axis',(0.,0.,1.));
#10317=DIRECTION('ref_axis',(0.707106781186547,0.707106781186547,0.));
#10318=DIRECTION('',(8.88178303233115E-16,-1.,0.));
#10319=DIRECTION('',(1.,1.55820775385987E-16,0.));
#10320=DIRECTION('',(-6.21724812263178E-15,1.,0.));
#10321=DIRECTION('center_axis',(0.,0.,1.));
#10322=DIRECTION('ref_axis',(-0.70710678118655,0.707106781186545,0.));
#10323=DIRECTION('',(1.,1.55820775385987E-16,0.));
#10324=DIRECTION('',(0.,-1.,0.));
#10325=DIRECTION('',(-1.,-3.93279116809609E-16,0.));
#10326=DIRECTION('center_axis',(0.,0.,1.));
#10327=DIRECTION('ref_axis',(-0.707106781186549,-0.707106781186546,0.));
#10328=DIRECTION('center_axis',(0.,0.,-1.));
#10329=DIRECTION('ref_axis',(-1.,0.,0.));
#10330=DIRECTION('',(0.559988002468476,-0.828500716409688,0.));
#10331=DIRECTION('center_axis',(0.,0.,1.));
#10332=DIRECTION('ref_axis',(-0.828500716409687,0.559988002468477,0.));
#10333=DIRECTION('',(-0.559988002468477,-0.828500716409687,0.));
#10334=DIRECTION('center_axis',(0.,0.,1.));
#10335=DIRECTION('ref_axis',(0.292830397662466,0.956164399151549,0.));
#10336=DIRECTION('',(0.,1.,0.));
#10337=DIRECTION('center_axis',(0.,0.,1.));
#10338=DIRECTION('ref_axis',(0.292830397662466,-0.956164399151549,0.));
#10339=DIRECTION('',(-0.55998800246848,-0.828500716409685,0.));
#10340=DIRECTION('center_axis',(0.,0.,1.));
#10341=DIRECTION('ref_axis',(6.19557372061537E-16,1.,0.));
#10342=DIRECTION('',(-0.559988002468482,0.828500716409684,0.));
#10343=DIRECTION('center_axis',(0.,0.,1.));
#10344=DIRECTION('ref_axis',(0.883172690493906,-0.469047970644534,0.));
#10345=DIRECTION('',(1.,2.58152813138016E-16,0.));
#10346=DIRECTION('center_axis',(0.,0.,1.));
#10347=DIRECTION('ref_axis',(-0.883172690493904,-0.469047970644538,0.));
#10348=DIRECTION('',(0.,-1.,0.));
#10349=DIRECTION('center_axis',(0.,0.,1.));
#10350=DIRECTION('ref_axis',(-0.292830397662466,0.956164399151549,0.));
#10351=DIRECTION('',(-0.559988002468477,0.828500716409687,0.));
#10352=DIRECTION('center_axis',(0.,0.,1.));
#10353=DIRECTION('ref_axis',(0.828500716409689,-0.559988002468475,0.));
#10354=DIRECTION('',(0.559988002468475,0.828500716409689,0.));
#10355=DIRECTION('center_axis',(0.,0.,1.));
#10356=DIRECTION('ref_axis',(-0.292830397662466,-0.956164399151549,0.));
#10357=DIRECTION('',(0.559988002468482,-0.828500716409684,0.));
#10358=DIRECTION('center_axis',(0.,0.,1.));
#10359=DIRECTION('ref_axis',(-0.883172690493905,0.469047970644536,0.));
#10360=DIRECTION('',(-1.,-3.93469680758253E-16,0.));
#10361=DIRECTION('center_axis',(0.,0.,1.));
#10362=DIRECTION('ref_axis',(0.883172690493903,0.469047970644539,0.));
#10363=DIRECTION('',(0.559988002468482,0.828500716409684,0.));
#10364=DIRECTION('center_axis',(0.,0.,1.));
#10365=DIRECTION('ref_axis',(-6.19557372061535E-16,-1.,0.));
#10366=DIRECTION('center_axis',(3.93279116809609E-16,-1.,0.));
#10367=DIRECTION('ref_axis',(1.,3.93279116809609E-16,0.));
#10368=DIRECTION('center_axis',(0.,0.,-1.));
#10369=DIRECTION('ref_axis',(-1.,0.,0.));
#10370=DIRECTION('',(0.,0.,-1.));
#10371=DIRECTION('center_axis',(-4.75405308660287E-33,-0.707106781186549,
-0.707106781186546));
#10372=DIRECTION('ref_axis',(0.,0.707106781186546,-0.707106781186549));
#10373=DIRECTION('center_axis',(0.,0.,-1.));
#10374=DIRECTION('ref_axis',(-1.,0.,0.));
#10375=DIRECTION('center_axis',(-4.75405308660287E-33,-0.707106781186549,
-0.707106781186546));
#10376=DIRECTION('ref_axis',(0.,0.707106781186546,-0.707106781186549));
#10377=DIRECTION('',(0.,0.,1.));
#10378=DIRECTION('center_axis',(4.75405308660287E-33,0.707106781186549,
0.707106781186546));
#10379=DIRECTION('ref_axis',(1.,0.,-6.72324635131547E-33));
#10380=DIRECTION('',(-1.,6.72324635131544E-33,0.));
#10381=DIRECTION('center_axis',(-4.75405308660287E-33,-0.707106781186549,
-0.707106781186546));
#10382=DIRECTION('ref_axis',(0.,0.707106781186546,-0.707106781186549));
#10383=DIRECTION('',(-1.,6.72324635131544E-33,0.));
#10384=DIRECTION('',(1.,-6.72324635131544E-33,0.));
#10385=DIRECTION('center_axis',(4.75405308660287E-33,0.707106781186549,
0.707106781186546));
#10386=DIRECTION('ref_axis',(1.,0.,-6.72324635131547E-33));
#10387=DIRECTION('',(1.,-6.72324635131544E-33,0.));
#10388=DIRECTION('center_axis',(4.75405308660287E-33,0.707106781186549,
0.707106781186546));
#10389=DIRECTION('ref_axis',(0.,-0.707106781186546,0.707106781186549));
#10390=DIRECTION('',(-1.,6.72324635131544E-33,0.));
#10391=DIRECTION('center_axis',(-4.75405308660287E-33,-0.707106781186549,
-0.707106781186546));
#10392=DIRECTION('ref_axis',(0.,0.707106781186546,-0.707106781186549));
#10393=DIRECTION('',(-1.,6.72324635131544E-33,0.));
#10394=DIRECTION('center_axis',(-6.72324635131544E-33,-1.,-1.77899219103736E-47));
#10395=DIRECTION('ref_axis',(1.,-6.72324635131544E-33,0.));
#10396=DIRECTION('center_axis',(-6.72324635131544E-33,-1.,-1.77899219103736E-47));
#10397=DIRECTION('ref_axis',(1.,-6.72324635131544E-33,0.));
#10398=DIRECTION('center_axis',(6.72324635131544E-33,1.,1.710569414459E-47));
#10399=DIRECTION('ref_axis',(0.432220039292731,-2.90592180214029E-33,0.901768172888016));
#10400=DIRECTION('center_axis',(0.,1.,0.));
#10401=DIRECTION('ref_axis',(0.432220039292731,0.,0.901768172888016));
#10402=DIRECTION('center_axis',(0.,0.,-1.));
#10403=DIRECTION('ref_axis',(0.883172690493903,0.469047970644539,0.));
#10404=DIRECTION('',(-0.585838474791204,0.395971313928571,0.707106781186546));
#10405=DIRECTION('center_axis',(0.,0.,1.));
#10406=DIRECTION('ref_axis',(0.883172690493903,0.469047970644539,0.));
#10407=DIRECTION('',(0.,0.707106781186548,-0.707106781186547));
#10408=DIRECTION('center_axis',(0.,0.,-1.));
#10409=DIRECTION('ref_axis',(0.883172690493903,0.469047970644539,0.));
#10410=DIRECTION('center_axis',(-0.585838474791201,0.395971313928573,-0.707106781186546));
#10411=DIRECTION('ref_axis',(-0.770048311708598,0.,0.637985577920643));
#10412=DIRECTION('',(-0.585838474791194,0.395971313928576,0.707106781186551));
#10413=DIRECTION('',(0.559988002468482,0.828500716409684,0.));
#10414=DIRECTION('',(-0.559988002468482,-0.828500716409684,0.));
#10415=DIRECTION('center_axis',(0.,0.,-1.));
#10416=DIRECTION('ref_axis',(-6.19557372061535E-16,-1.,0.));
#10417=DIRECTION('',(0.5858384747912,0.395971313928572,0.707106781186548));
#10418=DIRECTION('center_axis',(0.,0.,1.));
#10419=DIRECTION('ref_axis',(-6.19557372061535E-16,-1.,0.));
#10420=DIRECTION('center_axis',(0.,0.,-1.));
#10421=DIRECTION('ref_axis',(-6.19557372061535E-16,-1.,0.));
#10422=DIRECTION('center_axis',(0.585838474791201,0.395971313928573,-0.707106781186547));
#10423=DIRECTION('ref_axis',(-0.770048311708598,0.,-0.637985577920643));
#10424=DIRECTION('',(0.585838474791201,0.395971313928572,0.707106781186547));
#10425=DIRECTION('',(0.559988002468482,-0.828500716409684,0.));
#10426=DIRECTION('',(-0.559988002468482,0.828500716409684,0.));
#10427=DIRECTION('center_axis',(0.,0.,-1.));
#10428=DIRECTION('ref_axis',(-0.883172690493905,0.469047970644536,0.));
#10429=DIRECTION('',(0.,-0.707106781186552,0.707106781186543));
#10430=DIRECTION('center_axis',(0.,0.,1.));
#10431=DIRECTION('ref_axis',(-0.883172690493905,0.469047970644536,0.));
#10432=DIRECTION('center_axis',(0.,0.,-1.));
#10433=DIRECTION('ref_axis',(-0.883172690493905,0.469047970644536,0.));
#10434=DIRECTION('center_axis',(2.78225079455468E-16,-0.707106781186551,
-0.707106781186544));
#10435=DIRECTION('ref_axis',(-1.,0.,-3.93469680758257E-16));
#10436=DIRECTION('',(-1.,-3.93469680758253E-16,0.));
#10437=DIRECTION('',(1.,3.93469680758253E-16,0.));
#10438=DIRECTION('center_axis',(0.,0.,1.));
#10439=DIRECTION('ref_axis',(-0.883172690493905,0.469047970644536,0.));
#10440=DIRECTION('',(0.,0.,1.));
#10441=DIRECTION('center_axis',(0.,0.,-1.));
#10442=DIRECTION('ref_axis',(-0.883172690493905,0.469047970644536,0.));
#10443=DIRECTION('',(0.,0.,-1.));
#10444=DIRECTION('center_axis',(3.93469680758253E-16,-1.,0.));
#10445=DIRECTION('ref_axis',(1.,3.93469680758253E-16,0.));
#10446=DIRECTION('',(0.,0.,-1.));
#10447=DIRECTION('',(1.,3.93469680758253E-16,0.));
#10448=DIRECTION('center_axis',(0.,0.,1.));
#10449=DIRECTION('ref_axis',(0.883172690493903,0.469047970644539,0.));
#10450=DIRECTION('',(0.,0.,1.));
#10451=DIRECTION('center_axis',(0.,0.,-1.));
#10452=DIRECTION('ref_axis',(0.883172690493903,0.469047970644539,0.));
#10453=DIRECTION('center_axis',(0.,0.,1.));
#10454=DIRECTION('ref_axis',(1.,0.,0.));
#10455=DIRECTION('',(1.,1.55820775385987E-16,0.));
#10456=DIRECTION('center_axis',(0.,0.,-1.));
#10457=DIRECTION('ref_axis',(-0.70710678118655,0.707106781186545,0.));
#10458=DIRECTION('center_axis',(0.,0.,1.));
#10459=DIRECTION('ref_axis',(-1.,-3.5527136788005E-15,0.));
#10460=DIRECTION('',(2.22044604925031E-15,-1.,0.));
#10461=DIRECTION('',(1.,2.22044604925031E-15,0.));
#10462=DIRECTION('',(-1.33226762955019E-15,1.,0.));
#10463=DIRECTION('center_axis',(0.,0.,1.));
#10464=DIRECTION('ref_axis',(-0.999999999999991,-1.31130214242602E-7,0.));
#10465=DIRECTION('center_axis',(0.,0.,-1.));
#10466=DIRECTION('ref_axis',(0.707106781186548,0.707106781186548,0.));
#10467=DIRECTION('',(1.,1.55820775385987E-16,0.));
#10468=DIRECTION('',(-1.13869028166683E-16,-1.,0.));
#10469=DIRECTION('',(-1.,-3.93279116809609E-16,0.));
#10470=DIRECTION('center_axis',(0.,0.,-1.));
#10471=DIRECTION('ref_axis',(0.707106781186549,-0.707106781186546,0.));
#10472=DIRECTION('center_axis',(0.,0.,1.));
#10473=DIRECTION('ref_axis',(1.,0.,0.));
#10474=DIRECTION('',(-4.44089209850063E-16,1.,0.));
#10475=DIRECTION('',(-1.,7.40148683083438E-16,0.));
#10476=DIRECTION('',(-4.44089209850063E-16,-1.,0.));
#10477=DIRECTION('center_axis',(0.,0.,1.));
#10478=DIRECTION('ref_axis',(0.999999999999991,1.31130214242601E-7,0.));
#10479=DIRECTION('center_axis',(0.,0.,-1.));
#10480=DIRECTION('ref_axis',(-0.707106781186549,-0.707106781186546,0.));
#10481=DIRECTION('',(-1.,-3.93279116809609E-16,0.));
#10482=DIRECTION('',(0.,1.,0.));
#10483=DIRECTION('',(-0.559988002468476,0.828500716409688,0.));
#10484=DIRECTION('center_axis',(0.,0.,-1.));
#10485=DIRECTION('ref_axis',(0.292830397662466,-0.956164399151549,0.));
#10486=DIRECTION('',(0.,-1.,0.));
#10487=DIRECTION('center_axis',(0.,0.,-1.));
#10488=DIRECTION('ref_axis',(0.292830397662466,0.956164399151549,0.));
#10489=DIRECTION('',(0.559988002468477,0.828500716409687,0.));
#10490=DIRECTION('center_axis',(0.,0.,-1.));
#10491=DIRECTION('ref_axis',(-0.828500716409687,0.559988002468477,0.));
#10492=DIRECTION('',(-0.559988002468475,-0.828500716409689,0.));
#10493=DIRECTION('center_axis',(0.,0.,-1.));
#10494=DIRECTION('ref_axis',(0.828500716409689,-0.559988002468475,0.));
#10495=DIRECTION('',(0.559988002468477,-0.828500716409687,0.));
#10496=DIRECTION('center_axis',(0.,0.,-1.));
#10497=DIRECTION('ref_axis',(-0.292830397662466,0.956164399151549,0.));
#10498=DIRECTION('',(0.,1.,0.));
#10499=DIRECTION('center_axis',(0.,0.,-1.));
#10500=DIRECTION('ref_axis',(-0.292830397662466,-0.956164399151549,0.));
#10501=DIRECTION('center_axis',(0.,0.,-1.));
#10502=DIRECTION('ref_axis',(1.,0.,0.));
#10503=DIRECTION('center_axis',(0.,0.,-1.));
#10504=DIRECTION('ref_axis',(1.,0.,0.));
#10505=DIRECTION('center_axis',(0.,0.,-1.));
#10506=DIRECTION('ref_axis',(1.,0.,0.));
#10507=DIRECTION('center_axis',(0.,0.,-1.));
#10508=DIRECTION('ref_axis',(1.,0.,0.));
#10509=DIRECTION('',(-1.,-2.58152813138016E-16,0.));
#10510=DIRECTION('center_axis',(0.,0.,-1.));
#10511=DIRECTION('ref_axis',(0.883172690493906,-0.469047970644534,0.));
#10512=DIRECTION('',(0.559988002468482,-0.828500716409684,0.));
#10513=DIRECTION('center_axis',(0.,0.,-1.));
#10514=DIRECTION('ref_axis',(6.19557372061537E-16,1.,0.));
#10515=DIRECTION('',(0.55998800246848,0.828500716409685,0.));
#10516=DIRECTION('center_axis',(0.,0.,-1.));
#10517=DIRECTION('ref_axis',(-0.883172690493904,-0.469047970644538,0.));
#10518=DIRECTION('center_axis',(0.585838474791207,0.395971313928571,-0.707106781186542));
#10519=DIRECTION('ref_axis',(-0.770048311708593,0.,-0.63798557792065));
#10520=DIRECTION('',(0.585838474791198,0.39597131392857,0.707106781186551));
#10521=DIRECTION('',(0.559988002468476,-0.828500716409688,0.));
#10522=DIRECTION('',(-0.585838474791198,-0.395971313928567,-0.707106781186553));
#10523=DIRECTION('center_axis',(0.,0.,-1.));
#10524=DIRECTION('ref_axis',(-0.828500716409688,0.559988002468477,0.));
#10525=DIRECTION('',(0.585838474791204,-0.395971313928571,0.707106781186546));
#10526=DIRECTION('center_axis',(0.,0.,1.));
#10527=DIRECTION('ref_axis',(-0.828500716409688,0.559988002468477,0.));
#10528=DIRECTION('center_axis',(0.585838474791205,-0.395971313928571,-0.707106781186544));
#10529=DIRECTION('ref_axis',(-0.770048311708595,0.,-0.637985577920647));
#10530=DIRECTION('',(0.585838474791198,-0.395971313928567,0.707106781186553));
#10531=DIRECTION('',(-0.559988002468477,-0.828500716409687,0.));
#10532=DIRECTION('center_axis',(0.,0.,-1.));
#10533=DIRECTION('ref_axis',(0.292830397662466,0.956164399151549,0.));
#10534=DIRECTION('',(-0.707106781186544,0.,0.707106781186551));
#10535=DIRECTION('center_axis',(0.,0.,1.));
#10536=DIRECTION('ref_axis',(0.292830397662466,0.956164399151549,0.));
#10537=DIRECTION('center_axis',(-0.707106781186547,0.,-0.707106781186548));
#10538=DIRECTION('ref_axis',(-0.707106781186548,0.,0.707106781186547));
#10539=DIRECTION('',(-0.707106781186548,0.,0.707106781186547));
#10540=DIRECTION('',(0.,1.,0.));
#10541=DIRECTION('center_axis',(0.,0.,-1.));
#10542=DIRECTION('ref_axis',(0.292830397662466,-0.956164399151549,0.));
#10543=DIRECTION('center_axis',(0.,0.,1.));
#10544=DIRECTION('ref_axis',(0.292830397662466,-0.956164399151549,0.));
#10545=DIRECTION('center_axis',(-1.,0.,0.));
#10546=DIRECTION('ref_axis',(0.,-1.,0.));
#10547=DIRECTION('',(0.,0.,-1.));
#10548=DIRECTION('',(0.,-1.,0.));
#10549=DIRECTION('',(0.,0.,1.));
#10550=DIRECTION('center_axis',(0.,0.,1.));
#10551=DIRECTION('ref_axis',(0.292830397662466,-0.956164399151549,0.));
#10552=DIRECTION('',(0.,0.,1.));
#10553=DIRECTION('center_axis',(0.,0.,-1.));
#10554=DIRECTION('ref_axis',(0.292830397662466,-0.956164399151549,0.));
#10555=DIRECTION('center_axis',(0.828500716409688,0.559988002468476,0.));
#10556=DIRECTION('ref_axis',(-0.559988002468476,0.828500716409688,0.));
#10557=DIRECTION('',(0.,0.,1.));
#10558=DIRECTION('',(-0.559988002468476,0.828500716409688,0.));
#10559=DIRECTION('center_axis',(-1.82541604752275E-16,0.707106781186547,
-0.707106781186548));
#10560=DIRECTION('ref_axis',(-1.,0.,2.58152813138016E-16));
#10561=DIRECTION('',(0.,0.707106781186544,0.707106781186551));
#10562=DIRECTION('',(1.,2.58152813138016E-16,0.));
#10563=DIRECTION('',(0.,-0.707106781186548,-0.707106781186547));
#10564=DIRECTION('center_axis',(0.,0.,-1.));
#10565=DIRECTION('ref_axis',(-0.883172690493904,-0.469047970644538,0.));
#10566=DIRECTION('',(0.585838474791201,-0.395971313928572,0.707106781186547));
#10567=DIRECTION('center_axis',(0.,0.,1.));
#10568=DIRECTION('ref_axis',(-0.883172690493904,-0.469047970644538,0.));
#10569=DIRECTION('center_axis',(0.585838474791201,-0.395971313928571,-0.707106781186548));
#10570=DIRECTION('ref_axis',(-0.770048311708599,0.,-0.637985577920642));
#10571=DIRECTION('',(0.585838474791202,-0.395971313928573,0.707106781186546));
#10572=DIRECTION('',(-0.55998800246848,-0.828500716409685,0.));
#10573=DIRECTION('center_axis',(0.,0.,-1.));
#10574=DIRECTION('ref_axis',(6.19557372061536E-16,1.,0.));
#10575=DIRECTION('',(-0.585838474791197,-0.395971313928572,0.707106781186551));
#10576=DIRECTION('center_axis',(0.,0.,1.));
#10577=DIRECTION('ref_axis',(6.19557372061537E-16,1.,0.));
#10578=DIRECTION('center_axis',(-0.585838474791201,-0.395971313928573,-0.707106781186547));
#10579=DIRECTION('ref_axis',(-0.770048311708599,0.,0.637985577920643));
#10580=DIRECTION('',(-0.585838474791205,-0.395971313928559,0.707106781186552));
#10581=DIRECTION('',(-0.559988002468482,0.828500716409684,0.));
#10582=DIRECTION('center_axis',(0.,0.,-1.));
#10583=DIRECTION('ref_axis',(0.883172690493905,-0.469047970644535,0.));
#10584=DIRECTION('center_axis',(0.,0.,1.));
#10585=DIRECTION('ref_axis',(0.883172690493906,-0.469047970644535,0.));
#10586=DIRECTION('center_axis',(-0.828500716409684,-0.559988002468482,0.));
#10587=DIRECTION('ref_axis',(0.559988002468482,-0.828500716409684,0.));
#10588=DIRECTION('',(0.,0.,-1.));
#10589=DIRECTION('',(0.559988002468482,-0.828500716409684,0.));
#10590=DIRECTION('',(0.,0.,1.));
#10591=DIRECTION('center_axis',(0.,0.,1.));
#10592=DIRECTION('ref_axis',(0.883172690493906,-0.469047970644535,0.));
#10593=DIRECTION('',(0.,0.,1.));
#10594=DIRECTION('center_axis',(0.,0.,-1.));
#10595=DIRECTION('ref_axis',(0.883172690493906,-0.469047970644535,0.));
#10596=DIRECTION('center_axis',(-2.58152813138016E-16,1.,0.));
#10597=DIRECTION('ref_axis',(-1.,-2.58152813138016E-16,0.));
#10598=DIRECTION('',(0.,0.,-1.));
#10599=DIRECTION('',(-1.,-2.58152813138016E-16,0.));
#10600=DIRECTION('center_axis',(-0.585838474791203,0.395971313928567,-0.707106781186549));
#10601=DIRECTION('ref_axis',(-0.770048311708598,0.,0.637985577920643));
#10602=DIRECTION('',(-0.585838474791201,0.395971313928572,0.707106781186547));
#10603=DIRECTION('',(0.559988002468475,0.828500716409689,0.));
#10604=DIRECTION('',(0.585838474791204,-0.395971313928566,-0.707106781186548));
#10605=DIRECTION('center_axis',(0.,0.,-1.));
#10606=DIRECTION('ref_axis',(-0.292830397662466,-0.956164399151549,0.));
#10607=DIRECTION('',(0.707106781186544,0.,0.707106781186551));
#10608=DIRECTION('center_axis',(0.,0.,1.));
#10609=DIRECTION('ref_axis',(-0.292830397662466,-0.956164399151549,0.));
#10610=DIRECTION('center_axis',(0.707106781186547,0.,-0.707106781186548));
#10611=DIRECTION('ref_axis',(-0.707106781186548,0.,-0.707106781186547));
#10612=DIRECTION('',(0.707106781186548,-7.85046229341887E-15,0.707106781186547));
#10613=DIRECTION('',(0.,-1.,0.));
#10614=DIRECTION('center_axis',(0.,0.,-1.));
#10615=DIRECTION('ref_axis',(-0.292830397662466,0.956164399151549,0.));
#10616=DIRECTION('',(-0.585838474791198,-0.395971313928567,0.707106781186553));
#10617=DIRECTION('center_axis',(0.,0.,1.));
#10618=DIRECTION('ref_axis',(-0.292830397662466,0.956164399151549,0.));
#10619=DIRECTION('center_axis',(-0.585838474791206,-0.395971313928571,-0.707106781186544));
#10620=DIRECTION('ref_axis',(-0.770048311708595,0.,0.637985577920647));
#10621=DIRECTION('',(-0.585838474791203,-0.395971313928565,0.707106781186549));
#10622=DIRECTION('',(-0.559988002468477,0.828500716409687,0.));
#10623=DIRECTION('center_axis',(0.,0.,-1.));
#10624=DIRECTION('ref_axis',(0.828500716409689,-0.559988002468475,0.));
#10625=DIRECTION('center_axis',(0.,0.,1.));
#10626=DIRECTION('ref_axis',(0.828500716409689,-0.559988002468475,0.));
#10627=DIRECTION('center_axis',(-0.828500716409688,-0.559988002468477,0.));
#10628=DIRECTION('ref_axis',(0.559988002468477,-0.828500716409687,0.));
#10629=DIRECTION('',(0.,0.,1.));
#10630=DIRECTION('',(0.559988002468477,-0.828500716409687,0.));
#10631=DIRECTION('',(0.,0.,1.));
#10632=DIRECTION('center_axis',(0.,0.,1.));
#10633=DIRECTION('ref_axis',(0.828500716409689,-0.559988002468475,0.));
#10634=DIRECTION('',(0.,0.,1.));
#10635=DIRECTION('center_axis',(0.,0.,-1.));
#10636=DIRECTION('ref_axis',(0.828500716409689,-0.559988002468475,0.));
#10637=DIRECTION('center_axis',(-0.828500716409689,0.559988002468475,0.));
#10638=DIRECTION('ref_axis',(-0.559988002468475,-0.828500716409689,0.));
#10639=DIRECTION('',(0.,0.,-1.));
#10640=DIRECTION('',(-0.559988002468475,-0.828500716409689,0.));
#10641=DIRECTION('center_axis',(-2.78090330395129E-16,0.707106781186543,
-0.707106781186552));
#10642=DIRECTION('ref_axis',(-1.,0.,3.93279116809604E-16));
#10643=DIRECTION('',(1.,3.93279116809609E-16,0.));
#10644=DIRECTION('',(7.85046229341883E-15,-0.707106781186552,-0.707106781186543));
#10645=DIRECTION('',(-0.577350269189611,0.577350269189656,0.577350269189611));
#10646=DIRECTION('center_axis',(-0.707106781186547,8.05175619837833E-17,
-0.707106781186548));
#10647=DIRECTION('ref_axis',(-0.707106781186548,0.,0.707106781186547));
#10648=DIRECTION('',(-0.577350269189637,-0.577350269189611,0.57735026918963));
#10649=DIRECTION('',(1.13869028166683E-16,1.,0.));
#10650=DIRECTION('center_axis',(1.10181926925177E-16,-0.707106781186547,
-0.707106781186548));
#10651=DIRECTION('ref_axis',(-1.,0.,-1.55820775385987E-16));
#10652=DIRECTION('',(0.,-0.707106781186552,0.707106781186543));
#10653=DIRECTION('',(-1.,-1.55820775385987E-16,0.));
#10654=DIRECTION('center_axis',(0.,0.,-1.));
#10655=DIRECTION('ref_axis',(0.707106781186548,0.707106781186548,0.));
#10656=DIRECTION('',(-0.707106781186509,9.27230662215415E-8,0.70710678118658));
#10657=DIRECTION('center_axis',(0.,0.,1.));
#10658=DIRECTION('ref_axis',(0.707106781186547,0.707106781186547,0.));
#10659=DIRECTION('center_axis',(0.,0.,1.));
#10660=DIRECTION('ref_axis',(-0.999999999999991,-1.31130214242602E-7,0.));
#10661=DIRECTION('',(0.707106781186501,0.,0.707106781186594));
#10662=DIRECTION('center_axis',(0.,0.,-1.));
#10663=DIRECTION('ref_axis',(-0.999999999999991,-1.31130214242602E-7,0.));
#10664=DIRECTION('center_axis',(0.707106781186547,9.42055475210266E-16,
-0.707106781186548));
#10665=DIRECTION('ref_axis',(-0.707106781186548,0.,-0.707106781186547));
#10666=DIRECTION('',(1.33226762955019E-15,-1.,0.));
#10667=DIRECTION('',(0.57735026918963,-0.577350269189617,0.57735026918963));
#10668=DIRECTION('center_axis',(1.57009245868379E-15,-0.707106781186555,
-0.70710678118654));
#10669=DIRECTION('ref_axis',(-1.,0.,-2.22044604925036E-15));
#10670=DIRECTION('',(-0.577350269189628,-0.577350269189625,0.577350269189625));
#10671=DIRECTION('',(-1.,-2.22044604925031E-15,0.));
#10672=DIRECTION('center_axis',(1.10181926925177E-16,-0.707106781186547,
-0.707106781186548));
#10673=DIRECTION('ref_axis',(-1.,0.,-1.55820775385987E-16));
#10674=DIRECTION('',(-1.,-1.55820775385987E-16,0.));
#10675=DIRECTION('',(7.85046229341887E-15,0.707106781186548,-0.707106781186547));
#10676=DIRECTION('',(0.577350269189628,-0.577350269189622,0.577350269189628));
#10677=DIRECTION('center_axis',(0.,0.,-1.));
#10678=DIRECTION('ref_axis',(-0.70710678118655,0.707106781186545,0.));
#10679=DIRECTION('center_axis',(0.,0.,1.));
#10680=DIRECTION('ref_axis',(-0.70710678118655,0.707106781186545,0.));
#10681=DIRECTION('',(-0.707106781186501,-9.27230662215425E-8,-0.707106781186587));
#10682=DIRECTION('center_axis',(0.,0.,1.));
#10683=DIRECTION('ref_axis',(-1.,-3.5527136788005E-15,0.));
#10684=DIRECTION('center_axis',(0.,0.,-1.));
#10685=DIRECTION('ref_axis',(-1.,-3.5527136788005E-15,0.));
#10686=DIRECTION('',(0.70710678118655,0.,-0.707106781186545));
#10687=DIRECTION('center_axis',(-0.707106781186547,-1.57009245868377E-15,
-0.707106781186548));
#10688=DIRECTION('ref_axis',(-0.707106781186548,0.,0.707106781186547));
#10689=DIRECTION('',(-2.22044604925031E-15,1.,0.));
#10690=DIRECTION('center_axis',(0.707106781186547,0.,-0.707106781186548));
#10691=DIRECTION('ref_axis',(-0.707106781186548,0.,-0.707106781186547));
#10692=DIRECTION('',(0.,-1.,0.));
#10693=DIRECTION('',(0.577350269189624,0.57735026918963,0.577350269189623));
#10694=DIRECTION('center_axis',(-2.78090330395129E-16,0.707106781186543,
-0.707106781186552));
#10695=DIRECTION('ref_axis',(-1.,0.,3.93279116809604E-16));
#10696=DIRECTION('',(0.,0.707106781186552,0.707106781186543));
#10697=DIRECTION('',(1.,3.93279116809609E-16,0.));
#10698=DIRECTION('center_axis',(0.,0.,-1.));
#10699=DIRECTION('ref_axis',(-0.707106781186549,-0.707106781186546,0.));
#10700=DIRECTION('',(0.707106781186501,-9.27230505206179E-8,0.707106781186587));
#10701=DIRECTION('center_axis',(0.,0.,1.));
#10702=DIRECTION('ref_axis',(-0.707106781186549,-0.707106781186546,0.));
#10703=DIRECTION('center_axis',(0.,0.,1.));
#10704=DIRECTION('ref_axis',(0.999999999999991,1.31130214242601E-7,0.));
#10705=DIRECTION('',(-0.707106781186487,0.,0.707106781186608));
#10706=DIRECTION('center_axis',(0.,0.,-1.));
#10707=DIRECTION('ref_axis',(0.999999999999991,1.31130214242601E-7,0.));
#10708=DIRECTION('center_axis',(-0.707106781186547,3.14018491736755E-16,
-0.707106781186548));
#10709=DIRECTION('ref_axis',(-0.707106781186548,0.,0.707106781186547));
#10710=DIRECTION('',(4.44089209850063E-16,1.,0.));
#10711=DIRECTION('',(-0.577350269189628,0.577350269189625,0.577350269189625));
#10712=DIRECTION('center_axis',(5.23364152894597E-16,0.707106781186555,
-0.70710678118654));
#10713=DIRECTION('ref_axis',(-1.,0.,-7.40148683083454E-16));
#10714=DIRECTION('',(0.577350269189632,0.577350269189616,0.577350269189629));
#10715=DIRECTION('center_axis',(0.,0.,-1.));
#10716=DIRECTION('ref_axis',(0.707106781186549,-0.707106781186546,0.));
#10717=DIRECTION('center_axis',(0.,0.,1.));
#10718=DIRECTION('ref_axis',(0.707106781186549,-0.707106781186546,0.));
#10719=DIRECTION('',(0.707106781186458,9.18569247167152E-8,-0.707106781186631));
#10720=DIRECTION('center_axis',(0.,0.,1.));
#10721=DIRECTION('ref_axis',(1.,0.,0.));
#10722=DIRECTION('center_axis',(0.,0.,-1.));
#10723=DIRECTION('ref_axis',(1.,0.,0.));
#10724=DIRECTION('',(-0.707106781186548,0.,-0.707106781186547));
#10725=DIRECTION('center_axis',(0.707106781186547,3.14018491736755E-16,
-0.707106781186548));
#10726=DIRECTION('ref_axis',(-0.707106781186548,0.,-0.707106781186547));
#10727=DIRECTION('',(4.44089209850063E-16,-1.,0.));
#10728=DIRECTION('center_axis',(-1.,1.13869028166683E-16,0.));
#10729=DIRECTION('ref_axis',(-1.13869028166683E-16,-1.,0.));
#10730=DIRECTION('',(0.,0.,1.));
#10731=DIRECTION('',(-1.13869028166683E-16,-1.,0.));
#10732=DIRECTION('',(0.,0.,1.));
#10733=DIRECTION('center_axis',(1.55820775385987E-16,-1.,0.));
#10734=DIRECTION('ref_axis',(1.,1.55820775385987E-16,0.));
#10735=DIRECTION('',(0.,0.,-1.));
#10736=DIRECTION('',(0.707106781186548,1.10181926925177E-16,0.707106781186547));
#10737=DIRECTION('center_axis',(0.,0.,1.));
#10738=DIRECTION('ref_axis',(0.707106781186547,0.707106781186547,0.));
#10739=DIRECTION('',(0.,0.,1.));
#10740=DIRECTION('center_axis',(0.,0.,1.));
#10741=DIRECTION('ref_axis',(-0.999999999999991,-1.31130214242602E-7,0.));
#10742=DIRECTION('',(0.,0.,1.));
#10743=DIRECTION('center_axis',(0.,0.,1.));
#10744=DIRECTION('ref_axis',(-0.999999999999991,-1.31130214242602E-7,0.));
#10745=DIRECTION('center_axis',(1.,1.33226762955019E-15,0.));
#10746=DIRECTION('ref_axis',(-1.33226762955019E-15,1.,0.));
#10747=DIRECTION('',(0.,0.,1.));
#10748=DIRECTION('',(-1.33226762955019E-15,1.,0.));
#10749=DIRECTION('center_axis',(2.22044604925031E-15,-1.,0.));
#10750=DIRECTION('ref_axis',(1.,2.22044604925031E-15,0.));
#10751=DIRECTION('',(0.,0.,1.));
#10752=DIRECTION('',(1.,2.22044604925031E-15,0.));
#10753=DIRECTION('center_axis',(-1.,-2.22044604925031E-15,0.));
#10754=DIRECTION('ref_axis',(2.22044604925031E-15,-1.,0.));
#10755=DIRECTION('',(0.,0.,1.));
#10756=DIRECTION('',(2.22044604925031E-15,-1.,0.));
#10757=DIRECTION('center_axis',(0.,0.,1.));
#10758=DIRECTION('ref_axis',(-1.,-3.5527136788005E-15,0.));
#10759=DIRECTION('',(0.,0.,1.));
#10760=DIRECTION('center_axis',(0.,0.,1.));
#10761=DIRECTION('ref_axis',(-1.,-3.5527136788005E-15,0.));
#10762=DIRECTION('center_axis',(0.,0.,-1.));
#10763=DIRECTION('ref_axis',(-0.70710678118655,0.707106781186545,0.));
#10764=DIRECTION('',(0.,0.,1.));
#10765=DIRECTION('center_axis',(1.55820775385987E-16,-1.,0.));
#10766=DIRECTION('ref_axis',(1.,1.55820775385987E-16,0.));
#10767=DIRECTION('',(0.,0.,1.));
#10768=DIRECTION('',(0.707106781186548,1.10181926925177E-16,-0.707106781186547));
#10769=DIRECTION('center_axis',(1.55820775385988E-16,-1.,0.));
#10770=DIRECTION('ref_axis',(0.432220039292731,3.35415928385378E-17,0.901768172888015));
#10771=DIRECTION('center_axis',(-1.55820775385987E-16,1.,0.));
#10772=DIRECTION('ref_axis',(0.432220039292731,0.,0.901768172888016));
#10773=DIRECTION('center_axis',(1.55820775385987E-16,-1.,0.));
#10774=DIRECTION('ref_axis',(0.432220039292731,6.73488616599552E-17,0.901768172888016));
#10775=DIRECTION('center_axis',(-6.21724812263178E-15,1.,0.));
#10776=DIRECTION('ref_axis',(-0.707106781186547,-4.18691322315674E-15,-0.707106781186548));
#10777=DIRECTION('',(-6.21724812263178E-15,1.,0.));
#10778=DIRECTION('',(-6.21724812263178E-15,1.,0.));
#10779=DIRECTION('center_axis',(-1.55820775385987E-16,1.,0.));
#10780=DIRECTION('ref_axis',(-0.707106781186547,-4.18691322315674E-15,-0.707106781186548));
#10781=DIRECTION('center_axis',(0.,1.,0.));
#10782=DIRECTION('ref_axis',(0.432220039292731,0.,0.901768172888016));
#10783=DIRECTION('',(8.88178303233115E-16,-1.,0.));
#10784=DIRECTION('center_axis',(4.75405308660287E-33,-0.707106781186549,
0.707106781186546));
#10785=DIRECTION('ref_axis',(0.,0.707106781186546,0.707106781186549));
#10786=DIRECTION('center_axis',(-6.72324635131544E-33,1.,-1.710569414459E-47));
#10787=DIRECTION('ref_axis',(0.432220039292731,2.90592180214029E-33,0.901768172888016));
#10788=DIRECTION('center_axis',(4.75405308660287E-33,-0.707106781186549,
0.707106781186546));
#10789=DIRECTION('ref_axis',(0.,0.707106781186546,0.707106781186549));
#10790=DIRECTION('center_axis',(-0.707106781186547,8.05175619837833E-17,
0.707106781186548));
#10791=DIRECTION('ref_axis',(0.707106781186548,0.,0.707106781186547));
#10792=DIRECTION('',(-0.707106781186548,-2.78090330395131E-16,-0.707106781186547));
#10793=DIRECTION('center_axis',(-3.93279116809609E-16,1.,0.));
#10794=DIRECTION('ref_axis',(-1.,-3.93279116809609E-16,0.));
#10795=DIRECTION('',(0.,0.,1.));
#10796=DIRECTION('center_axis',(0.707106781186547,0.,0.707106781186548));
#10797=DIRECTION('ref_axis',(0.707106781186548,0.,-0.707106781186547));
#10798=DIRECTION('',(-0.707106781186548,-2.78090330395131E-16,0.707106781186547));
#10799=DIRECTION('',(0.,1.,0.));
#10800=DIRECTION('center_axis',(0.585838474791201,0.395971313928573,0.707106781186547));
#10801=DIRECTION('ref_axis',(0.770048311708598,0.,-0.637985577920643));
#10802=DIRECTION('',(-0.585838474791201,-0.395971313928572,0.707106781186547));
#10803=DIRECTION('',(0.585838474791199,0.395971313928573,-0.707106781186548));
#10804=DIRECTION('',(-0.559988002468482,0.828500716409684,0.));
#10805=DIRECTION('center_axis',(0.,0.,1.));
#10806=DIRECTION('ref_axis',(-0.883172690493905,0.469047970644536,0.));
#10807=DIRECTION('',(0.,0.707106781186552,0.707106781186543));
#10808=DIRECTION('center_axis',(2.78225079455468E-16,-0.707106781186551,
0.707106781186544));
#10809=DIRECTION('ref_axis',(1.,0.,-3.93469680758257E-16));
#10810=DIRECTION('',(0.,0.707106781186544,0.707106781186551));
#10811=DIRECTION('center_axis',(0.,0.,1.));
#10812=DIRECTION('ref_axis',(0.883172690493903,0.469047970644539,0.));
#10813=DIRECTION('',(0.585838474791204,-0.395971313928571,0.707106781186546));
#10814=DIRECTION('center_axis',(-0.585838474791201,0.395971313928573,0.707106781186546));
#10815=DIRECTION('ref_axis',(0.770048311708598,0.,0.637985577920643));
#10816=DIRECTION('',(0.585838474791194,-0.395971313928576,0.707106781186551));
#10817=DIRECTION('',(-0.559988002468482,-0.828500716409684,0.));
#10818=DIRECTION('center_axis',(0.,0.,1.));
#10819=DIRECTION('ref_axis',(-6.19557372061535E-16,-1.,0.));
#10820=DIRECTION('center_axis',(0.,0.,-1.));
#10821=DIRECTION('ref_axis',(-6.19557372061535E-16,-1.,0.));
#10822=DIRECTION('center_axis',(0.828500716409684,0.559988002468482,0.));
#10823=DIRECTION('ref_axis',(-0.559988002468482,0.828500716409684,0.));
#10824=DIRECTION('',(0.,0.,1.));
#10825=DIRECTION('center_axis',(0.585838474791207,0.395971313928571,0.707106781186542));
#10826=DIRECTION('ref_axis',(0.770048311708593,0.,-0.63798557792065));
#10827=DIRECTION('',(-0.585838474791198,-0.39597131392857,0.707106781186551));
#10828=DIRECTION('',(0.585838474791198,0.395971313928567,-0.707106781186553));
#10829=DIRECTION('center_axis',(0.,0.,1.));
#10830=DIRECTION('ref_axis',(-0.828500716409688,0.559988002468477,0.));
#10831=DIRECTION('',(-0.585838474791204,0.395971313928571,0.707106781186546));
#10832=DIRECTION('center_axis',(0.,0.,-1.));
#10833=DIRECTION('ref_axis',(-0.828500716409688,0.559988002468477,0.));
#10834=DIRECTION('center_axis',(0.585838474791205,-0.395971313928571,0.707106781186544));
#10835=DIRECTION('ref_axis',(0.770048311708595,0.,-0.637985577920647));
#10836=DIRECTION('',(-0.585838474791198,0.395971313928567,0.707106781186553));
#10837=DIRECTION('',(0.559988002468477,0.828500716409687,0.));
#10838=DIRECTION('center_axis',(0.,0.,1.));
#10839=DIRECTION('ref_axis',(0.292830397662466,0.956164399151549,0.));
#10840=DIRECTION('center_axis',(0.,0.,-1.));
#10841=DIRECTION('ref_axis',(0.292830397662466,0.956164399151549,0.));
#10842=DIRECTION('',(0.707106781186544,0.,0.707106781186551));
#10843=DIRECTION('center_axis',(-0.707106781186547,0.,0.707106781186548));
#10844=DIRECTION('ref_axis',(0.707106781186548,0.,0.707106781186547));
#10845=DIRECTION('',(0.707106781186548,0.,0.707106781186547));
#10846=DIRECTION('center_axis',(0.,0.,1.));
#10847=DIRECTION('ref_axis',(0.292830397662466,-0.956164399151549,0.));
#10848=DIRECTION('center_axis',(0.828500716409687,-0.559988002468477,0.));
#10849=DIRECTION('ref_axis',(0.559988002468477,0.828500716409687,0.));
#10850=DIRECTION('',(0.,0.,-1.));
#10851=DIRECTION('',(0.,0.,1.));
#10852=DIRECTION('center_axis',(0.,0.,1.));
#10853=DIRECTION('ref_axis',(-0.828500716409688,0.559988002468477,0.));
#10854=DIRECTION('center_axis',(0.707106781186547,0.,0.707106781186548));
#10855=DIRECTION('ref_axis',(0.707106781186548,0.,-0.707106781186547));
#10856=DIRECTION('',(-0.707106781186548,7.85046229341887E-15,0.707106781186547));
#10857=DIRECTION('',(0.707106781186548,0.,-0.707106781186547));
#10858=DIRECTION('',(0.,1.,0.));
#10859=DIRECTION('center_axis',(0.,0.,1.));
#10860=DIRECTION('ref_axis',(-0.292830397662466,0.956164399151549,0.));
#10861=DIRECTION('center_axis',(0.,0.,-1.));
#10862=DIRECTION('ref_axis',(-0.292830397662466,0.956164399151549,0.));
#10863=DIRECTION('',(0.585838474791198,0.395971313928567,0.707106781186553));
#10864=DIRECTION('center_axis',(-0.585838474791206,-0.395971313928571,0.707106781186544));
#10865=DIRECTION('ref_axis',(0.770048311708595,0.,0.637985577920647));
#10866=DIRECTION('',(0.585838474791203,0.395971313928565,0.707106781186549));
#10867=DIRECTION('center_axis',(0.,0.,1.));
#10868=DIRECTION('ref_axis',(0.828500716409689,-0.559988002468475,0.));
#10869=DIRECTION('',(0.585838474791203,-0.395971313928568,0.707106781186547));
#10870=DIRECTION('center_axis',(-0.585838474791203,0.395971313928567,0.707106781186549));
#10871=DIRECTION('ref_axis',(0.770048311708598,0.,0.637985577920643));
#10872=DIRECTION('',(0.585838474791201,-0.395971313928572,0.707106781186547));
#10873=DIRECTION('center_axis',(0.,0.,1.));
#10874=DIRECTION('ref_axis',(-0.292830397662466,-0.956164399151549,0.));
#10875=DIRECTION('center_axis',(0.,0.,-1.));
#10876=DIRECTION('ref_axis',(-0.292830397662466,-0.956164399151549,0.));
#10877=DIRECTION('center_axis',(0.,0.,1.));
#10878=DIRECTION('ref_axis',(-0.292830397662466,0.956164399151549,0.));
#10879=DIRECTION('',(0.,0.,-1.));
#10880=DIRECTION('center_axis',(1.,0.,0.));
#10881=DIRECTION('ref_axis',(0.,1.,0.));
#10882=DIRECTION('',(0.,0.,1.));
#10883=DIRECTION('center_axis',(0.585838474791201,-0.395971313928571,0.707106781186548));
#10884=DIRECTION('ref_axis',(0.770048311708599,0.,-0.637985577920642));
#10885=DIRECTION('',(-0.585838474791202,0.395971313928573,0.707106781186546));
#10886=DIRECTION('',(0.585838474791201,-0.395971313928572,-0.707106781186547));
#10887=DIRECTION('',(0.55998800246848,0.828500716409685,0.));
#10888=DIRECTION('center_axis',(0.,0.,1.));
#10889=DIRECTION('ref_axis',(6.19557372061536E-16,1.,0.));
#10890=DIRECTION('center_axis',(0.,0.,-1.));
#10891=DIRECTION('ref_axis',(6.19557372061537E-16,1.,0.));
#10892=DIRECTION('',(0.585838474791197,0.395971313928572,0.707106781186551));
#10893=DIRECTION('center_axis',(-0.585838474791201,-0.395971313928573,0.707106781186547));
#10894=DIRECTION('ref_axis',(0.770048311708599,0.,0.637985577920643));
#10895=DIRECTION('',(0.585838474791205,0.395971313928559,0.707106781186552));
#10896=DIRECTION('center_axis',(0.,0.,1.));
#10897=DIRECTION('ref_axis',(0.883172690493905,-0.469047970644535,0.));
#10898=DIRECTION('',(0.,-0.707106781186544,0.707106781186551));
#10899=DIRECTION('center_axis',(-1.82541604752275E-16,0.707106781186547,
0.707106781186548));
#10900=DIRECTION('ref_axis',(1.,0.,2.58152813138016E-16));
#10901=DIRECTION('',(0.,-0.707106781186544,0.707106781186551));
#10902=DIRECTION('center_axis',(0.,0.,1.));
#10903=DIRECTION('ref_axis',(-0.883172690493904,-0.469047970644538,0.));
#10904=DIRECTION('center_axis',(0.,0.,-1.));
#10905=DIRECTION('ref_axis',(-0.883172690493904,-0.469047970644538,0.));
#10906=DIRECTION('center_axis',(0.,0.,1.));
#10907=DIRECTION('ref_axis',(6.19557372061537E-16,1.,0.));
#10908=DIRECTION('',(0.,0.,-1.));
#10909=DIRECTION('center_axis',(0.828500716409685,-0.55998800246848,0.));
#10910=DIRECTION('ref_axis',(0.55998800246848,0.828500716409685,0.));
#10911=DIRECTION('',(0.,0.,1.));
#10912=DIRECTION('center_axis',(4.75405308660287E-33,-0.707106781186549,
0.707106781186546));
#10913=DIRECTION('ref_axis',(1.,0.,-6.72324635131547E-33));
#10914=DIRECTION('center_axis',(-4.75405308660287E-33,0.707106781186549,
-0.707106781186546));
#10915=DIRECTION('ref_axis',(0.,0.707106781186546,0.707106781186549));
#10916=DIRECTION('',(1.,6.72324635131544E-33,0.));
#10917=DIRECTION('',(-1.,-6.72324635131544E-33,0.));
#10918=DIRECTION('',(1.,6.72324635131544E-33,0.));
#10919=DIRECTION('center_axis',(-4.75405308660287E-33,0.707106781186549,
-0.707106781186546));
#10920=DIRECTION('ref_axis',(0.,0.707106781186546,0.707106781186549));
#10921=DIRECTION('',(1.,6.72324635131544E-33,0.));
#10922=DIRECTION('',(1.,6.72324635131544E-33,0.));
#10923=DIRECTION('center_axis',(6.72324635131544E-33,-1.,1.77899219103736E-47));
#10924=DIRECTION('ref_axis',(1.,6.72324635131544E-33,0.));
#10925=DIRECTION('center_axis',(0.,0.,1.));
#10926=DIRECTION('ref_axis',(1.,0.,0.));
#10927=DIRECTION('center_axis',(0.,0.,-1.));
#10928=DIRECTION('ref_axis',(1.,0.,0.));
#10929=DIRECTION('center_axis',(0.,0.,-1.));
#10930=DIRECTION('ref_axis',(1.,0.,0.));
#10931=DIRECTION('center_axis',(0.,0.,1.));
#10932=DIRECTION('ref_axis',(1.,0.,0.));
#10933=DIRECTION('',(-4.44089209850063E-16,1.,0.));
#10934=DIRECTION('center_axis',(0.,0.,1.));
#10935=DIRECTION('ref_axis',(1.,0.,0.));
#10936=DIRECTION('center_axis',(0.,0.,-1.));
#10937=DIRECTION('ref_axis',(1.,0.,0.));
#10938=DIRECTION('center_axis',(0.,0.,-1.));
#10939=DIRECTION('ref_axis',(1.,0.,0.));
#10940=DIRECTION('center_axis',(0.,0.,1.));
#10941=DIRECTION('ref_axis',(1.,0.,0.));
#10942=DIRECTION('center_axis',(0.,0.,-1.));
#10943=DIRECTION('ref_axis',(1.,0.,0.));
#10944=DIRECTION('center_axis',(0.,0.,-1.));
#10945=DIRECTION('ref_axis',(1.,0.,0.));
#10946=DIRECTION('center_axis',(0.,0.,1.));
#10947=DIRECTION('ref_axis',(0.999999999999991,1.31130214242601E-7,0.));
#10948=DIRECTION('',(-4.44089209850063E-16,-1.,0.));
#10949=DIRECTION('center_axis',(0.,0.,1.));
#10950=DIRECTION('ref_axis',(-0.292830397662466,-0.956164399151549,0.));
#10951=DIRECTION('center_axis',(0.,0.,1.));
#10952=DIRECTION('ref_axis',(0.292830397662466,0.956164399151549,0.));
#10953=DIRECTION('center_axis',(0.,0.,1.));
#10954=DIRECTION('ref_axis',(-0.883172690493904,-0.469047970644538,0.));
#10955=DIRECTION('center_axis',(0.,0.,1.));
#10956=DIRECTION('ref_axis',(-6.19557372061535E-16,-1.,0.));
#10957=DIRECTION('',(0.,0.,-1.));
#10958=DIRECTION('center_axis',(-0.828500716409684,0.559988002468482,0.));
#10959=DIRECTION('ref_axis',(-0.559988002468482,-0.828500716409684,0.));
#10960=DIRECTION('center_axis',(8.88178303233115E-16,-1.,0.));
#10961=DIRECTION('ref_axis',(0.707106781186547,0.,-0.707106781186548));
#10962=DIRECTION('center_axis',(-1.55820775385987E-16,1.,0.));
#10963=DIRECTION('ref_axis',(0.707106781186547,0.,-0.707106781186548));
#10964=DIRECTION('',(8.88178303233115E-16,-1.,0.));
#10965=DIRECTION('center_axis',(0.,0.,-1.));
#10966=DIRECTION('ref_axis',(0.707106781186549,-0.707106781186546,0.));
#10967=DIRECTION('',(0.,0.,1.));
#10968=DIRECTION('center_axis',(0.,0.,1.));
#10969=DIRECTION('ref_axis',(-0.707106781186549,-0.707106781186546,0.));
#10970=DIRECTION('',(0.,0.,1.));
#10971=DIRECTION('',(0.,0.,-1.));
#10972=DIRECTION('center_axis',(-3.93279116809609E-16,1.,0.));
#10973=DIRECTION('ref_axis',(-1.,-3.93279116809609E-16,0.));
#10974=DIRECTION('',(0.,0.,1.));
#10975=DIRECTION('center_axis',(0.,0.,1.));
#10976=DIRECTION('ref_axis',(1.,0.,0.));
#10977=DIRECTION('',(0.,0.,-1.));
#10978=DIRECTION('center_axis',(0.,0.,1.));
#10979=DIRECTION('ref_axis',(1.,0.,0.));
#10980=DIRECTION('',(0.,0.,-1.));
#10981=DIRECTION('center_axis',(1.,4.44089209850063E-16,0.));
#10982=DIRECTION('ref_axis',(-4.44089209850063E-16,1.,0.));
#10983=DIRECTION('',(0.,0.,1.));
#10984=DIRECTION('center_axis',(-1.,4.44089209850063E-16,0.));
#10985=DIRECTION('ref_axis',(-4.44089209850063E-16,-1.,0.));
#10986=DIRECTION('',(0.,0.,1.));
#10987=DIRECTION('center_axis',(0.,0.,1.));
#10988=DIRECTION('ref_axis',(0.999999999999991,1.31130214242601E-7,0.));
#10989=DIRECTION('center_axis',(0.,0.,1.));
#10990=DIRECTION('ref_axis',(1.,0.,0.));
#10991=DIRECTION('center_axis',(-1.55820775385987E-16,1.,0.));
#10992=DIRECTION('ref_axis',(-1.,-1.55820775385987E-16,0.));
#10993=DIRECTION('center_axis',(0.,0.,1.));
#10994=DIRECTION('ref_axis',(1.,0.,0.));
#10995=DIRECTION('',(0.,0.,-1.));
#10996=DIRECTION('center_axis',(0.,0.,1.));
#10997=DIRECTION('ref_axis',(1.,0.,0.));
#10998=DIRECTION('center_axis',(0.,0.,-1.));
#10999=DIRECTION('ref_axis',(1.,0.,0.));
#11000=DIRECTION('center_axis',(0.,0.,-1.));
#11001=DIRECTION('ref_axis',(1.,0.,0.));
#11002=DIRECTION('',(0.,0.,-1.));
#11003=DIRECTION('center_axis',(0.,0.,1.));
#11004=DIRECTION('ref_axis',(1.,0.,0.));
#11005=DIRECTION('center_axis',(1.,0.,0.));
#11006=DIRECTION('ref_axis',(0.,1.,0.));
#11007=DIRECTION('',(0.,0.,1.));
#11008=DIRECTION('',(1.,0.,0.));
#11009=DIRECTION('',(0.,0.,1.));
#11010=DIRECTION('',(1.,0.,0.));
#11011=DIRECTION('',(0.,0.,1.));
#11012=DIRECTION('',(1.,0.,0.));
#11013=CARTESIAN_POINT('',(0.,0.,0.));
#11014=CARTESIAN_POINT('',(0.,0.,0.));
#11015=CARTESIAN_POINT('Origin',(4.34999999999999,-37.2,13.3));
#11016=CARTESIAN_POINT('',(4.34999999999999,-37.4,9.3));
#11017=CARTESIAN_POINT('',(4.34999999999999,-37.,8.9));
#11018=CARTESIAN_POINT('',(4.34999999999999,-37.4,9.3));
#11019=CARTESIAN_POINT('',(4.34999999999999,-37.,17.7));
#11020=CARTESIAN_POINT('Origin',(4.34999999999999,-37.,13.3));
#11021=CARTESIAN_POINT('',(4.34999999999999,-37.4,17.3));
#11022=CARTESIAN_POINT('',(4.34999999999999,-37.,17.7));
#11023=CARTESIAN_POINT('Origin',(4.34999999999999,-37.4,13.3));
#11024=CARTESIAN_POINT('Origin',(-13.075,-37.2,9.1));
#11025=CARTESIAN_POINT('',(8.34999999999999,-37.4,9.3));
#11026=CARTESIAN_POINT('',(8.34999999999999,-37.,8.9));
#11027=CARTESIAN_POINT('',(8.34999999999999,-37.4,9.3));
#11028=CARTESIAN_POINT('',(-13.075,-37.,8.9));
#11029=CARTESIAN_POINT('',(-13.075,-37.4,9.3));
#11030=CARTESIAN_POINT('Origin',(8.34999999999999,-37.2,13.3));
#11031=CARTESIAN_POINT('',(8.34999999999999,-37.4,17.3));
#11032=CARTESIAN_POINT('',(8.34999999999999,-37.,17.7));
#11033=CARTESIAN_POINT('',(8.34999999999999,-37.4,17.3));
#11034=CARTESIAN_POINT('Origin',(8.34999999999999,-37.,13.3));
#11035=CARTESIAN_POINT('Origin',(8.34999999999999,-37.4,13.3));
#11036=CARTESIAN_POINT('Origin',(-11.075,-37.2,17.5));
#11037=CARTESIAN_POINT('',(-11.075,-37.,17.7));
#11038=CARTESIAN_POINT('',(-11.075,-37.4,17.3));
#11039=CARTESIAN_POINT('Origin',(4.34999999999999,-37.,9.3));
#11040=CARTESIAN_POINT('',(4.34999999999999,-38.6,9.3));
#11041=CARTESIAN_POINT('',(4.34999999999999,-37.,9.3));
#11042=CARTESIAN_POINT('',(8.34999999999999,-38.6,9.3));
#11043=CARTESIAN_POINT('',(-13.075,-38.6,9.3));
#11044=CARTESIAN_POINT('',(8.34999999999999,-37.,9.3));
#11045=CARTESIAN_POINT('Origin',(4.34999999999999,-37.,13.3));
#11046=CARTESIAN_POINT('',(4.34999999999999,-38.6,17.3));
#11047=CARTESIAN_POINT('',(4.34999999999999,-37.,17.3));
#11048=CARTESIAN_POINT('Origin',(4.34999999999999,-38.6,13.3));
#11049=CARTESIAN_POINT('Origin',(-30.5,-37.,0.));
#11050=CARTESIAN_POINT('',(28.5,-37.,26.6));
#11051=CARTESIAN_POINT('',(-28.5,-37.,26.6));
#11052=CARTESIAN_POINT('',(-15.25,-37.,26.6));
#11053=CARTESIAN_POINT('',(28.5,-37.,2.));
#11054=CARTESIAN_POINT('',(28.5,-37.,0.));
#11055=CARTESIAN_POINT('',(-28.5,-37.,2.));
#11056=CARTESIAN_POINT('',(-15.25,-37.,2.));
#11057=CARTESIAN_POINT('',(-28.5,-37.,0.));
#11058=CARTESIAN_POINT('',(-20.2,-37.,22.9171572875253));
#11059=CARTESIAN_POINT('',(-4.79999999999996,-37.,22.9171572875254));
#11060=CARTESIAN_POINT('',(-17.75,-37.,22.9171572875253));
#11061=CARTESIAN_POINT('',(-4.79999999999996,-37.,25.0828427124746));
#11062=CARTESIAN_POINT('',(-4.79999999999995,-37.,12.1));
#11063=CARTESIAN_POINT('',(-20.2,-37.,25.0828427124747));
#11064=CARTESIAN_POINT('',(-17.7499999999999,-37.,25.0828427124747));
#11065=CARTESIAN_POINT('',(-20.2,-37.,12.1));
#11066=CARTESIAN_POINT('',(20.2,-37.,25.0828427124746));
#11067=CARTESIAN_POINT('',(4.80000000000004,-37.,25.0828427124746));
#11068=CARTESIAN_POINT('',(-12.7499999999999,-37.,25.0828427124746));
#11069=CARTESIAN_POINT('',(4.80000000000004,-37.,22.9171572875254));
#11070=CARTESIAN_POINT('',(4.80000000000005,-37.,12.1));
#11071=CARTESIAN_POINT('',(20.2,-37.,22.9171572875254));
#11072=CARTESIAN_POINT('',(-12.75,-37.,22.9171572875254));
#11073=CARTESIAN_POINT('',(20.2,-37.,12.1));
#11074=CARTESIAN_POINT('Origin',(4.34999999999999,-38.8,13.3));
#11075=CARTESIAN_POINT('',(4.34999999999999,-39.,17.7));
#11076=CARTESIAN_POINT('',(4.34999999999999,-38.6,17.3));
#11077=CARTESIAN_POINT('',(4.34999999999999,-39.,8.9));
#11078=CARTESIAN_POINT('Origin',(4.34999999999999,-39.,13.3));
#11079=CARTESIAN_POINT('',(4.34999999999999,-39.,8.9));
#11080=CARTESIAN_POINT('Origin',(-11.075,-38.8,17.5));
#11081=CARTESIAN_POINT('',(8.34999999999999,-38.6,17.3));
#11082=CARTESIAN_POINT('',(8.34999999999999,-39.,17.7));
#11083=CARTESIAN_POINT('',(8.34999999999999,-38.6,17.3));
#11084=CARTESIAN_POINT('',(-11.075,-39.,17.7));
#11085=CARTESIAN_POINT('',(-11.075,-38.6,17.3));
#11086=CARTESIAN_POINT('Origin',(8.34999999999999,-38.8,13.3));
#11087=CARTESIAN_POINT('',(8.34999999999999,-39.,8.9));
#11088=CARTESIAN_POINT('',(8.34999999999999,-38.6,9.3));
#11089=CARTESIAN_POINT('Origin',(8.34999999999999,-39.,13.3));
#11090=CARTESIAN_POINT('Origin',(8.34999999999999,-38.6,13.3));
#11091=CARTESIAN_POINT('Origin',(-13.075,-38.8,9.1));
#11092=CARTESIAN_POINT('',(-13.075,-39.,8.9));
#11093=CARTESIAN_POINT('Origin',(8.34999999999999,-37.,17.3));
#11094=CARTESIAN_POINT('',(8.34999999999999,-37.,17.3));
#11095=CARTESIAN_POINT('Origin',(-30.5,-39.,0.));
#11096=CARTESIAN_POINT('',(-28.5,-39.,26.8));
#11097=CARTESIAN_POINT('',(28.5,-39.,26.8));
#11098=CARTESIAN_POINT('',(-15.25,-39.,26.8));
#11099=CARTESIAN_POINT('',(-28.5,-39.,0.4));
#11100=CARTESIAN_POINT('',(-28.5,-39.,0.));
#11101=CARTESIAN_POINT('',(28.5,-39.,0.4));
#11102=CARTESIAN_POINT('',(-15.25,-39.,0.4));
#11103=CARTESIAN_POINT('',(28.5,-39.,0.));
#11104=CARTESIAN_POINT('Origin',(8.34999999999999,-37.,13.3));
#11105=CARTESIAN_POINT('Origin',(20.32,-29.21,5.9));
#11106=CARTESIAN_POINT('',(23.93,-29.21,6.));
#11107=CARTESIAN_POINT('Origin',(20.32,-29.21,6.));
#11108=CARTESIAN_POINT('',(24.13,-29.21,5.8));
#11109=CARTESIAN_POINT('',(24.03,-29.21,5.9));
#11110=CARTESIAN_POINT('Origin',(20.32,-29.21,5.8));
#11111=CARTESIAN_POINT('Origin',(20.32,-29.21,2.));
#11112=CARTESIAN_POINT('',(24.13,-29.21,2.));
#11113=CARTESIAN_POINT('',(24.13,-29.21,2.));
#11114=CARTESIAN_POINT('Origin',(20.32,-29.21,2.));
#11115=CARTESIAN_POINT('Origin',(20.32,-29.21,6.));
#11116=CARTESIAN_POINT('',(21.62,-29.21,6.));
#11117=CARTESIAN_POINT('Origin',(20.32,-29.21,6.));
#11118=CARTESIAN_POINT('Origin',(20.32,29.21,5.9));
#11119=CARTESIAN_POINT('',(23.93,29.21,6.));
#11120=CARTESIAN_POINT('Origin',(20.32,29.21,6.));
#11121=CARTESIAN_POINT('',(24.13,29.21,5.8));
#11122=CARTESIAN_POINT('',(24.03,29.21,5.9));
#11123=CARTESIAN_POINT('Origin',(20.32,29.21,5.8));
#11124=CARTESIAN_POINT('Origin',(20.32,29.21,2.));
#11125=CARTESIAN_POINT('',(24.13,29.21,2.));
#11126=CARTESIAN_POINT('',(24.13,29.21,2.));
#11127=CARTESIAN_POINT('Origin',(20.32,29.21,2.));
#11128=CARTESIAN_POINT('Origin',(20.32,29.21,6.));
#11129=CARTESIAN_POINT('',(21.62,29.21,6.));
#11130=CARTESIAN_POINT('Origin',(20.32,29.21,6.));
#11131=CARTESIAN_POINT('Origin',(-20.32,-29.21,5.9));
#11132=CARTESIAN_POINT('',(-16.71,-29.21,6.));
#11133=CARTESIAN_POINT('Origin',(-20.32,-29.21,6.));
#11134=CARTESIAN_POINT('',(-16.51,-29.21,5.8));
#11135=CARTESIAN_POINT('',(-16.61,-29.21,5.9));
#11136=CARTESIAN_POINT('Origin',(-20.32,-29.21,5.8));
#11137=CARTESIAN_POINT('Origin',(-20.32,-29.21,2.));
#11138=CARTESIAN_POINT('',(-16.51,-29.21,2.));
#11139=CARTESIAN_POINT('',(-16.51,-29.21,2.));
#11140=CARTESIAN_POINT('Origin',(-20.32,-29.21,2.));
#11141=CARTESIAN_POINT('Origin',(-20.32,-29.21,6.));
#11142=CARTESIAN_POINT('',(-19.02,-29.21,6.));
#11143=CARTESIAN_POINT('Origin',(-20.32,-29.21,6.));
#11144=CARTESIAN_POINT('Origin',(-20.32,29.21,5.9));
#11145=CARTESIAN_POINT('',(-16.71,29.21,6.));
#11146=CARTESIAN_POINT('Origin',(-20.32,29.21,6.));
#11147=CARTESIAN_POINT('',(-16.51,29.21,5.8));
#11148=CARTESIAN_POINT('',(-16.61,29.21,5.9));
#11149=CARTESIAN_POINT('Origin',(-20.32,29.21,5.8));
#11150=CARTESIAN_POINT('Origin',(-20.32,29.21,2.));
#11151=CARTESIAN_POINT('',(-16.51,29.21,2.));
#11152=CARTESIAN_POINT('',(-16.51,29.21,2.));
#11153=CARTESIAN_POINT('Origin',(-20.32,29.21,2.));
#11154=CARTESIAN_POINT('Origin',(-20.32,29.21,6.));
#11155=CARTESIAN_POINT('',(-19.02,29.21,6.));
#11156=CARTESIAN_POINT('Origin',(-20.32,29.21,6.));
#11157=CARTESIAN_POINT('Origin',(28.8,15.48,11.));
#11158=CARTESIAN_POINT('',(28.7,15.38,26.8));
#11159=CARTESIAN_POINT('',(29.1,15.78,26.4));
#11160=CARTESIAN_POINT('',(29.1583333333334,15.8383333333334,26.3416666666666));
#11161=CARTESIAN_POINT('',(29.1,15.78,22.));
#11162=CARTESIAN_POINT('',(29.1,15.78,11.));
#11163=CARTESIAN_POINT('',(28.5,15.18,22.));
#11164=CARTESIAN_POINT('',(29.1,15.78,22.));
#11165=CARTESIAN_POINT('',(28.5,15.18,26.6));
#11166=CARTESIAN_POINT('',(28.5,15.18,11.));
#11167=CARTESIAN_POINT('',(20.2866666666667,6.96666666666657,18.3866666666667));
#11168=CARTESIAN_POINT('Origin',(28.8,17.78,22.));
#11169=CARTESIAN_POINT('',(29.1,19.78,22.));
#11170=CARTESIAN_POINT('',(28.5,20.38,22.));
#11171=CARTESIAN_POINT('',(29.1,19.78,22.));
#11172=CARTESIAN_POINT('Origin',(28.5,17.78,22.));
#11173=CARTESIAN_POINT('Origin',(29.1,17.78,22.));
#11174=CARTESIAN_POINT('Origin',(28.8,20.08,13.5));
#11175=CARTESIAN_POINT('',(28.7,20.18,26.8));
#11176=CARTESIAN_POINT('',(28.5,20.38,26.6));
#11177=CARTESIAN_POINT('',(33.13,15.7499999999999,31.23));
#11178=CARTESIAN_POINT('',(28.5,20.38,13.5));
#11179=CARTESIAN_POINT('',(29.1,19.78,26.4));
#11180=CARTESIAN_POINT('',(29.1,19.78,13.5));
#11181=CARTESIAN_POINT('',(28.7416666666667,20.1383333333333,26.7583333333333));
#11182=CARTESIAN_POINT('Origin',(28.5,-39.,0.));
#11183=CARTESIAN_POINT('',(28.5,37.,26.6));
#11184=CARTESIAN_POINT('',(28.5,-19.5,26.6));
#11185=CARTESIAN_POINT('',(28.5,37.,2.));
#11186=CARTESIAN_POINT('',(28.5,37.,0.));
#11187=CARTESIAN_POINT('',(28.5,-19.5,2.));
#11188=CARTESIAN_POINT('',(28.5,-19.5,26.6));
#11189=CARTESIAN_POINT('Origin',(28.7,-19.5,26.8));
#11190=CARTESIAN_POINT('',(28.9,20.38,27.));
#11191=CARTESIAN_POINT('',(19.8116666666667,11.2916666666667,17.9116666666667));
#11192=CARTESIAN_POINT('',(28.9,37.4,27.));
#11193=CARTESIAN_POINT('',(28.9,-19.5,27.));
#11194=CARTESIAN_POINT('',(28.5,37.,26.6));
#11195=CARTESIAN_POINT('Origin',(15.25,20.08,26.7));
#11196=CARTESIAN_POINT('',(29.9,19.78,26.4));
#11197=CARTESIAN_POINT('',(15.25,19.78,26.4));
#11198=CARTESIAN_POINT('',(30.4,20.28,26.9));
#11199=CARTESIAN_POINT('',(25.5083333333333,15.3883333333333,22.0083333333333));
#11200=CARTESIAN_POINT('',(30.3,20.38,27.));
#11201=CARTESIAN_POINT('',(34.5716666666666,16.1083333333334,22.7283333333334));
#11202=CARTESIAN_POINT('',(15.25,20.38,27.));
#11203=CARTESIAN_POINT('Origin',(-4.44089209850063E-15,1.77635683940025E-14,
27.));
#11204=CARTESIAN_POINT('',(30.3,37.,27.));
#11205=CARTESIAN_POINT('',(30.3,-19.5,27.));
#11206=CARTESIAN_POINT('',(28.5,38.8,27.));
#11207=CARTESIAN_POINT('Origin',(28.5,37.,27.));
#11208=CARTESIAN_POINT('',(5.91607978309962,38.8,27.));
#11209=CARTESIAN_POINT('',(15.25,38.8,27.));
#11210=CARTESIAN_POINT('',(3.74685052929643,41.3666666666667,27.));
#11211=CARTESIAN_POINT('Origin',(5.91607978309962,41.,27.));
#11212=CARTESIAN_POINT('',(-3.74685052929643,41.3666666666667,27.));
#11213=CARTESIAN_POINT('Origin',(3.74801209207576E-17,42.,27.));
#11214=CARTESIAN_POINT('',(-5.91607978309962,38.8,27.));
#11215=CARTESIAN_POINT('Origin',(-5.91607978309962,41.,27.));
#11216=CARTESIAN_POINT('',(-28.5,38.8,27.));
#11217=CARTESIAN_POINT('',(15.25,38.8,27.));
#11218=CARTESIAN_POINT('',(-30.3,37.,27.));
#11219=CARTESIAN_POINT('Origin',(-28.5,37.,27.));
#11220=CARTESIAN_POINT('',(-30.3,-37.,27.));
#11221=CARTESIAN_POINT('',(-30.3,19.5,27.));
#11222=CARTESIAN_POINT('',(-28.5,-38.8,27.));
#11223=CARTESIAN_POINT('Origin',(-28.5,-37.,27.));
#11224=CARTESIAN_POINT('',(28.5,-38.8,27.));
#11225=CARTESIAN_POINT('',(-15.25,-38.8,27.));
#11226=CARTESIAN_POINT('',(30.3,-37.,27.));
#11227=CARTESIAN_POINT('Origin',(28.5,-37.,27.));
#11228=CARTESIAN_POINT('',(30.3,15.18,27.));
#11229=CARTESIAN_POINT('',(30.3,-19.5,27.));
#11230=CARTESIAN_POINT('',(28.9,15.18,27.));
#11231=CARTESIAN_POINT('',(15.25,15.18,27.));
#11232=CARTESIAN_POINT('',(28.9,-37.4,27.));
#11233=CARTESIAN_POINT('',(28.9,-19.5,27.));
#11234=CARTESIAN_POINT('',(-28.9,-37.4,27.));
#11235=CARTESIAN_POINT('',(-15.25,-37.4,27.));
#11236=CARTESIAN_POINT('',(-28.9,37.4,27.));
#11237=CARTESIAN_POINT('',(-28.9,19.5,27.));
#11238=CARTESIAN_POINT('',(15.25,37.4,27.));
#11239=CARTESIAN_POINT('',(-2.25,42.,27.));
#11240=CARTESIAN_POINT('Origin',(3.74801209207576E-17,42.,27.));
#11241=CARTESIAN_POINT('Origin',(30.4,-19.5,26.9));
#11242=CARTESIAN_POINT('',(30.5,20.38,26.8));
#11243=CARTESIAN_POINT('',(25.9366666666667,15.8166666666667,31.3633333333333));
#11244=CARTESIAN_POINT('',(30.5,37.,26.8));
#11245=CARTESIAN_POINT('',(30.5,-19.5,26.8));
#11246=CARTESIAN_POINT('',(30.5,37.,26.8));
#11247=CARTESIAN_POINT('Origin',(30.2,20.08,13.5));
#11248=CARTESIAN_POINT('',(29.9,19.78,22.));
#11249=CARTESIAN_POINT('',(29.9,19.78,13.5));
#11250=CARTESIAN_POINT('',(30.5,20.38,22.));
#11251=CARTESIAN_POINT('',(29.9,19.78,22.));
#11252=CARTESIAN_POINT('',(30.5,20.38,13.5));
#11253=CARTESIAN_POINT('Origin',(15.25,15.48,26.7));
#11254=CARTESIAN_POINT('',(32.2383333333333,11.8416666666667,30.3383333333333));
#11255=CARTESIAN_POINT('',(30.4,15.28,26.9));
#11256=CARTESIAN_POINT('',(22.145,7.02500000000006,35.155));
#11257=CARTESIAN_POINT('',(29.9,15.78,26.4));
#11258=CARTESIAN_POINT('',(25.0916666666667,20.5883333333333,21.5916666666666));
#11259=CARTESIAN_POINT('',(15.25,15.78,26.4));
#11260=CARTESIAN_POINT('Origin',(30.4,-19.5,26.9));
#11261=CARTESIAN_POINT('',(30.5,-37.,26.8));
#11262=CARTESIAN_POINT('',(30.5,-37.,26.8));
#11263=CARTESIAN_POINT('',(30.5,15.18,26.8));
#11264=CARTESIAN_POINT('',(30.5,-19.5,26.8));
#11265=CARTESIAN_POINT('',(38.78,6.90000000000003,18.52));
#11266=CARTESIAN_POINT('Origin',(28.7,-19.5,26.8));
#11267=CARTESIAN_POINT('',(28.9,-37.4,27.));
#11268=CARTESIAN_POINT('Origin',(30.2,17.78,22.));
#11269=CARTESIAN_POINT('',(29.9,15.78,22.));
#11270=CARTESIAN_POINT('',(30.5,15.18,22.));
#11271=CARTESIAN_POINT('',(29.9,15.78,22.));
#11272=CARTESIAN_POINT('Origin',(30.5,17.78,22.));
#11273=CARTESIAN_POINT('Origin',(29.9,17.78,22.));
#11274=CARTESIAN_POINT('Origin',(30.2,15.48,11.));
#11275=CARTESIAN_POINT('',(30.5,15.18,11.));
#11276=CARTESIAN_POINT('',(29.9,15.78,11.));
#11277=CARTESIAN_POINT('Origin',(30.5,-39.,0.));
#11278=CARTESIAN_POINT('',(30.5,-37.,0.4));
#11279=CARTESIAN_POINT('',(30.5,-37.,0.));
#11280=CARTESIAN_POINT('',(30.5,37.,0.4));
#11281=CARTESIAN_POINT('',(30.5,-19.5,0.4));
#11282=CARTESIAN_POINT('',(30.5,37.,0.));
#11283=CARTESIAN_POINT('Origin',(28.5,37.,26.9));
#11284=CARTESIAN_POINT('',(28.5,39.,26.8));
#11285=CARTESIAN_POINT('Origin',(28.5,37.,26.8));
#11286=CARTESIAN_POINT('',(28.5,39.,26.8));
#11287=CARTESIAN_POINT('Origin',(15.25,38.9,26.9));
#11288=CARTESIAN_POINT('',(5.91607978309962,39.,26.8));
#11289=CARTESIAN_POINT('',(5.91607978309962,39.,26.8));
#11290=CARTESIAN_POINT('',(15.25,39.,26.8));
#11291=CARTESIAN_POINT('Origin',(5.91607978309962,41.,26.9));
#11292=CARTESIAN_POINT('',(3.94405318873308,41.3333333333334,26.8));
#11293=CARTESIAN_POINT('Origin',(5.91607978309962,41.,26.8));
#11294=CARTESIAN_POINT('',(3.94405318873308,41.3333333333334,26.8));
#11295=CARTESIAN_POINT('Origin',(3.74801209207576E-17,42.,26.9));
#11296=CARTESIAN_POINT('',(-3.94405318873308,41.3333333333334,26.8));
#11297=CARTESIAN_POINT('',(-3.94405318873308,41.3333333333334,26.8));
#11298=CARTESIAN_POINT('Origin',(3.74801209207576E-17,42.,26.8));
#11299=CARTESIAN_POINT('Origin',(-5.91607978309962,41.,26.9));
#11300=CARTESIAN_POINT('',(-5.91607978309962,39.,26.8));
#11301=CARTESIAN_POINT('Origin',(-5.91607978309962,41.,26.8));
#11302=CARTESIAN_POINT('',(-5.91607978309962,39.,26.8));
#11303=CARTESIAN_POINT('Origin',(15.25,38.9,26.9));
#11304=CARTESIAN_POINT('',(-28.5,39.,26.8));
#11305=CARTESIAN_POINT('',(-28.5,39.,26.8));
#11306=CARTESIAN_POINT('',(15.25,39.,26.8));
#11307=CARTESIAN_POINT('Origin',(-28.5,37.,26.9));
#11308=CARTESIAN_POINT('',(-30.5,37.,26.8));
#11309=CARTESIAN_POINT('Origin',(-28.5,37.,26.8));
#11310=CARTESIAN_POINT('',(-30.5,37.,26.8));
#11311=CARTESIAN_POINT('Origin',(-30.4,19.5,26.9));
#11312=CARTESIAN_POINT('',(-30.5,-37.,26.8));
#11313=CARTESIAN_POINT('',(-30.5,-37.,26.8));
#11314=CARTESIAN_POINT('',(-30.5,19.5,26.8));
#11315=CARTESIAN_POINT('Origin',(-28.5,-37.,26.9));
#11316=CARTESIAN_POINT('Origin',(-28.5,-37.,26.8));
#11317=CARTESIAN_POINT('',(-28.5,-39.,26.8));
#11318=CARTESIAN_POINT('Origin',(-15.25,-38.9,26.9));
#11319=CARTESIAN_POINT('',(28.5,-39.,26.8));
#11320=CARTESIAN_POINT('Origin',(28.5,-37.,26.9));
#11321=CARTESIAN_POINT('Origin',(28.5,-37.,26.8));
#11322=CARTESIAN_POINT('Origin',(28.5,-37.,0.));
#11323=CARTESIAN_POINT('Origin',(28.5,-37.,0.4));
#11324=CARTESIAN_POINT('Origin',(-28.5,-37.,0.));
#11325=CARTESIAN_POINT('',(-30.5,-37.,0.4));
#11326=CARTESIAN_POINT('',(-30.5,-37.,0.));
#11327=CARTESIAN_POINT('Origin',(-28.5,-37.,0.4));
#11328=CARTESIAN_POINT('Origin',(-30.5,39.,0.));
#11329=CARTESIAN_POINT('',(-30.5,37.,0.4));
#11330=CARTESIAN_POINT('',(-30.5,37.,0.));
#11331=CARTESIAN_POINT('',(-30.5,19.5,0.4));
#11332=CARTESIAN_POINT('',(-30.5,-18.3199999701977,12.6000000298023));
#11333=CARTESIAN_POINT('',(-30.5,-12.1600000298023,12.6000000298023));
#11334=CARTESIAN_POINT('',(-30.5,13.4199999850988,12.6000000298023));
#11335=CARTESIAN_POINT('',(-30.5,-18.3199999701977,7.39999997019768));
#11336=CARTESIAN_POINT('Origin',(-30.5,-18.3199999701977,10.));
#11337=CARTESIAN_POINT('',(-30.5,-12.1600000298023,7.39999997019768));
#11338=CARTESIAN_POINT('',(-30.5,10.3400000149012,7.39999997019768));
#11339=CARTESIAN_POINT('Origin',(-30.5,-12.1600000298023,10.));
#11340=CARTESIAN_POINT('Origin',(-28.5,37.,0.));
#11341=CARTESIAN_POINT('',(-28.5,39.,0.4));
#11342=CARTESIAN_POINT('',(-28.5,39.,0.));
#11343=CARTESIAN_POINT('Origin',(-28.5,37.,0.4));
#11344=CARTESIAN_POINT('Origin',(30.5,39.,0.));
#11345=CARTESIAN_POINT('',(-5.91607978309962,39.,0.4));
#11346=CARTESIAN_POINT('',(-5.91607978309962,39.,27.));
#11347=CARTESIAN_POINT('',(15.25,39.,0.4));
#11348=CARTESIAN_POINT('Origin',(-5.91607978309962,41.,27.));
#11349=CARTESIAN_POINT('',(-3.94405318873308,41.3333333333334,0.4));
#11350=CARTESIAN_POINT('',(-3.94405318873308,41.3333333333334,27.));
#11351=CARTESIAN_POINT('Origin',(-5.91607978309962,41.,0.4));
#11352=CARTESIAN_POINT('Origin',(3.74801209207576E-17,42.,27.));
#11353=CARTESIAN_POINT('',(3.94405318873308,41.3333333333334,0.4));
#11354=CARTESIAN_POINT('',(3.94405318873308,41.3333333333334,27.));
#11355=CARTESIAN_POINT('Origin',(3.74801209207576E-17,42.,0.4));
#11356=CARTESIAN_POINT('Origin',(5.91607978309962,41.,27.));
#11357=CARTESIAN_POINT('',(5.91607978309962,39.,0.4));
#11358=CARTESIAN_POINT('',(5.91607978309962,39.,27.));
#11359=CARTESIAN_POINT('Origin',(5.91607978309962,41.,0.4));
#11360=CARTESIAN_POINT('Origin',(30.5,39.,0.));
#11361=CARTESIAN_POINT('',(28.5,39.,0.4));
#11362=CARTESIAN_POINT('',(28.5,39.,0.));
#11363=CARTESIAN_POINT('',(15.25,39.,0.4));
#11364=CARTESIAN_POINT('Origin',(28.5,37.,0.));
#11365=CARTESIAN_POINT('Origin',(28.5,37.,0.4));
#11366=CARTESIAN_POINT('Origin',(30.5,19.78,27.));
#11367=CARTESIAN_POINT('',(30.5,19.78,22.));
#11368=CARTESIAN_POINT('Origin',(-15.25,-37.2,26.8));
#11369=CARTESIAN_POINT('',(-28.5,-37.,26.6));
#11370=CARTESIAN_POINT('Origin',(-28.7,19.5,26.8));
#11371=CARTESIAN_POINT('',(-28.5,37.,26.6));
#11372=CARTESIAN_POINT('',(-28.5,19.5,26.6));
#11373=CARTESIAN_POINT('',(-28.5,37.,26.6));
#11374=CARTESIAN_POINT('Origin',(15.25,37.2,26.8));
#11375=CARTESIAN_POINT('',(15.25,37.,26.6));
#11376=CARTESIAN_POINT('Origin',(-30.2,13.4199999850988,12.3000000298023));
#11377=CARTESIAN_POINT('',(-29.9,-18.3199999701977,12.0000000298023));
#11378=CARTESIAN_POINT('',(-29.9,-18.3199999701977,12.0000000298023));
#11379=CARTESIAN_POINT('',(-29.9,-12.1600000298023,12.0000000298023));
#11380=CARTESIAN_POINT('',(-30.5,-12.1600000298023,12.6000000298023));
#11381=CARTESIAN_POINT('',(-29.9,13.4199999850988,12.0000000298023));
#11382=CARTESIAN_POINT('Origin',(-30.2,-18.3199999701977,10.));
#11383=CARTESIAN_POINT('',(-29.9000000000001,-18.3199999701977,7.99999997019768));
#11384=CARTESIAN_POINT('',(-29.9000000000001,-18.3199999701977,7.99999997019768));
#11385=CARTESIAN_POINT('Origin',(-29.9000000000001,-18.3199999701977,10.));
#11386=CARTESIAN_POINT('Origin',(-30.2,10.3400000149012,7.69999997019768));
#11387=CARTESIAN_POINT('',(-29.9,-12.1600000298023,7.99999997019768));
#11388=CARTESIAN_POINT('',(-29.9,-12.1600000298023,7.99999997019768));
#11389=CARTESIAN_POINT('',(-29.9,10.3400000149012,7.99999997019768));
#11390=CARTESIAN_POINT('Origin',(-30.2,-12.1600000298023,10.));
#11391=CARTESIAN_POINT('Origin',(-29.9000000000001,-12.1600000298023,10.));
#11392=CARTESIAN_POINT('Origin',(-30.5,-18.3199999701977,10.));
#11393=CARTESIAN_POINT('',(-29.1,-18.3199999701977,12.0000000298023));
#11394=CARTESIAN_POINT('',(-30.5,-18.3199999701977,12.0000000298023));
#11395=CARTESIAN_POINT('',(-29.1,-18.3199999701977,7.99999997019768));
#11396=CARTESIAN_POINT('Origin',(-29.1000000000001,-18.3199999701977,10.));
#11397=CARTESIAN_POINT('',(-30.5,-18.3199999701977,7.99999997019768));
#11398=CARTESIAN_POINT('Origin',(-30.5,-12.1600000298023,12.0000000298023));
#11399=CARTESIAN_POINT('',(-29.1,-12.1600000298023,12.0000000298023));
#11400=CARTESIAN_POINT('',(-30.5,-12.1600000298023,12.0000000298023));
#11401=CARTESIAN_POINT('',(-29.1,13.4199999850988,12.0000000298023));
#11402=CARTESIAN_POINT('Origin',(-28.8,13.4199999850988,12.3000000298023));
#11403=CARTESIAN_POINT('',(-28.5,-12.1600000298023,12.6000000298023));
#11404=CARTESIAN_POINT('',(-29.1,-12.1600000298023,12.0000000298023));
#11405=CARTESIAN_POINT('',(-28.5,-18.3199999701977,12.6000000298023));
#11406=CARTESIAN_POINT('',(-28.5,13.4199999850988,12.6000000298023));
#11407=CARTESIAN_POINT('',(-28.5,-18.3199999701977,12.6000000298023));
#11408=CARTESIAN_POINT('Origin',(-28.8,-12.1600000298023,10.));
#11409=CARTESIAN_POINT('',(-29.1000000000001,-12.1600000298023,7.99999997019768));
#11410=CARTESIAN_POINT('',(-28.5,-12.1600000298023,7.39999997019768));
#11411=CARTESIAN_POINT('',(-29.1000000000001,-12.1600000298023,7.99999997019768));
#11412=CARTESIAN_POINT('Origin',(-28.5,-12.1600000298023,10.));
#11413=CARTESIAN_POINT('Origin',(-29.1000000000001,-12.1600000298023,10.));
#11414=CARTESIAN_POINT('Origin',(-28.8,10.3400000149012,7.69999997019768));
#11415=CARTESIAN_POINT('',(-28.5,-18.3199999701977,7.39999997019768));
#11416=CARTESIAN_POINT('',(-29.1,-18.3199999701977,7.99999997019768));
#11417=CARTESIAN_POINT('',(-28.5,10.3400000149012,7.39999997019768));
#11418=CARTESIAN_POINT('',(-29.1,10.3400000149012,7.99999997019768));
#11419=CARTESIAN_POINT('Origin',(-28.8,-18.3199999701977,10.));
#11420=CARTESIAN_POINT('Origin',(-28.5,-18.3199999701977,10.));
#11421=CARTESIAN_POINT('Origin',(-30.5,-12.1600000298023,10.));
#11422=CARTESIAN_POINT('',(-30.5,-12.1600000298023,7.99999997019768));
#11423=CARTESIAN_POINT('Origin',(-28.5,39.,0.));
#11424=CARTESIAN_POINT('',(-28.5,37.,2.));
#11425=CARTESIAN_POINT('',(-28.5,19.5,2.));
#11426=CARTESIAN_POINT('',(-28.5,37.,0.));
#11427=CARTESIAN_POINT('Origin',(-30.3,19.5,0.2));
#11428=CARTESIAN_POINT('',(-30.1,-37.,0.));
#11429=CARTESIAN_POINT('',(-30.1,-37.,0.));
#11430=CARTESIAN_POINT('',(-30.1,37.,0.));
#11431=CARTESIAN_POINT('',(-30.5,37.,0.4));
#11432=CARTESIAN_POINT('',(-30.1,19.5,0.));
#11433=CARTESIAN_POINT('Origin',(-28.5,-37.,0.2));
#11434=CARTESIAN_POINT('',(-28.5,-38.6,0.));
#11435=CARTESIAN_POINT('',(-28.5,-38.6,0.));
#11436=CARTESIAN_POINT('Origin',(-28.5,-37.,0.));
#11437=CARTESIAN_POINT('Origin',(-15.25,-38.8,0.2));
#11438=CARTESIAN_POINT('',(28.5,-38.6,0.));
#11439=CARTESIAN_POINT('',(28.5,-38.6,0.));
#11440=CARTESIAN_POINT('',(-15.25,-38.6,0.));
#11441=CARTESIAN_POINT('Origin',(28.5,-37.,0.2));
#11442=CARTESIAN_POINT('',(30.1,-37.,0.));
#11443=CARTESIAN_POINT('',(30.1,-37.,0.));
#11444=CARTESIAN_POINT('Origin',(28.5,-37.,0.));
#11445=CARTESIAN_POINT('Origin',(30.3,-19.5,0.2));
#11446=CARTESIAN_POINT('',(30.1,37.,0.));
#11447=CARTESIAN_POINT('',(30.1,37.,0.));
#11448=CARTESIAN_POINT('',(30.1,-19.5,0.));
#11449=CARTESIAN_POINT('Origin',(28.5,37.,0.2));
#11450=CARTESIAN_POINT('',(28.5,38.6,0.));
#11451=CARTESIAN_POINT('',(28.5,38.6,0.));
#11452=CARTESIAN_POINT('Origin',(28.5,37.,0.));
#11453=CARTESIAN_POINT('Origin',(15.25,38.8,0.2));
#11454=CARTESIAN_POINT('',(5.91607978309962,38.6,0.));
#11455=CARTESIAN_POINT('',(5.91607978309962,38.6,0.));
#11456=CARTESIAN_POINT('',(15.25,38.6,0.));
#11457=CARTESIAN_POINT('Origin',(5.91607978309962,41.,0.2));
#11458=CARTESIAN_POINT('',(3.54964786985977,41.4,0.));
#11459=CARTESIAN_POINT('',(3.54964786985977,41.4,0.));
#11460=CARTESIAN_POINT('Origin',(5.91607978309962,41.,0.));
#11461=CARTESIAN_POINT('Origin',(3.74801209207576E-17,42.,0.2));
#11462=CARTESIAN_POINT('',(-3.54964786985977,41.4,0.));
#11463=CARTESIAN_POINT('',(-3.54964786985977,41.4,0.));
#11464=CARTESIAN_POINT('Origin',(3.74801209207576E-17,42.,0.));
#11465=CARTESIAN_POINT('Origin',(-5.91607978309962,41.,0.2));
#11466=CARTESIAN_POINT('',(-5.91607978309962,38.6,0.));
#11467=CARTESIAN_POINT('',(-5.91607978309962,38.6,0.));
#11468=CARTESIAN_POINT('Origin',(-5.91607978309962,41.,0.));
#11469=CARTESIAN_POINT('Origin',(15.25,38.8,0.2));
#11470=CARTESIAN_POINT('',(-28.5,38.6,0.));
#11471=CARTESIAN_POINT('',(-28.5,38.6,0.));
#11472=CARTESIAN_POINT('',(15.25,38.6,0.));
#11473=CARTESIAN_POINT('Origin',(-28.5,37.,0.2));
#11474=CARTESIAN_POINT('Origin',(-28.5,37.,0.));
#11475=CARTESIAN_POINT('Origin',(-4.44089209850063E-15,1.77635683940025E-14,
0.));
#11476=CARTESIAN_POINT('Origin',(5.00000000000005,-37.9414213562373,23.8585786437627));
#11477=CARTESIAN_POINT('',(4.80000000000005,-38.0828427124746,24.));
#11478=CARTESIAN_POINT('',(4.80000000000004,-37.5789213562373,23.4960786437627));
#11479=CARTESIAN_POINT('',(20.2,-38.0828427124746,24.));
#11480=CARTESIAN_POINT('',(5.00000000000004,-38.0828427124746,24.));
#11481=CARTESIAN_POINT('',(20.2,-37.5789213562373,23.4960786437627));
#11482=CARTESIAN_POINT('Origin',(20.2,-36.15,24.2));
#11483=CARTESIAN_POINT('',(20.2,-36.9789213562373,25.1039213562373));
#11484=CARTESIAN_POINT('Origin',(-4.99999999999995,-37.9414213562373,24.1414213562373));
#11485=CARTESIAN_POINT('',(-4.79999999999995,-38.0828427124746,24.));
#11486=CARTESIAN_POINT('',(-4.79999999999995,-37.4789213562373,24.6039213562373));
#11487=CARTESIAN_POINT('',(-20.2,-38.0828427124746,24.));
#11488=CARTESIAN_POINT('',(-4.99999999999995,-38.0828427124746,24.));
#11489=CARTESIAN_POINT('',(-20.2,-37.4789213562373,24.6039213562373));
#11490=CARTESIAN_POINT('Origin',(-20.2,-36.15,24.2));
#11491=CARTESIAN_POINT('',(-20.2,-37.0789213562373,22.9960786437627));
#11492=CARTESIAN_POINT('Origin',(5.00000000000004,-36.9414213562373,25.1414213562373));
#11493=CARTESIAN_POINT('',(4.80000000000004,-36.9789213562373,25.1039213562373));
#11494=CARTESIAN_POINT('Origin',(4.80000000000004,-36.15,24.2));
#11495=CARTESIAN_POINT('Origin',(-4.99999999999996,-36.9414213562373,22.8585786437627));
#11496=CARTESIAN_POINT('',(-4.79999999999995,-37.0789213562373,22.9960786437627));
#11497=CARTESIAN_POINT('Origin',(-4.79999999999996,-36.15,24.2));
#11498=CARTESIAN_POINT('Origin',(3.74801209207576E-17,42.,22.));
#11499=CARTESIAN_POINT('',(-2.25,42.,22.));
#11500=CARTESIAN_POINT('Origin',(3.74801209207576E-17,42.,22.));
#11501=CARTESIAN_POINT('',(-1.75,42.,22.));
#11502=CARTESIAN_POINT('Origin',(3.74801209207576E-17,42.,22.));
#11503=CARTESIAN_POINT('Origin',(3.74801209207576E-17,42.,24.5));
#11504=CARTESIAN_POINT('',(-2.25,42.,24.5));
#11505=CARTESIAN_POINT('Origin',(3.74801209207576E-17,42.,22.));
#11506=CARTESIAN_POINT('',(-1.75,42.,17.));
#11507=CARTESIAN_POINT('',(-1.75,42.,22.));
#11508=CARTESIAN_POINT('Origin',(3.74801209207576E-17,42.,17.));
#11509=CARTESIAN_POINT('Origin',(3.74801209207576E-17,42.,17.));
#11510=CARTESIAN_POINT('Origin',(-30.5,-18.3199999701977,7.99999997019768));
#11511=CARTESIAN_POINT('Origin',(30.5,17.78,22.));
#11512=CARTESIAN_POINT('',(30.5,15.78,22.));
#11513=CARTESIAN_POINT('Origin',(30.5,15.78,22.));
#11514=CARTESIAN_POINT('Origin',(20.32,29.21,1.));
#11515=CARTESIAN_POINT('',(21.62,29.21,1.));
#11516=CARTESIAN_POINT('Origin',(20.32,29.21,1.));
#11517=CARTESIAN_POINT('Origin',(-20.32,-29.21,1.));
#11518=CARTESIAN_POINT('',(-19.02,-29.21,1.));
#11519=CARTESIAN_POINT('Origin',(-20.32,-29.21,1.));
#11520=CARTESIAN_POINT('Origin',(-20.32,29.21,1.));
#11521=CARTESIAN_POINT('',(-19.02,29.21,1.));
#11522=CARTESIAN_POINT('Origin',(-20.32,29.21,1.));
#11523=CARTESIAN_POINT('Origin',(20.32,-29.21,1.));
#11524=CARTESIAN_POINT('',(21.62,-29.21,1.));
#11525=CARTESIAN_POINT('Origin',(20.32,-29.21,1.));
#11526=CARTESIAN_POINT('Origin',(-20.32,-29.21,2.));
#11527=CARTESIAN_POINT('',(-19.02,-29.21,2.));
#11528=CARTESIAN_POINT('Origin',(-4.44089209850063E-15,1.77635683940025E-14,
2.));
#11529=CARTESIAN_POINT('',(15.25,37.,2.));
#11530=CARTESIAN_POINT('Origin',(-20.32,29.21,2.));
#11531=CARTESIAN_POINT('',(-19.02,29.21,2.));
#11532=CARTESIAN_POINT('Origin',(20.32,-29.21,2.));
#11533=CARTESIAN_POINT('',(21.62,-29.21,2.));
#11534=CARTESIAN_POINT('Origin',(20.32,29.21,2.));
#11535=CARTESIAN_POINT('',(21.62,29.21,2.));
#11536=CARTESIAN_POINT('Origin',(30.5,37.,0.));
#11537=CARTESIAN_POINT('',(0.,0.,0.));
#11538=CARTESIAN_POINT('Origin',(3.74801209207576E-17,42.,27.1));
#11539=CARTESIAN_POINT('',(-1.95,42.,27.));
#11540=CARTESIAN_POINT('Origin',(3.74801209207576E-17,42.,27.));
#11541=CARTESIAN_POINT('',(-1.75,42.,27.2));
#11542=CARTESIAN_POINT('',(-1.85,42.,27.1));
#11543=CARTESIAN_POINT('Origin',(3.74801209207576E-17,42.,27.2));
#11544=CARTESIAN_POINT('Origin',(-4.44089209850063E-15,3.50000000000001,
27.));
#11545=CARTESIAN_POINT('',(-30.3,37.,27.));
#11546=CARTESIAN_POINT('',(-30.3,-37.,27.));
#11547=CARTESIAN_POINT('',(-30.3,20.25,27.));
#11548=CARTESIAN_POINT('',(-28.5,38.8,27.));
#11549=CARTESIAN_POINT('Origin',(-28.5,37.,27.));
#11550=CARTESIAN_POINT('',(-5.91607978309962,38.8,27.));
#11551=CARTESIAN_POINT('',(-2.95803989154982,38.8,27.));
#11552=CARTESIAN_POINT('',(-3.74685052929643,41.3666666666667,27.));
#11553=CARTESIAN_POINT('Origin',(-5.91607978309962,41.,27.));
#11554=CARTESIAN_POINT('',(3.74685052929642,41.3666666666667,27.));
#11555=CARTESIAN_POINT('Origin',(3.74801209207576E-17,42.,27.));
#11556=CARTESIAN_POINT('',(5.91607978309962,38.8,27.));
#11557=CARTESIAN_POINT('Origin',(5.91607978309962,41.,27.));
#11558=CARTESIAN_POINT('',(28.5,38.8,27.));
#11559=CARTESIAN_POINT('',(14.25,38.8,27.));
#11560=CARTESIAN_POINT('',(30.3,37.,27.));
#11561=CARTESIAN_POINT('Origin',(28.5,37.,27.));
#11562=CARTESIAN_POINT('',(30.3,-37.,27.));
#11563=CARTESIAN_POINT('',(30.3,-16.75,27.));
#11564=CARTESIAN_POINT('',(28.5,-38.8,27.));
#11565=CARTESIAN_POINT('Origin',(28.5,-37.,27.));
#11566=CARTESIAN_POINT('',(-28.5,-38.8,27.));
#11567=CARTESIAN_POINT('',(-14.25,-38.8,27.));
#11568=CARTESIAN_POINT('Origin',(-28.4999999999999,-37.,27.));
#11569=CARTESIAN_POINT('',(26.3,36.8,27.));
#11570=CARTESIAN_POINT('',(-26.3,36.8,27.));
#11571=CARTESIAN_POINT('',(-14.15,36.8,27.));
#11572=CARTESIAN_POINT('',(-28.3,34.8,27.));
#11573=CARTESIAN_POINT('Origin',(-26.3,34.8,27.));
#11574=CARTESIAN_POINT('',(-28.2999999999999,-34.8,27.));
#11575=CARTESIAN_POINT('',(-28.3,-16.65,27.));
#11576=CARTESIAN_POINT('',(-26.2999999999999,-36.8,27.));
#11577=CARTESIAN_POINT('Origin',(-26.2999999999999,-34.8,27.));
#11578=CARTESIAN_POINT('',(26.3,-36.8,27.));
#11579=CARTESIAN_POINT('',(14.15,-36.8,27.));
#11580=CARTESIAN_POINT('',(28.3,-34.8,27.));
#11581=CARTESIAN_POINT('Origin',(26.3,-34.8,27.));
#11582=CARTESIAN_POINT('',(28.3,34.8,27.));
#11583=CARTESIAN_POINT('',(28.3,20.15,27.));
#11584=CARTESIAN_POINT('Origin',(26.3,34.8,27.));
#11585=CARTESIAN_POINT('Origin',(3.74801209207576E-17,42.,25.7));
#11586=CARTESIAN_POINT('',(1.75,42.,28.6));
#11587=CARTESIAN_POINT('',(-1.75,42.,28.6));
#11588=CARTESIAN_POINT('Origin',(3.74801209207576E-17,42.,28.6));
#11589=CARTESIAN_POINT('Origin',(3.74801209207576E-17,42.,28.6));
#11590=CARTESIAN_POINT('',(-1.75,42.,25.7));
#11591=CARTESIAN_POINT('Origin',(-30.4,20.25,27.1));
#11592=CARTESIAN_POINT('',(-30.5,-37.,27.2));
#11593=CARTESIAN_POINT('',(-30.3,-37.,27.));
#11594=CARTESIAN_POINT('',(-30.5,37.,27.2));
#11595=CARTESIAN_POINT('',(-30.5,20.25,27.2));
#11596=CARTESIAN_POINT('',(-30.5,37.,27.2));
#11597=CARTESIAN_POINT('Origin',(-28.4999999999999,-37.,27.1));
#11598=CARTESIAN_POINT('',(-28.5,-39.,27.2));
#11599=CARTESIAN_POINT('',(-28.5,-38.8,27.));
#11600=CARTESIAN_POINT('Origin',(-28.4999999999999,-37.,27.2));
#11601=CARTESIAN_POINT('Origin',(-14.25,-38.9,27.1));
#11602=CARTESIAN_POINT('',(28.5,-39.,27.2));
#11603=CARTESIAN_POINT('',(28.5,-38.8,27.));
#11604=CARTESIAN_POINT('',(-14.25,-39.,27.2));
#11605=CARTESIAN_POINT('Origin',(28.5,-37.,27.1));
#11606=CARTESIAN_POINT('',(30.5,-37.,27.2));
#11607=CARTESIAN_POINT('',(30.3,-37.,27.));
#11608=CARTESIAN_POINT('Origin',(28.5,-37.,27.2));
#11609=CARTESIAN_POINT('Origin',(30.4,-16.75,27.1));
#11610=CARTESIAN_POINT('',(30.5,37.,27.2));
#11611=CARTESIAN_POINT('',(30.3,37.,27.));
#11612=CARTESIAN_POINT('',(30.5,-16.75,27.2));
#11613=CARTESIAN_POINT('Origin',(28.5,37.,27.1));
#11614=CARTESIAN_POINT('',(28.5,39.,27.2));
#11615=CARTESIAN_POINT('',(28.5,38.8,27.));
#11616=CARTESIAN_POINT('Origin',(28.5,37.,27.2));
#11617=CARTESIAN_POINT('Origin',(14.25,38.9,27.1));
#11618=CARTESIAN_POINT('',(5.91607978309962,39.,27.2));
#11619=CARTESIAN_POINT('',(5.91607978309962,38.8,27.));
#11620=CARTESIAN_POINT('',(14.25,39.,27.2));
#11621=CARTESIAN_POINT('Origin',(5.91607978309962,41.,27.1));
#11622=CARTESIAN_POINT('',(3.94405318873308,41.3333333333334,27.2));
#11623=CARTESIAN_POINT('',(3.74685052929642,41.3666666666667,27.));
#11624=CARTESIAN_POINT('Origin',(5.91607978309962,41.,27.2));
#11625=CARTESIAN_POINT('Origin',(3.74801209207576E-17,42.,27.1));
#11626=CARTESIAN_POINT('',(-3.94405318873308,41.3333333333334,27.2));
#11627=CARTESIAN_POINT('',(-3.74685052929643,41.3666666666667,27.));
#11628=CARTESIAN_POINT('Origin',(3.74801209207576E-17,42.,27.2));
#11629=CARTESIAN_POINT('Origin',(-5.91607978309962,41.,27.1));
#11630=CARTESIAN_POINT('',(-5.91607978309962,39.,27.2));
#11631=CARTESIAN_POINT('',(-5.91607978309962,38.8,27.));
#11632=CARTESIAN_POINT('Origin',(-5.91607978309962,41.,27.2));
#11633=CARTESIAN_POINT('Origin',(-2.95803989154982,38.9,27.1));
#11634=CARTESIAN_POINT('',(-28.5,39.,27.2));
#11635=CARTESIAN_POINT('',(-28.5,38.8,27.));
#11636=CARTESIAN_POINT('',(-2.95803989154982,39.,27.2));
#11637=CARTESIAN_POINT('Origin',(-28.5,37.,27.1));
#11638=CARTESIAN_POINT('Origin',(-28.5,37.,27.2));
#11639=CARTESIAN_POINT('Origin',(5.91607978309962,41.,27.));
#11640=CARTESIAN_POINT('',(3.94405318873308,41.3333333333334,28.6));
#11641=CARTESIAN_POINT('',(3.94405318873308,41.3333333333334,27.));
#11642=CARTESIAN_POINT('',(5.91607978309962,39.,28.6));
#11643=CARTESIAN_POINT('Origin',(5.91607978309962,41.,28.6));
#11644=CARTESIAN_POINT('',(5.91607978309962,39.,27.));
#11645=CARTESIAN_POINT('Origin',(3.74801209207576E-17,42.,27.));
#11646=CARTESIAN_POINT('',(-3.94405318873308,41.3333333333334,28.6));
#11647=CARTESIAN_POINT('',(-3.94405318873308,41.3333333333334,27.));
#11648=CARTESIAN_POINT('Origin',(3.74801209207576E-17,42.,28.6));
#11649=CARTESIAN_POINT('Origin',(-5.91607978309962,41.,27.));
#11650=CARTESIAN_POINT('',(-5.91607978309962,39.,28.6));
#11651=CARTESIAN_POINT('',(-5.91607978309962,39.,27.));
#11652=CARTESIAN_POINT('Origin',(-5.91607978309962,41.,28.6));
#11653=CARTESIAN_POINT('Origin',(-5.91607978309962,39.,27.));
#11654=CARTESIAN_POINT('',(-28.5,39.,28.6));
#11655=CARTESIAN_POINT('',(-28.5,39.,27.));
#11656=CARTESIAN_POINT('',(-2.95803989154982,39.,28.6));
#11657=CARTESIAN_POINT('Origin',(-28.5,37.,27.));
#11658=CARTESIAN_POINT('',(-30.5,37.,28.6));
#11659=CARTESIAN_POINT('',(-30.5,37.,27.));
#11660=CARTESIAN_POINT('Origin',(-28.5,37.,28.6));
#11661=CARTESIAN_POINT('Origin',(-30.5,37.,27.));
#11662=CARTESIAN_POINT('',(-30.5,-37.,28.6));
#11663=CARTESIAN_POINT('',(-30.5,-37.,27.));
#11664=CARTESIAN_POINT('',(-30.5,20.25,28.6));
#11665=CARTESIAN_POINT('Origin',(28.5,37.,28.8));
#11666=CARTESIAN_POINT('',(28.5,39.,28.6));
#11667=CARTESIAN_POINT('',(28.5,38.6,29.));
#11668=CARTESIAN_POINT('',(28.5,39.,28.6));
#11669=CARTESIAN_POINT('',(30.1,37.,29.));
#11670=CARTESIAN_POINT('Origin',(28.5,37.,29.));
#11671=CARTESIAN_POINT('',(30.5,37.,28.6));
#11672=CARTESIAN_POINT('',(30.1,37.,29.));
#11673=CARTESIAN_POINT('Origin',(28.5,37.,28.6));
#11674=CARTESIAN_POINT('Origin',(14.25,38.8,28.8));
#11675=CARTESIAN_POINT('',(5.91607978309962,38.6,29.));
#11676=CARTESIAN_POINT('',(5.91607978309962,39.,28.6));
#11677=CARTESIAN_POINT('',(14.25,38.6,29.));
#11678=CARTESIAN_POINT('',(14.25,39.,28.6));
#11679=CARTESIAN_POINT('Origin',(5.91607978309962,41.,28.8));
#11680=CARTESIAN_POINT('',(3.54964786985977,41.4,29.));
#11681=CARTESIAN_POINT('',(3.94405318873308,41.3333333333334,28.6));
#11682=CARTESIAN_POINT('Origin',(5.91607978309962,41.,29.));
#11683=CARTESIAN_POINT('Origin',(3.74801209207576E-17,42.,28.8));
#11684=CARTESIAN_POINT('',(-3.54964786985977,41.4,29.));
#11685=CARTESIAN_POINT('',(-3.94405318873308,41.3333333333334,28.6));
#11686=CARTESIAN_POINT('Origin',(3.74801209207576E-17,42.,29.));
#11687=CARTESIAN_POINT('Origin',(-5.91607978309962,41.,28.8));
#11688=CARTESIAN_POINT('',(-5.91607978309962,38.6,29.));
#11689=CARTESIAN_POINT('',(-5.91607978309962,39.,28.6));
#11690=CARTESIAN_POINT('Origin',(-5.91607978309962,41.,29.));
#11691=CARTESIAN_POINT('Origin',(-2.95803989154982,38.8,28.8));
#11692=CARTESIAN_POINT('',(-28.5,38.6,29.));
#11693=CARTESIAN_POINT('',(-28.5,39.,28.6));
#11694=CARTESIAN_POINT('',(-2.95803989154982,38.6,29.));
#11695=CARTESIAN_POINT('Origin',(-28.5,37.,28.8));
#11696=CARTESIAN_POINT('',(-30.1,37.,29.));
#11697=CARTESIAN_POINT('',(-30.5,37.,28.6));
#11698=CARTESIAN_POINT('Origin',(-28.5,37.,29.));
#11699=CARTESIAN_POINT('Origin',(-30.3,20.25,28.8));
#11700=CARTESIAN_POINT('',(-30.1,-37.,29.));
#11701=CARTESIAN_POINT('',(-30.5,-37.,28.6));
#11702=CARTESIAN_POINT('',(-30.1,20.25,29.));
#11703=CARTESIAN_POINT('Origin',(-28.4999999999999,-37.,28.8));
#11704=CARTESIAN_POINT('',(-28.5,-39.,28.6));
#11705=CARTESIAN_POINT('',(-28.4999999999999,-38.6,29.));
#11706=CARTESIAN_POINT('',(-28.5,-39.,28.6));
#11707=CARTESIAN_POINT('Origin',(-28.4999999999999,-37.,29.));
#11708=CARTESIAN_POINT('Origin',(-28.4999999999999,-37.,28.6));
#11709=CARTESIAN_POINT('Origin',(-14.25,-38.8,28.8));
#11710=CARTESIAN_POINT('',(28.5,-39.,28.6));
#11711=CARTESIAN_POINT('',(28.5,-38.6,29.));
#11712=CARTESIAN_POINT('',(28.5,-39.,28.6));
#11713=CARTESIAN_POINT('',(-14.25,-38.6,29.));
#11714=CARTESIAN_POINT('',(-14.25,-39.,28.6));
#11715=CARTESIAN_POINT('Origin',(28.5,-37.,28.8));
#11716=CARTESIAN_POINT('',(30.5,-37.,28.6));
#11717=CARTESIAN_POINT('',(30.1,-37.,29.));
#11718=CARTESIAN_POINT('',(30.5,-37.,28.6));
#11719=CARTESIAN_POINT('Origin',(28.5,-37.,29.));
#11720=CARTESIAN_POINT('Origin',(28.5,-37.,28.6));
#11721=CARTESIAN_POINT('Origin',(30.3,-16.75,28.8));
#11722=CARTESIAN_POINT('',(30.1,-16.75,29.));
#11723=CARTESIAN_POINT('',(30.5,-16.75,28.6));
#11724=CARTESIAN_POINT('Origin',(28.5,39.,27.));
#11725=CARTESIAN_POINT('',(28.5,39.,27.));
#11726=CARTESIAN_POINT('Origin',(28.5,37.,27.));
#11727=CARTESIAN_POINT('',(30.5,37.,27.));
#11728=CARTESIAN_POINT('Origin',(-4.44089209850063E-15,3.50000000000001,
29.));
#11729=CARTESIAN_POINT('',(-23.4,-32.3999999999999,29.));
#11730=CARTESIAN_POINT('',(-20.6,-32.3999999999999,29.));
#11731=CARTESIAN_POINT('',(-11.5,-32.4,29.));
#11732=CARTESIAN_POINT('',(-23.4,32.4000000000001,29.));
#11733=CARTESIAN_POINT('',(-23.4,17.75,29.));
#11734=CARTESIAN_POINT('',(-20.6,32.4000000000001,29.));
#11735=CARTESIAN_POINT('',(-10.5,32.4000000000001,29.));
#11736=CARTESIAN_POINT('',(-20.6,-14.25,29.));
#11737=CARTESIAN_POINT('',(5.93333333333334,-32.3999999999999,29.));
#11738=CARTESIAN_POINT('',(8.73333333333333,-32.3999999999999,29.));
#11739=CARTESIAN_POINT('',(3.16666666666662,-32.3999999999999,29.));
#11740=CARTESIAN_POINT('',(5.93333333333334,32.4000000000001,29.));
#11741=CARTESIAN_POINT('',(5.93333333333334,17.75,29.));
#11742=CARTESIAN_POINT('',(8.73333333333334,32.4000000000001,29.));
#11743=CARTESIAN_POINT('',(4.16666666666667,32.4000000000001,29.));
#11744=CARTESIAN_POINT('',(8.73333333333333,-14.25,29.));
#11745=CARTESIAN_POINT('',(9.6,-32.3999999999999,29.));
#11746=CARTESIAN_POINT('',(12.4,-32.3999999999999,29.));
#11747=CARTESIAN_POINT('',(4.99999999999996,-32.3999999999999,29.));
#11748=CARTESIAN_POINT('',(9.6,32.4000000000001,29.));
#11749=CARTESIAN_POINT('',(9.6,17.75,29.));
#11750=CARTESIAN_POINT('',(12.4,32.4000000000001,29.));
#11751=CARTESIAN_POINT('',(6.,32.4000000000001,29.));
#11752=CARTESIAN_POINT('',(12.4,-14.25,29.));
#11753=CARTESIAN_POINT('',(-19.7333333333333,-32.3999999999999,29.));
#11754=CARTESIAN_POINT('',(-16.9333333333333,-32.3999999999999,29.));
#11755=CARTESIAN_POINT('',(-9.66666666666671,-32.4,29.));
#11756=CARTESIAN_POINT('',(-19.7333333333333,32.4000000000001,29.));
#11757=CARTESIAN_POINT('',(-19.7333333333333,17.75,29.));
#11758=CARTESIAN_POINT('',(-16.9333333333333,32.4000000000001,29.));
#11759=CARTESIAN_POINT('',(-8.66666666666667,32.4000000000001,29.));
#11760=CARTESIAN_POINT('',(-16.9333333333333,-14.25,29.));
#11761=CARTESIAN_POINT('',(2.26666666666667,-32.3999999999999,29.));
#11762=CARTESIAN_POINT('',(5.06666666666666,-32.3999999999999,29.));
#11763=CARTESIAN_POINT('',(1.33333333333329,-32.3999999999999,29.));
#11764=CARTESIAN_POINT('',(2.26666666666667,32.4000000000001,29.));
#11765=CARTESIAN_POINT('',(2.26666666666667,17.75,29.));
#11766=CARTESIAN_POINT('',(5.06666666666667,32.4000000000001,29.));
#11767=CARTESIAN_POINT('',(2.33333333333333,32.4000000000001,29.));
#11768=CARTESIAN_POINT('',(5.06666666666666,-14.25,29.));
#11769=CARTESIAN_POINT('',(13.2666666666667,-32.3999999999999,29.));
#11770=CARTESIAN_POINT('',(16.0666666666667,-32.3999999999999,29.));
#11771=CARTESIAN_POINT('',(6.83333333333329,-32.3999999999999,29.));
#11772=CARTESIAN_POINT('',(13.2666666666667,32.4000000000001,29.));
#11773=CARTESIAN_POINT('',(13.2666666666667,17.75,29.));
#11774=CARTESIAN_POINT('',(16.0666666666667,32.4000000000001,29.));
#11775=CARTESIAN_POINT('',(7.83333333333333,32.4000000000001,29.));
#11776=CARTESIAN_POINT('',(16.0666666666667,-14.25,29.));
#11777=CARTESIAN_POINT('',(-16.0666666666667,-32.3999999999999,29.));
#11778=CARTESIAN_POINT('',(-13.2666666666667,-32.3999999999999,29.));
#11779=CARTESIAN_POINT('',(-7.83333333333338,-32.4,29.));
#11780=CARTESIAN_POINT('',(-16.0666666666667,32.4000000000001,29.));
#11781=CARTESIAN_POINT('',(-16.0666666666667,17.75,29.));
#11782=CARTESIAN_POINT('',(-13.2666666666667,32.4000000000001,29.));
#11783=CARTESIAN_POINT('',(-6.83333333333334,32.4000000000001,29.));
#11784=CARTESIAN_POINT('',(-13.2666666666667,-14.25,29.));
#11785=CARTESIAN_POINT('',(2.15,42.,29.));
#11786=CARTESIAN_POINT('Origin',(3.74801209207576E-17,42.,29.));
#11787=CARTESIAN_POINT('',(-1.4,32.4000000000001,29.));
#11788=CARTESIAN_POINT('',(-1.4,-32.3999999999999,29.));
#11789=CARTESIAN_POINT('',(-1.4,17.75,29.));
#11790=CARTESIAN_POINT('',(1.4,32.4000000000001,29.));
#11791=CARTESIAN_POINT('',(0.499999999999999,32.4000000000001,29.));
#11792=CARTESIAN_POINT('',(1.39999999999999,-32.3999999999999,29.));
#11793=CARTESIAN_POINT('',(1.4,-14.25,29.));
#11794=CARTESIAN_POINT('',(-0.500000000000042,-32.3999999999999,29.));
#11795=CARTESIAN_POINT('',(16.9333333333333,-32.3999999999999,29.));
#11796=CARTESIAN_POINT('',(19.7333333333333,-32.3999999999999,29.));
#11797=CARTESIAN_POINT('',(8.66666666666663,-32.3999999999999,29.));
#11798=CARTESIAN_POINT('',(16.9333333333333,32.4000000000001,29.));
#11799=CARTESIAN_POINT('',(16.9333333333333,17.75,29.));
#11800=CARTESIAN_POINT('',(19.7333333333333,32.4000000000001,29.));
#11801=CARTESIAN_POINT('',(9.66666666666667,32.4000000000001,29.));
#11802=CARTESIAN_POINT('',(19.7333333333333,-14.25,29.));
#11803=CARTESIAN_POINT('',(-12.4,-32.3999999999999,29.));
#11804=CARTESIAN_POINT('',(-9.60000000000001,-32.3999999999999,29.));
#11805=CARTESIAN_POINT('',(-6.00000000000004,-32.3999999999999,29.));
#11806=CARTESIAN_POINT('',(-12.4,32.4000000000001,29.));
#11807=CARTESIAN_POINT('',(-12.4,17.75,29.));
#11808=CARTESIAN_POINT('',(-9.6,32.4000000000001,29.));
#11809=CARTESIAN_POINT('',(-5.,32.4000000000001,29.));
#11810=CARTESIAN_POINT('',(-9.6,-14.25,29.));
#11811=CARTESIAN_POINT('',(-5.06666666666666,-32.3999999999999,29.));
#11812=CARTESIAN_POINT('',(-2.26666666666667,-32.3999999999999,29.));
#11813=CARTESIAN_POINT('',(-2.33333333333338,-32.3999999999999,29.));
#11814=CARTESIAN_POINT('',(-5.06666666666666,32.4000000000001,29.));
#11815=CARTESIAN_POINT('',(-5.06666666666666,17.75,29.));
#11816=CARTESIAN_POINT('',(-2.26666666666666,32.4000000000001,29.));
#11817=CARTESIAN_POINT('',(-1.33333333333333,32.4000000000001,29.));
#11818=CARTESIAN_POINT('',(-2.26666666666667,-14.25,29.));
#11819=CARTESIAN_POINT('',(20.6,-32.3999999999999,29.));
#11820=CARTESIAN_POINT('',(23.4,-32.3999999999999,29.));
#11821=CARTESIAN_POINT('',(10.5,-32.3999999999999,29.));
#11822=CARTESIAN_POINT('',(20.6,32.4000000000001,29.));
#11823=CARTESIAN_POINT('',(20.6,17.75,29.));
#11824=CARTESIAN_POINT('',(23.4,32.4000000000001,29.));
#11825=CARTESIAN_POINT('',(11.5,32.4000000000001,29.));
#11826=CARTESIAN_POINT('',(23.4,-14.25,29.));
#11827=CARTESIAN_POINT('',(-8.73333333333333,-32.3999999999999,29.));
#11828=CARTESIAN_POINT('',(-5.93333333333334,-32.3999999999999,29.));
#11829=CARTESIAN_POINT('',(-4.16666666666671,-32.3999999999999,29.));
#11830=CARTESIAN_POINT('',(-8.73333333333333,32.4000000000001,29.));
#11831=CARTESIAN_POINT('',(-8.73333333333333,17.75,29.));
#11832=CARTESIAN_POINT('',(-5.93333333333333,32.4000000000001,29.));
#11833=CARTESIAN_POINT('',(-3.16666666666667,32.4000000000001,29.));
#11834=CARTESIAN_POINT('',(-5.93333333333334,-14.25,29.));
#11835=CARTESIAN_POINT('Origin',(-11.5,-32.2,28.8));
#11836=CARTESIAN_POINT('',(-21.,-31.9999999999999,28.6));
#11837=CARTESIAN_POINT('',(-20.6,-32.3999999999999,29.));
#11838=CARTESIAN_POINT('',(-23.,-31.9999999999999,28.6));
#11839=CARTESIAN_POINT('',(-11.5,-32.,28.6));
#11840=CARTESIAN_POINT('',(-23.,-31.9999999999999,28.6));
#11841=CARTESIAN_POINT('Origin',(-20.8,-14.25,28.8));
#11842=CARTESIAN_POINT('',(-21.,32.0000000000001,28.6));
#11843=CARTESIAN_POINT('',(-21.,-14.25,28.6));
#11844=CARTESIAN_POINT('',(-21.,32.0000000000001,28.6));
#11845=CARTESIAN_POINT('Origin',(-23.2,17.75,28.8));
#11846=CARTESIAN_POINT('',(-23.,32.0000000000001,28.6));
#11847=CARTESIAN_POINT('',(-23.,17.75,28.6));
#11848=CARTESIAN_POINT('',(-23.,32.0000000000001,28.6));
#11849=CARTESIAN_POINT('Origin',(-10.5,32.2000000000001,28.8));
#11850=CARTESIAN_POINT('',(-10.5,32.0000000000001,28.6));
#11851=CARTESIAN_POINT('Origin',(-23.,32.0000000000001,27.));
#11852=CARTESIAN_POINT('',(-23.,-31.9999999999999,27.));
#11853=CARTESIAN_POINT('',(-23.,-31.9999999999999,27.));
#11854=CARTESIAN_POINT('',(-23.,32.0000000000001,27.));
#11855=CARTESIAN_POINT('',(-23.,17.75,27.));
#11856=CARTESIAN_POINT('',(-23.,32.0000000000001,27.));
#11857=CARTESIAN_POINT('Origin',(-23.,-31.9999999999999,27.));
#11858=CARTESIAN_POINT('',(-21.,-31.9999999999999,27.));
#11859=CARTESIAN_POINT('',(-21.,-31.9999999999999,27.));
#11860=CARTESIAN_POINT('',(-11.5,-32.,27.));
#11861=CARTESIAN_POINT('Origin',(-4.16666666666671,-32.1999999999999,28.8));
#11862=CARTESIAN_POINT('',(-6.33333333333334,-31.9999999999999,28.6));
#11863=CARTESIAN_POINT('',(-5.93333333333334,-32.3999999999999,29.));
#11864=CARTESIAN_POINT('',(-8.33333333333333,-31.9999999999999,28.6));
#11865=CARTESIAN_POINT('',(-4.16666666666671,-31.9999999999999,28.6));
#11866=CARTESIAN_POINT('',(-8.33333333333333,-31.9999999999999,28.6));
#11867=CARTESIAN_POINT('Origin',(-6.13333333333334,-14.25,28.8));
#11868=CARTESIAN_POINT('',(-6.33333333333333,32.0000000000001,28.6));
#11869=CARTESIAN_POINT('',(-6.33333333333334,-14.25,28.6));
#11870=CARTESIAN_POINT('',(-6.33333333333333,32.0000000000001,28.6));
#11871=CARTESIAN_POINT('Origin',(-8.53333333333333,17.75,28.8));
#11872=CARTESIAN_POINT('',(-8.33333333333333,32.0000000000001,28.6));
#11873=CARTESIAN_POINT('',(-8.33333333333333,17.75,28.6));
#11874=CARTESIAN_POINT('',(-8.33333333333333,32.0000000000001,28.6));
#11875=CARTESIAN_POINT('Origin',(-3.16666666666667,32.2000000000001,28.8));
#11876=CARTESIAN_POINT('',(-3.16666666666667,32.0000000000001,28.6));
#11877=CARTESIAN_POINT('Origin',(-8.33333333333333,32.0000000000001,27.));
#11878=CARTESIAN_POINT('',(-8.33333333333333,-31.9999999999999,27.));
#11879=CARTESIAN_POINT('',(-8.33333333333333,-31.9999999999999,27.));
#11880=CARTESIAN_POINT('',(-8.33333333333333,32.0000000000001,27.));
#11881=CARTESIAN_POINT('',(-8.33333333333333,17.75,27.));
#11882=CARTESIAN_POINT('',(-8.33333333333333,32.0000000000001,27.));
#11883=CARTESIAN_POINT('Origin',(-8.33333333333333,-31.9999999999999,27.));
#11884=CARTESIAN_POINT('',(-6.33333333333334,-31.9999999999999,27.));
#11885=CARTESIAN_POINT('',(-6.33333333333334,-31.9999999999999,27.));
#11886=CARTESIAN_POINT('',(-4.16666666666671,-31.9999999999999,27.));
#11887=CARTESIAN_POINT('Origin',(3.16666666666663,-32.1999999999999,28.8));
#11888=CARTESIAN_POINT('',(8.33333333333333,-31.9999999999999,28.6));
#11889=CARTESIAN_POINT('',(8.73333333333333,-32.3999999999999,29.));
#11890=CARTESIAN_POINT('',(6.33333333333334,-31.9999999999999,28.6));
#11891=CARTESIAN_POINT('',(3.16666666666663,-31.9999999999999,28.6));
#11892=CARTESIAN_POINT('',(6.33333333333334,-31.9999999999999,28.6));
#11893=CARTESIAN_POINT('Origin',(8.53333333333333,-14.25,28.8));
#11894=CARTESIAN_POINT('',(8.33333333333334,32.0000000000001,28.6));
#11895=CARTESIAN_POINT('',(8.33333333333333,-14.25,28.6));
#11896=CARTESIAN_POINT('',(8.33333333333334,32.0000000000001,28.6));
#11897=CARTESIAN_POINT('Origin',(6.13333333333333,17.75,28.8));
#11898=CARTESIAN_POINT('',(6.33333333333334,32.0000000000001,28.6));
#11899=CARTESIAN_POINT('',(6.33333333333334,17.75,28.6));
#11900=CARTESIAN_POINT('',(6.33333333333334,32.0000000000001,28.6));
#11901=CARTESIAN_POINT('Origin',(4.16666666666667,32.2000000000001,28.8));
#11902=CARTESIAN_POINT('',(4.16666666666667,32.0000000000001,28.6));
#11903=CARTESIAN_POINT('Origin',(6.33333333333334,32.0000000000001,27.));
#11904=CARTESIAN_POINT('',(6.33333333333334,-31.9999999999999,27.));
#11905=CARTESIAN_POINT('',(6.33333333333334,-31.9999999999999,27.));
#11906=CARTESIAN_POINT('',(6.33333333333334,32.0000000000001,27.));
#11907=CARTESIAN_POINT('',(6.33333333333334,17.75,27.));
#11908=CARTESIAN_POINT('',(6.33333333333334,32.0000000000001,27.));
#11909=CARTESIAN_POINT('Origin',(6.33333333333334,-31.9999999999999,27.));
#11910=CARTESIAN_POINT('',(8.33333333333333,-31.9999999999999,27.));
#11911=CARTESIAN_POINT('',(8.33333333333333,-31.9999999999999,27.));
#11912=CARTESIAN_POINT('',(3.16666666666663,-31.9999999999999,27.));
#11913=CARTESIAN_POINT('Origin',(10.5,-32.1999999999999,28.8));
#11914=CARTESIAN_POINT('',(23.,-31.9999999999999,28.6));
#11915=CARTESIAN_POINT('',(23.4,-32.3999999999999,29.));
#11916=CARTESIAN_POINT('',(21.,-31.9999999999999,28.6));
#11917=CARTESIAN_POINT('',(10.5,-31.9999999999999,28.6));
#11918=CARTESIAN_POINT('',(21.,-31.9999999999999,28.6));
#11919=CARTESIAN_POINT('Origin',(23.2,-14.25,28.8));
#11920=CARTESIAN_POINT('',(23.,32.0000000000001,28.6));
#11921=CARTESIAN_POINT('',(23.,-14.25,28.6));
#11922=CARTESIAN_POINT('',(23.,32.0000000000001,28.6));
#11923=CARTESIAN_POINT('Origin',(20.8,17.75,28.8));
#11924=CARTESIAN_POINT('',(21.,32.0000000000001,28.6));
#11925=CARTESIAN_POINT('',(21.,17.75,28.6));
#11926=CARTESIAN_POINT('',(21.,32.0000000000001,28.6));
#11927=CARTESIAN_POINT('Origin',(11.5,32.2000000000001,28.8));
#11928=CARTESIAN_POINT('',(11.5,32.0000000000001,28.6));
#11929=CARTESIAN_POINT('Origin',(21.,32.0000000000001,27.));
#11930=CARTESIAN_POINT('',(21.,-31.9999999999999,27.));
#11931=CARTESIAN_POINT('',(21.,-31.9999999999999,27.));
#11932=CARTESIAN_POINT('',(21.,32.0000000000001,27.));
#11933=CARTESIAN_POINT('',(21.,17.75,27.));
#11934=CARTESIAN_POINT('',(21.,32.0000000000001,27.));
#11935=CARTESIAN_POINT('Origin',(21.,-31.9999999999999,27.));
#11936=CARTESIAN_POINT('',(23.,-31.9999999999999,27.));
#11937=CARTESIAN_POINT('',(23.,-31.9999999999999,27.));
#11938=CARTESIAN_POINT('',(10.5,-31.9999999999999,27.));
#11939=CARTESIAN_POINT('Origin',(4.99999999999996,-32.1999999999999,28.8));
#11940=CARTESIAN_POINT('',(12.,-31.9999999999999,28.6));
#11941=CARTESIAN_POINT('',(12.4,-32.3999999999999,29.));
#11942=CARTESIAN_POINT('',(10.,-31.9999999999999,28.6));
#11943=CARTESIAN_POINT('',(4.99999999999996,-31.9999999999999,28.6));
#11944=CARTESIAN_POINT('',(10.,-31.9999999999999,28.6));
#11945=CARTESIAN_POINT('Origin',(12.2,-14.25,28.8));
#11946=CARTESIAN_POINT('',(12.,32.0000000000001,28.6));
#11947=CARTESIAN_POINT('',(12.,-14.25,28.6));
#11948=CARTESIAN_POINT('',(12.,32.0000000000001,28.6));
#11949=CARTESIAN_POINT('Origin',(9.8,17.75,28.8));
#11950=CARTESIAN_POINT('',(10.,32.0000000000001,28.6));
#11951=CARTESIAN_POINT('',(10.,17.75,28.6));
#11952=CARTESIAN_POINT('',(10.,32.0000000000001,28.6));
#11953=CARTESIAN_POINT('Origin',(6.,32.2000000000001,28.8));
#11954=CARTESIAN_POINT('',(6.,32.0000000000001,28.6));
#11955=CARTESIAN_POINT('Origin',(10.,32.0000000000001,27.));
#11956=CARTESIAN_POINT('',(10.,-31.9999999999999,27.));
#11957=CARTESIAN_POINT('',(10.,-31.9999999999999,27.));
#11958=CARTESIAN_POINT('',(10.,32.0000000000001,27.));
#11959=CARTESIAN_POINT('',(10.,17.75,27.));
#11960=CARTESIAN_POINT('',(10.,32.0000000000001,27.));
#11961=CARTESIAN_POINT('Origin',(10.,-31.9999999999999,27.));
#11962=CARTESIAN_POINT('',(12.,-31.9999999999999,27.));
#11963=CARTESIAN_POINT('',(12.,-31.9999999999999,27.));
#11964=CARTESIAN_POINT('',(4.99999999999996,-31.9999999999999,27.));
#11965=CARTESIAN_POINT('Origin',(-2.33333333333337,-32.1999999999999,28.8));
#11966=CARTESIAN_POINT('',(-2.66666666666667,-31.9999999999999,28.6));
#11967=CARTESIAN_POINT('',(-2.26666666666667,-32.3999999999999,29.));
#11968=CARTESIAN_POINT('',(-4.66666666666667,-31.9999999999999,28.6));
#11969=CARTESIAN_POINT('',(-2.33333333333337,-31.9999999999999,28.6));
#11970=CARTESIAN_POINT('',(-4.66666666666667,-31.9999999999999,28.6));
#11971=CARTESIAN_POINT('Origin',(-2.46666666666667,-14.25,28.8));
#11972=CARTESIAN_POINT('',(-2.66666666666667,32.0000000000001,28.6));
#11973=CARTESIAN_POINT('',(-2.66666666666667,-14.25,28.6));
#11974=CARTESIAN_POINT('',(-2.66666666666667,32.0000000000001,28.6));
#11975=CARTESIAN_POINT('Origin',(-4.86666666666666,17.75,28.8));
#11976=CARTESIAN_POINT('',(-4.66666666666667,32.0000000000001,28.6));
#11977=CARTESIAN_POINT('',(-4.66666666666667,17.75,28.6));
#11978=CARTESIAN_POINT('',(-4.66666666666667,32.0000000000001,28.6));
#11979=CARTESIAN_POINT('Origin',(-1.33333333333333,32.2000000000001,28.8));
#11980=CARTESIAN_POINT('',(-1.33333333333333,32.0000000000001,28.6));
#11981=CARTESIAN_POINT('Origin',(-4.66666666666667,32.0000000000001,27.));
#11982=CARTESIAN_POINT('',(-4.66666666666667,-31.9999999999999,27.));
#11983=CARTESIAN_POINT('',(-4.66666666666667,-31.9999999999999,27.));
#11984=CARTESIAN_POINT('',(-4.66666666666667,32.0000000000001,27.));
#11985=CARTESIAN_POINT('',(-4.66666666666667,17.75,27.));
#11986=CARTESIAN_POINT('',(-4.66666666666667,32.0000000000001,27.));
#11987=CARTESIAN_POINT('Origin',(-4.66666666666667,-31.9999999999999,27.));
#11988=CARTESIAN_POINT('',(-2.66666666666667,-31.9999999999999,27.));
#11989=CARTESIAN_POINT('',(-2.66666666666667,-31.9999999999999,27.));
#11990=CARTESIAN_POINT('',(-2.33333333333337,-31.9999999999999,27.));
#11991=CARTESIAN_POINT('Origin',(-9.66666666666671,-32.2,28.8));
#11992=CARTESIAN_POINT('',(-17.3333333333333,-31.9999999999999,28.6));
#11993=CARTESIAN_POINT('',(-16.9333333333333,-32.3999999999999,29.));
#11994=CARTESIAN_POINT('',(-19.3333333333333,-31.9999999999999,28.6));
#11995=CARTESIAN_POINT('',(-9.66666666666671,-32.,28.6));
#11996=CARTESIAN_POINT('',(-19.3333333333333,-31.9999999999999,28.6));
#11997=CARTESIAN_POINT('Origin',(-17.1333333333333,-14.25,28.8));
#11998=CARTESIAN_POINT('',(-17.3333333333333,32.0000000000001,28.6));
#11999=CARTESIAN_POINT('',(-17.3333333333333,-14.25,28.6));
#12000=CARTESIAN_POINT('',(-17.3333333333333,32.0000000000001,28.6));
#12001=CARTESIAN_POINT('Origin',(-19.5333333333333,17.75,28.8));
#12002=CARTESIAN_POINT('',(-19.3333333333333,32.0000000000001,28.6));
#12003=CARTESIAN_POINT('',(-19.3333333333333,17.75,28.6));
#12004=CARTESIAN_POINT('',(-19.3333333333333,32.0000000000001,28.6));
#12005=CARTESIAN_POINT('Origin',(-8.66666666666667,32.2000000000001,28.8));
#12006=CARTESIAN_POINT('',(-8.66666666666667,32.0000000000001,28.6));
#12007=CARTESIAN_POINT('Origin',(-19.3333333333333,32.0000000000001,27.));
#12008=CARTESIAN_POINT('',(-19.3333333333333,-31.9999999999999,27.));
#12009=CARTESIAN_POINT('',(-19.3333333333333,-31.9999999999999,27.));
#12010=CARTESIAN_POINT('',(-19.3333333333333,32.0000000000001,27.));
#12011=CARTESIAN_POINT('',(-19.3333333333333,17.75,27.));
#12012=CARTESIAN_POINT('',(-19.3333333333333,32.0000000000001,27.));
#12013=CARTESIAN_POINT('Origin',(-19.3333333333333,-31.9999999999999,27.));
#12014=CARTESIAN_POINT('',(-17.3333333333333,-31.9999999999999,27.));
#12015=CARTESIAN_POINT('',(-17.3333333333333,-31.9999999999999,27.));
#12016=CARTESIAN_POINT('',(-9.66666666666671,-32.,27.));
#12017=CARTESIAN_POINT('Origin',(-6.00000000000004,-32.1999999999999,28.8));
#12018=CARTESIAN_POINT('',(-10.,-31.9999999999999,28.6));
#12019=CARTESIAN_POINT('',(-9.60000000000001,-32.3999999999999,29.));
#12020=CARTESIAN_POINT('',(-12.,-31.9999999999999,28.6));
#12021=CARTESIAN_POINT('',(-6.00000000000004,-32.,28.6));
#12022=CARTESIAN_POINT('',(-12.,-31.9999999999999,28.6));
#12023=CARTESIAN_POINT('Origin',(-9.8,-14.25,28.8));
#12024=CARTESIAN_POINT('',(-10.,32.0000000000001,28.6));
#12025=CARTESIAN_POINT('',(-10.,-14.25,28.6));
#12026=CARTESIAN_POINT('',(-10.,32.0000000000001,28.6));
#12027=CARTESIAN_POINT('Origin',(-12.2,17.75,28.8));
#12028=CARTESIAN_POINT('',(-12.,32.0000000000001,28.6));
#12029=CARTESIAN_POINT('',(-12.,17.75,28.6));
#12030=CARTESIAN_POINT('',(-12.,32.0000000000001,28.6));
#12031=CARTESIAN_POINT('Origin',(-5.,32.2000000000001,28.8));
#12032=CARTESIAN_POINT('',(-5.,32.0000000000001,28.6));
#12033=CARTESIAN_POINT('Origin',(-12.,32.0000000000001,27.));
#12034=CARTESIAN_POINT('',(-12.,-31.9999999999999,27.));
#12035=CARTESIAN_POINT('',(-12.,-31.9999999999999,27.));
#12036=CARTESIAN_POINT('',(-12.,32.0000000000001,27.));
#12037=CARTESIAN_POINT('',(-12.,17.75,27.));
#12038=CARTESIAN_POINT('',(-12.,32.0000000000001,27.));
#12039=CARTESIAN_POINT('Origin',(-12.,-31.9999999999999,27.));
#12040=CARTESIAN_POINT('',(-10.,-31.9999999999999,27.));
#12041=CARTESIAN_POINT('',(-10.,-31.9999999999999,27.));
#12042=CARTESIAN_POINT('',(-6.00000000000004,-32.,27.));
#12043=CARTESIAN_POINT('Origin',(1.33333333333329,-32.1999999999999,28.8));
#12044=CARTESIAN_POINT('',(4.66666666666666,-31.9999999999999,28.6));
#12045=CARTESIAN_POINT('',(5.06666666666666,-32.3999999999999,29.));
#12046=CARTESIAN_POINT('',(2.66666666666667,-31.9999999999999,28.6));
#12047=CARTESIAN_POINT('',(1.33333333333329,-31.9999999999999,28.6));
#12048=CARTESIAN_POINT('',(2.66666666666667,-31.9999999999999,28.6));
#12049=CARTESIAN_POINT('Origin',(4.86666666666666,-14.25,28.8));
#12050=CARTESIAN_POINT('',(4.66666666666667,32.0000000000001,28.6));
#12051=CARTESIAN_POINT('',(4.66666666666666,-14.25,28.6));
#12052=CARTESIAN_POINT('',(4.66666666666667,32.0000000000001,28.6));
#12053=CARTESIAN_POINT('Origin',(2.46666666666667,17.75,28.8));
#12054=CARTESIAN_POINT('',(2.66666666666667,32.0000000000001,28.6));
#12055=CARTESIAN_POINT('',(2.66666666666667,17.75,28.6));
#12056=CARTESIAN_POINT('',(2.66666666666667,32.0000000000001,28.6));
#12057=CARTESIAN_POINT('Origin',(2.33333333333333,32.2000000000001,28.8));
#12058=CARTESIAN_POINT('',(2.33333333333333,32.0000000000001,28.6));
#12059=CARTESIAN_POINT('Origin',(2.66666666666667,32.0000000000001,27.));
#12060=CARTESIAN_POINT('',(2.66666666666667,-31.9999999999999,27.));
#12061=CARTESIAN_POINT('',(2.66666666666667,-31.9999999999999,27.));
#12062=CARTESIAN_POINT('',(2.66666666666667,32.0000000000001,27.));
#12063=CARTESIAN_POINT('',(2.66666666666667,17.75,27.));
#12064=CARTESIAN_POINT('',(2.66666666666667,32.0000000000001,27.));
#12065=CARTESIAN_POINT('Origin',(2.66666666666667,-31.9999999999999,27.));
#12066=CARTESIAN_POINT('',(4.66666666666666,-31.9999999999999,27.));
#12067=CARTESIAN_POINT('',(4.66666666666666,-31.9999999999999,27.));
#12068=CARTESIAN_POINT('',(1.33333333333329,-31.9999999999999,27.));
#12069=CARTESIAN_POINT('Origin',(8.66666666666663,-32.1999999999999,28.8));
#12070=CARTESIAN_POINT('',(19.3333333333333,-31.9999999999999,28.6));
#12071=CARTESIAN_POINT('',(19.7333333333333,-32.3999999999999,29.));
#12072=CARTESIAN_POINT('',(17.3333333333333,-31.9999999999999,28.6));
#12073=CARTESIAN_POINT('',(8.66666666666663,-31.9999999999999,28.6));
#12074=CARTESIAN_POINT('',(17.3333333333333,-31.9999999999999,28.6));
#12075=CARTESIAN_POINT('Origin',(19.5333333333333,-14.25,28.8));
#12076=CARTESIAN_POINT('',(19.3333333333333,32.0000000000001,28.6));
#12077=CARTESIAN_POINT('',(19.3333333333333,-14.25,28.6));
#12078=CARTESIAN_POINT('',(19.3333333333333,32.0000000000001,28.6));
#12079=CARTESIAN_POINT('Origin',(17.1333333333333,17.75,28.8));
#12080=CARTESIAN_POINT('',(17.3333333333333,32.0000000000001,28.6));
#12081=CARTESIAN_POINT('',(17.3333333333333,17.75,28.6));
#12082=CARTESIAN_POINT('',(17.3333333333333,32.0000000000001,28.6));
#12083=CARTESIAN_POINT('Origin',(9.66666666666667,32.2000000000001,28.8));
#12084=CARTESIAN_POINT('',(9.66666666666667,32.0000000000001,28.6));
#12085=CARTESIAN_POINT('Origin',(17.3333333333333,32.0000000000001,27.));
#12086=CARTESIAN_POINT('',(17.3333333333333,-31.9999999999999,27.));
#12087=CARTESIAN_POINT('',(17.3333333333333,-31.9999999999999,27.));
#12088=CARTESIAN_POINT('',(17.3333333333333,32.0000000000001,27.));
#12089=CARTESIAN_POINT('',(17.3333333333333,17.75,27.));
#12090=CARTESIAN_POINT('',(17.3333333333333,32.0000000000001,27.));
#12091=CARTESIAN_POINT('Origin',(17.3333333333333,-31.9999999999999,27.));
#12092=CARTESIAN_POINT('',(19.3333333333333,-31.9999999999999,27.));
#12093=CARTESIAN_POINT('',(19.3333333333333,-31.9999999999999,27.));
#12094=CARTESIAN_POINT('',(8.66666666666663,-31.9999999999999,27.));
#12095=CARTESIAN_POINT('Origin',(6.83333333333329,-32.1999999999999,28.8));
#12096=CARTESIAN_POINT('',(15.6666666666667,-31.9999999999999,28.6));
#12097=CARTESIAN_POINT('',(16.0666666666667,-32.3999999999999,29.));
#12098=CARTESIAN_POINT('',(13.6666666666667,-31.9999999999999,28.6));
#12099=CARTESIAN_POINT('',(6.83333333333329,-31.9999999999999,28.6));
#12100=CARTESIAN_POINT('',(13.6666666666667,-31.9999999999999,28.6));
#12101=CARTESIAN_POINT('Origin',(15.8666666666667,-14.25,28.8));
#12102=CARTESIAN_POINT('',(15.6666666666667,32.0000000000001,28.6));
#12103=CARTESIAN_POINT('',(15.6666666666667,-14.25,28.6));
#12104=CARTESIAN_POINT('',(15.6666666666667,32.0000000000001,28.6));
#12105=CARTESIAN_POINT('Origin',(13.4666666666667,17.75,28.8));
#12106=CARTESIAN_POINT('',(13.6666666666667,32.0000000000001,28.6));
#12107=CARTESIAN_POINT('',(13.6666666666667,17.75,28.6));
#12108=CARTESIAN_POINT('',(13.6666666666667,32.0000000000001,28.6));
#12109=CARTESIAN_POINT('Origin',(7.83333333333333,32.2000000000001,28.8));
#12110=CARTESIAN_POINT('',(7.83333333333333,32.0000000000001,28.6));
#12111=CARTESIAN_POINT('Origin',(13.6666666666667,32.0000000000001,27.));
#12112=CARTESIAN_POINT('',(13.6666666666667,-31.9999999999999,27.));
#12113=CARTESIAN_POINT('',(13.6666666666667,-31.9999999999999,27.));
#12114=CARTESIAN_POINT('',(13.6666666666667,32.0000000000001,27.));
#12115=CARTESIAN_POINT('',(13.6666666666667,17.75,27.));
#12116=CARTESIAN_POINT('',(13.6666666666667,32.0000000000001,27.));
#12117=CARTESIAN_POINT('Origin',(13.6666666666667,-31.9999999999999,27.));
#12118=CARTESIAN_POINT('',(15.6666666666667,-31.9999999999999,27.));
#12119=CARTESIAN_POINT('',(15.6666666666667,-31.9999999999999,27.));
#12120=CARTESIAN_POINT('',(6.83333333333329,-31.9999999999999,27.));
#12121=CARTESIAN_POINT('Origin',(-1.2,17.75,28.8));
#12122=CARTESIAN_POINT('',(-0.999999999999998,-31.9999999999999,28.6));
#12123=CARTESIAN_POINT('',(-1.4,-32.3999999999999,29.));
#12124=CARTESIAN_POINT('',(-0.999999999999998,32.0000000000001,28.6));
#12125=CARTESIAN_POINT('',(-0.999999999999998,17.75,28.6));
#12126=CARTESIAN_POINT('',(-0.999999999999998,32.0000000000001,28.6));
#12127=CARTESIAN_POINT('Origin',(-0.500000000000041,-32.1999999999999,28.8));
#12128=CARTESIAN_POINT('',(0.999999999999994,-31.9999999999999,28.6));
#12129=CARTESIAN_POINT('',(-0.500000000000041,-31.9999999999999,28.6));
#12130=CARTESIAN_POINT('',(0.999999999999994,-31.9999999999999,28.6));
#12131=CARTESIAN_POINT('Origin',(0.499999999999999,32.2000000000001,28.8));
#12132=CARTESIAN_POINT('',(1.,32.0000000000001,28.6));
#12133=CARTESIAN_POINT('',(0.499999999999999,32.0000000000001,28.6));
#12134=CARTESIAN_POINT('',(1.,32.0000000000001,28.6));
#12135=CARTESIAN_POINT('Origin',(1.2,-14.25,28.8));
#12136=CARTESIAN_POINT('',(0.999999999999996,-14.25,28.6));
#12137=CARTESIAN_POINT('Origin',(1.,32.0000000000001,27.));
#12138=CARTESIAN_POINT('',(-0.999999999999998,32.0000000000001,27.));
#12139=CARTESIAN_POINT('',(-0.999999999999998,32.0000000000001,27.));
#12140=CARTESIAN_POINT('',(1.,32.0000000000001,27.));
#12141=CARTESIAN_POINT('',(0.499999999999999,32.0000000000001,27.));
#12142=CARTESIAN_POINT('',(1.,32.0000000000001,27.));
#12143=CARTESIAN_POINT('Origin',(-0.999999999999998,32.0000000000001,27.));
#12144=CARTESIAN_POINT('',(-0.999999999999998,-31.9999999999999,27.));
#12145=CARTESIAN_POINT('',(-0.999999999999998,-31.9999999999999,27.));
#12146=CARTESIAN_POINT('',(-0.999999999999998,17.75,27.));
#12147=CARTESIAN_POINT('Origin',(-7.83333333333337,-32.2,28.8));
#12148=CARTESIAN_POINT('',(-13.6666666666667,-31.9999999999999,28.6));
#12149=CARTESIAN_POINT('',(-13.2666666666667,-32.3999999999999,29.));
#12150=CARTESIAN_POINT('',(-15.6666666666667,-31.9999999999999,28.6));
#12151=CARTESIAN_POINT('',(-7.83333333333337,-32.,28.6));
#12152=CARTESIAN_POINT('',(-15.6666666666667,-31.9999999999999,28.6));
#12153=CARTESIAN_POINT('Origin',(-13.4666666666667,-14.25,28.8));
#12154=CARTESIAN_POINT('',(-13.6666666666667,32.0000000000001,28.6));
#12155=CARTESIAN_POINT('',(-13.6666666666667,-14.25,28.6));
#12156=CARTESIAN_POINT('',(-13.6666666666667,32.0000000000001,28.6));
#12157=CARTESIAN_POINT('Origin',(-15.8666666666667,17.75,28.8));
#12158=CARTESIAN_POINT('',(-15.6666666666667,32.0000000000001,28.6));
#12159=CARTESIAN_POINT('',(-15.6666666666667,17.75,28.6));
#12160=CARTESIAN_POINT('',(-15.6666666666667,32.0000000000001,28.6));
#12161=CARTESIAN_POINT('Origin',(-6.83333333333334,32.2000000000001,28.8));
#12162=CARTESIAN_POINT('',(-6.83333333333334,32.0000000000001,28.6));
#12163=CARTESIAN_POINT('Origin',(-15.6666666666667,32.0000000000001,27.));
#12164=CARTESIAN_POINT('',(-15.6666666666667,-31.9999999999999,27.));
#12165=CARTESIAN_POINT('',(-15.6666666666667,-31.9999999999999,27.));
#12166=CARTESIAN_POINT('',(-15.6666666666667,32.0000000000001,27.));
#12167=CARTESIAN_POINT('',(-15.6666666666667,17.75,27.));
#12168=CARTESIAN_POINT('',(-15.6666666666667,32.0000000000001,27.));
#12169=CARTESIAN_POINT('Origin',(-15.6666666666667,-31.9999999999999,27.));
#12170=CARTESIAN_POINT('',(-13.6666666666667,-31.9999999999999,27.));
#12171=CARTESIAN_POINT('',(-13.6666666666667,-31.9999999999999,27.));
#12172=CARTESIAN_POINT('',(-7.83333333333338,-32.,27.));
#12173=CARTESIAN_POINT('Origin',(3.74801209207576E-17,42.,28.8));
#12174=CARTESIAN_POINT('',(1.95,42.,28.8));
#12175=CARTESIAN_POINT('Origin',(19.9,-36.475,23.1));
#12176=CARTESIAN_POINT('',(19.8,-36.8,23.));
#12177=CARTESIAN_POINT('',(19.8,-34.5,23.));
#12178=CARTESIAN_POINT('',(19.8,-36.475,23.));
#12179=CARTESIAN_POINT('',(20.,-34.5,23.2));
#12180=CARTESIAN_POINT('',(9.40000000000005,-34.5,12.6));
#12181=CARTESIAN_POINT('',(20.,-36.7171572875254,23.2));
#12182=CARTESIAN_POINT('',(20.,-36.475,23.2));
#12183=CARTESIAN_POINT('',(20.,-36.7171572875254,23.2));
#12184=CARTESIAN_POINT('Origin',(19.9,-37.3667893218813,23.7082106781187));
#12185=CARTESIAN_POINT('',(19.8,-37.8,24.));
#12186=CARTESIAN_POINT('',(19.8,-37.4375,23.6375));
#12187=CARTESIAN_POINT('',(20.,-37.5171572875254,24.));
#12188=CARTESIAN_POINT('',(20.,-37.2960786437627,23.7789213562373));
#12189=CARTESIAN_POINT('',(20.,-37.5171572875254,24.));
#12190=CARTESIAN_POINT('Origin',(19.9,-36.7667893218813,24.8917893218813));
#12191=CARTESIAN_POINT('',(19.8,-36.8,25.));
#12192=CARTESIAN_POINT('',(19.8,-36.8375,24.9625));
#12193=CARTESIAN_POINT('',(20.,-36.6,24.9171572875254));
#12194=CARTESIAN_POINT('',(20.,-36.6960786437627,24.8210786437627));
#12195=CARTESIAN_POINT('',(20.,-36.6,24.9171572875254));
#12196=CARTESIAN_POINT('Origin',(19.9,-36.7,25.6));
#12197=CARTESIAN_POINT('',(20.,-36.6,25.2));
#12198=CARTESIAN_POINT('',(20.,-36.6,25.6));
#12199=CARTESIAN_POINT('',(19.8,-36.8,25.4));
#12200=CARTESIAN_POINT('',(18.9250000000002,-37.6749999999999,26.275));
#12201=CARTESIAN_POINT('',(19.8,-36.8,25.6));
#12202=CARTESIAN_POINT('Origin',(-25.9999999999999,-34.5,27.));
#12203=CARTESIAN_POINT('',(5.20000000000004,-34.5,23.));
#12204=CARTESIAN_POINT('',(5.00000000000004,-34.5,23.));
#12205=CARTESIAN_POINT('',(5.00000000000004,-34.5,23.2));
#12206=CARTESIAN_POINT('',(-3.65,-34.5,31.85));
#12207=CARTESIAN_POINT('',(5.00000000000004,-34.5,25.));
#12208=CARTESIAN_POINT('',(5.00000000000004,-34.5,25.));
#12209=CARTESIAN_POINT('',(-4.99999999999996,-34.5,25.));
#12210=CARTESIAN_POINT('',(26.,-34.5,25.));
#12211=CARTESIAN_POINT('',(-4.99999999999996,-34.5,23.2));
#12212=CARTESIAN_POINT('',(-4.99999999999996,-34.5,25.));
#12213=CARTESIAN_POINT('',(-5.19999999999996,-34.5,23.));
#12214=CARTESIAN_POINT('',(-9.34999999999984,-34.5,18.85));
#12215=CARTESIAN_POINT('',(-19.8,-34.5,23.));
#12216=CARTESIAN_POINT('',(-4.99999999999996,-34.5,23.));
#12217=CARTESIAN_POINT('',(-20.,-34.5,23.2));
#12218=CARTESIAN_POINT('',(-22.3999999999999,-34.5,25.6));
#12219=CARTESIAN_POINT('',(-20.,-34.5,25.));
#12220=CARTESIAN_POINT('',(-20.,-34.5,25.));
#12221=CARTESIAN_POINT('',(-24.9999999999999,-34.5,25.));
#12222=CARTESIAN_POINT('',(26.,-34.5,25.));
#12223=CARTESIAN_POINT('',(-24.9999999999999,-34.5,27.));
#12224=CARTESIAN_POINT('',(-24.9999999999999,-34.5,27.));
#12225=CARTESIAN_POINT('',(25.,-34.5,27.));
#12226=CARTESIAN_POINT('',(-13.,-34.5,27.));
#12227=CARTESIAN_POINT('',(25.,-34.5,25.));
#12228=CARTESIAN_POINT('',(25.,-34.5,27.));
#12229=CARTESIAN_POINT('',(20.,-34.5,25.));
#12230=CARTESIAN_POINT('',(26.,-34.5,25.));
#12231=CARTESIAN_POINT('',(20.,-34.5,25.));
#12232=CARTESIAN_POINT('Origin',(5.00000000000004,-36.8,23.));
#12233=CARTESIAN_POINT('',(5.20000000000004,-36.8,23.));
#12234=CARTESIAN_POINT('',(5.00000000000004,-36.8,23.));
#12235=CARTESIAN_POINT('',(5.20000000000004,-36.475,23.));
#12236=CARTESIAN_POINT('Origin',(5.00000000000005,-37.8,24.));
#12237=CARTESIAN_POINT('',(5.20000000000004,-37.8,24.));
#12238=CARTESIAN_POINT('',(5.00000000000005,-37.8,24.));
#12239=CARTESIAN_POINT('',(5.20000000000005,-37.4375,23.6375));
#12240=CARTESIAN_POINT('Origin',(5.00000000000004,-36.8,25.));
#12241=CARTESIAN_POINT('',(5.20000000000004,-36.8,25.));
#12242=CARTESIAN_POINT('',(5.00000000000004,-36.8,25.));
#12243=CARTESIAN_POINT('',(5.20000000000004,-36.8375,24.9625));
#12244=CARTESIAN_POINT('Origin',(28.3,-36.8,27.));
#12245=CARTESIAN_POINT('',(26.3,-36.8,25.4));
#12246=CARTESIAN_POINT('',(14.15,-36.8,25.4));
#12247=CARTESIAN_POINT('',(26.3,-36.8,27.));
#12248=CARTESIAN_POINT('',(-26.2999999999999,-36.8,25.4));
#12249=CARTESIAN_POINT('',(-26.2999999999999,-36.8,27.));
#12250=CARTESIAN_POINT('',(-19.8,-36.8,25.4));
#12251=CARTESIAN_POINT('',(14.15,-36.8,25.4));
#12252=CARTESIAN_POINT('',(-19.8,-36.8,25.));
#12253=CARTESIAN_POINT('',(-19.8,-36.8,25.6));
#12254=CARTESIAN_POINT('',(-5.19999999999996,-36.8,25.));
#12255=CARTESIAN_POINT('',(-4.99999999999996,-36.8,25.));
#12256=CARTESIAN_POINT('',(-5.19999999999996,-36.8,25.4));
#12257=CARTESIAN_POINT('',(-5.19999999999996,-36.8,25.6));
#12258=CARTESIAN_POINT('',(5.20000000000004,-36.8,25.4));
#12259=CARTESIAN_POINT('',(14.15,-36.8,25.4));
#12260=CARTESIAN_POINT('',(5.20000000000004,-36.8,25.6));
#12261=CARTESIAN_POINT('Origin',(5.10000000000004,-36.475,23.1));
#12262=CARTESIAN_POINT('',(5.00000000000004,-36.7171572875254,23.2));
#12263=CARTESIAN_POINT('',(5.00000000000004,-36.475,23.2));
#12264=CARTESIAN_POINT('',(5.20000000000004,-36.8,23.));
#12265=CARTESIAN_POINT('Origin',(5.10000000000004,-37.3667893218813,23.7082106781187));
#12266=CARTESIAN_POINT('',(5.00000000000004,-37.5171572875254,24.));
#12267=CARTESIAN_POINT('',(5.20000000000004,-37.8,24.));
#12268=CARTESIAN_POINT('',(5.00000000000004,-37.2960786437627,23.7789213562373));
#12269=CARTESIAN_POINT('Origin',(5.10000000000004,-36.7667893218813,24.8917893218813));
#12270=CARTESIAN_POINT('',(5.00000000000004,-36.6,24.9171572875254));
#12271=CARTESIAN_POINT('',(5.20000000000004,-36.8,25.));
#12272=CARTESIAN_POINT('',(5.00000000000004,-36.6960786437627,24.8210786437627));
#12273=CARTESIAN_POINT('Origin',(5.10000000000004,-36.7,25.6));
#12274=CARTESIAN_POINT('',(5.00000000000004,-36.6,25.2));
#12275=CARTESIAN_POINT('',(6.625,-38.225,26.825));
#12276=CARTESIAN_POINT('',(5.00000000000004,-36.6,25.6));
#12277=CARTESIAN_POINT('Origin',(5.00000000000004,-36.15,24.2));
#12278=CARTESIAN_POINT('',(5.00000000000004,-36.3999999999999,25.));
#12279=CARTESIAN_POINT('',(5.00000000000004,-36.2375,24.8375));
#12280=CARTESIAN_POINT('',(5.00000000000003,-18.075,25.));
#12281=CARTESIAN_POINT('Origin',(-5.09999999999996,-35.325,23.1));
#12282=CARTESIAN_POINT('',(-5.19999999999996,-36.8,23.));
#12283=CARTESIAN_POINT('',(-5.19999999999996,-35.325,23.));
#12284=CARTESIAN_POINT('',(-4.99999999999996,-36.7171572875254,23.2));
#12285=CARTESIAN_POINT('',(-4.99999999999996,-35.325,23.2));
#12286=CARTESIAN_POINT('',(-4.99999999999996,-36.7171572875254,23.2));
#12287=CARTESIAN_POINT('Origin',(-5.09999999999996,-36.8667893218814,23.2082106781187));
#12288=CARTESIAN_POINT('',(-4.99999999999995,-37.5171572875254,24.));
#12289=CARTESIAN_POINT('',(-4.99999999999996,-36.7960786437627,23.2789213562373));
#12290=CARTESIAN_POINT('',(-5.19999999999996,-37.8,24.));
#12291=CARTESIAN_POINT('',(-4.99999999999995,-37.5171572875254,24.));
#12292=CARTESIAN_POINT('',(-5.19999999999996,-36.9375,23.1375));
#12293=CARTESIAN_POINT('Origin',(-5.09999999999996,-37.2667893218814,24.3917893218813));
#12294=CARTESIAN_POINT('',(-5.19999999999996,-37.3375,24.4625));
#12295=CARTESIAN_POINT('',(-4.99999999999996,-36.6,24.9171572875254));
#12296=CARTESIAN_POINT('',(-4.99999999999995,-37.1960786437627,24.3210786437627));
#12297=CARTESIAN_POINT('',(-4.99999999999996,-36.6,24.9171572875254));
#12298=CARTESIAN_POINT('Origin',(-5.09999999999996,-36.7,25.6));
#12299=CARTESIAN_POINT('',(-4.99999999999995,-36.6,25.2));
#12300=CARTESIAN_POINT('',(-4.99999999999996,-36.6,25.6));
#12301=CARTESIAN_POINT('',(-1.9083333333332,-33.5083333333333,22.1083333333333));
#12302=CARTESIAN_POINT('Origin',(-4.99999999999996,-34.5,23.));
#12303=CARTESIAN_POINT('',(-19.8,-36.8,23.));
#12304=CARTESIAN_POINT('',(-4.99999999999996,-36.8,23.));
#12305=CARTESIAN_POINT('',(-19.8,-35.325,23.));
#12306=CARTESIAN_POINT('Origin',(-4.99999999999996,-36.8,23.));
#12307=CARTESIAN_POINT('',(-19.8,-37.8,24.));
#12308=CARTESIAN_POINT('',(-4.99999999999995,-37.8,24.));
#12309=CARTESIAN_POINT('',(-19.8,-36.9375,23.1375));
#12310=CARTESIAN_POINT('Origin',(-4.99999999999995,-37.8,24.));
#12311=CARTESIAN_POINT('',(-19.8,-37.3375,24.4625));
#12312=CARTESIAN_POINT('Origin',(-19.9,-36.7,25.6));
#12313=CARTESIAN_POINT('',(-20.,-36.6,25.2));
#12314=CARTESIAN_POINT('',(-14.2083333333325,-42.3916666666669,30.9916666666669));
#12315=CARTESIAN_POINT('',(-20.,-36.6,24.9171572875254));
#12316=CARTESIAN_POINT('',(-20.,-36.6,25.6));
#12317=CARTESIAN_POINT('',(-20.,-36.6,24.9171572875254));
#12318=CARTESIAN_POINT('Origin',(-19.9,-37.2667893218814,24.3917893218813));
#12319=CARTESIAN_POINT('',(-20.,-37.5171572875254,24.));
#12320=CARTESIAN_POINT('',(-20.,-37.1960786437627,24.3210786437627));
#12321=CARTESIAN_POINT('',(-20.,-37.5171572875254,24.));
#12322=CARTESIAN_POINT('Origin',(-19.9,-36.8667893218814,23.2082106781187));
#12323=CARTESIAN_POINT('',(-20.,-36.7171572875254,23.2));
#12324=CARTESIAN_POINT('',(-20.,-36.7960786437627,23.2789213562373));
#12325=CARTESIAN_POINT('',(-20.,-36.7171572875254,23.2));
#12326=CARTESIAN_POINT('Origin',(-19.9,-35.325,23.1));
#12327=CARTESIAN_POINT('',(-20.,-35.325,23.2));
#12328=CARTESIAN_POINT('Origin',(-20.,-36.15,24.2));
#12329=CARTESIAN_POINT('',(-20.,-36.4,25.));
#12330=CARTESIAN_POINT('',(-20.,-36.2375,24.8375));
#12331=CARTESIAN_POINT('',(-20.,-18.075,25.));
#12332=CARTESIAN_POINT('Origin',(-13.6666666666667,32.0000000000001,27.));
#12333=CARTESIAN_POINT('',(-13.6666666666667,32.0000000000001,27.));
#12334=CARTESIAN_POINT('',(-6.83333333333334,32.0000000000001,27.));
#12335=CARTESIAN_POINT('',(-13.6666666666667,32.0000000000001,27.));
#12336=CARTESIAN_POINT('Origin',(-13.6666666666667,-31.9999999999999,27.));
#12337=CARTESIAN_POINT('',(-13.6666666666667,-14.25,27.));
#12338=CARTESIAN_POINT('Origin',(0.999999999999994,-31.9999999999999,27.));
#12339=CARTESIAN_POINT('',(0.999999999999994,-31.9999999999999,27.));
#12340=CARTESIAN_POINT('',(0.999999999999996,-14.25,27.));
#12341=CARTESIAN_POINT('',(0.999999999999994,-31.9999999999999,27.));
#12342=CARTESIAN_POINT('Origin',(-0.999999999999998,-31.9999999999999,27.));
#12343=CARTESIAN_POINT('',(-0.500000000000041,-31.9999999999999,27.));
#12344=CARTESIAN_POINT('Origin',(15.6666666666667,32.0000000000001,27.));
#12345=CARTESIAN_POINT('',(15.6666666666667,32.0000000000001,27.));
#12346=CARTESIAN_POINT('',(7.83333333333333,32.0000000000001,27.));
#12347=CARTESIAN_POINT('',(15.6666666666667,32.0000000000001,27.));
#12348=CARTESIAN_POINT('Origin',(15.6666666666667,-31.9999999999999,27.));
#12349=CARTESIAN_POINT('',(15.6666666666667,-14.25,27.));
#12350=CARTESIAN_POINT('Origin',(19.3333333333333,32.0000000000001,27.));
#12351=CARTESIAN_POINT('',(19.3333333333333,32.0000000000001,27.));
#12352=CARTESIAN_POINT('',(9.66666666666667,32.0000000000001,27.));
#12353=CARTESIAN_POINT('',(19.3333333333333,32.0000000000001,27.));
#12354=CARTESIAN_POINT('Origin',(19.3333333333333,-31.9999999999999,27.));
#12355=CARTESIAN_POINT('',(19.3333333333333,-14.25,27.));
#12356=CARTESIAN_POINT('Origin',(4.66666666666667,32.0000000000001,27.));
#12357=CARTESIAN_POINT('',(4.66666666666667,32.0000000000001,27.));
#12358=CARTESIAN_POINT('',(2.33333333333333,32.0000000000001,27.));
#12359=CARTESIAN_POINT('',(4.66666666666667,32.0000000000001,27.));
#12360=CARTESIAN_POINT('Origin',(4.66666666666666,-31.9999999999999,27.));
#12361=CARTESIAN_POINT('',(4.66666666666666,-14.25,27.));
#12362=CARTESIAN_POINT('Origin',(-10.,32.0000000000001,27.));
#12363=CARTESIAN_POINT('',(-10.,32.0000000000001,27.));
#12364=CARTESIAN_POINT('',(-5.,32.0000000000001,27.));
#12365=CARTESIAN_POINT('',(-10.,32.0000000000001,27.));
#12366=CARTESIAN_POINT('Origin',(-10.,-31.9999999999999,27.));
#12367=CARTESIAN_POINT('',(-10.,-14.25,27.));
#12368=CARTESIAN_POINT('Origin',(-17.3333333333333,32.0000000000001,27.));
#12369=CARTESIAN_POINT('',(-17.3333333333333,32.0000000000001,27.));
#12370=CARTESIAN_POINT('',(-8.66666666666667,32.0000000000001,27.));
#12371=CARTESIAN_POINT('',(-17.3333333333333,32.0000000000001,27.));
#12372=CARTESIAN_POINT('Origin',(-17.3333333333333,-31.9999999999999,27.));
#12373=CARTESIAN_POINT('',(-17.3333333333333,-14.25,27.));
#12374=CARTESIAN_POINT('Origin',(-2.66666666666667,32.0000000000001,27.));
#12375=CARTESIAN_POINT('',(-2.66666666666667,32.0000000000001,27.));
#12376=CARTESIAN_POINT('',(-1.33333333333333,32.0000000000001,27.));
#12377=CARTESIAN_POINT('',(-2.66666666666667,32.0000000000001,27.));
#12378=CARTESIAN_POINT('Origin',(-2.66666666666667,-31.9999999999999,27.));
#12379=CARTESIAN_POINT('',(-2.66666666666667,-14.25,27.));
#12380=CARTESIAN_POINT('Origin',(12.,32.0000000000001,27.));
#12381=CARTESIAN_POINT('',(12.,32.0000000000001,27.));
#12382=CARTESIAN_POINT('',(6.,32.0000000000001,27.));
#12383=CARTESIAN_POINT('',(12.,32.0000000000001,27.));
#12384=CARTESIAN_POINT('Origin',(12.,-31.9999999999999,27.));
#12385=CARTESIAN_POINT('',(12.,-14.25,27.));
#12386=CARTESIAN_POINT('Origin',(23.,32.0000000000001,27.));
#12387=CARTESIAN_POINT('',(23.,32.0000000000001,27.));
#12388=CARTESIAN_POINT('',(11.5,32.0000000000001,27.));
#12389=CARTESIAN_POINT('',(23.,32.0000000000001,27.));
#12390=CARTESIAN_POINT('Origin',(23.,-31.9999999999999,27.));
#12391=CARTESIAN_POINT('',(23.,-14.25,27.));
#12392=CARTESIAN_POINT('Origin',(8.33333333333334,32.0000000000001,27.));
#12393=CARTESIAN_POINT('',(8.33333333333334,32.0000000000001,27.));
#12394=CARTESIAN_POINT('',(4.16666666666667,32.0000000000001,27.));
#12395=CARTESIAN_POINT('',(8.33333333333334,32.0000000000001,27.));
#12396=CARTESIAN_POINT('Origin',(8.33333333333333,-31.9999999999999,27.));
#12397=CARTESIAN_POINT('',(8.33333333333333,-14.25,27.));
#12398=CARTESIAN_POINT('Origin',(-6.33333333333333,32.0000000000001,27.));
#12399=CARTESIAN_POINT('',(-6.33333333333333,32.0000000000001,27.));
#12400=CARTESIAN_POINT('',(-3.16666666666667,32.0000000000001,27.));
#12401=CARTESIAN_POINT('',(-6.33333333333333,32.0000000000001,27.));
#12402=CARTESIAN_POINT('Origin',(-6.33333333333334,-31.9999999999999,27.));
#12403=CARTESIAN_POINT('',(-6.33333333333334,-14.25,27.));
#12404=CARTESIAN_POINT('Origin',(-21.,32.0000000000001,27.));
#12405=CARTESIAN_POINT('',(-21.,32.0000000000001,27.));
#12406=CARTESIAN_POINT('',(-10.5,32.0000000000001,27.));
#12407=CARTESIAN_POINT('',(-21.,32.0000000000001,27.));
#12408=CARTESIAN_POINT('Origin',(-21.,-31.9999999999999,27.));
#12409=CARTESIAN_POINT('',(-21.,-14.25,27.));
#12410=CARTESIAN_POINT('Origin',(20.,-36.15,24.2));
#12411=CARTESIAN_POINT('',(20.,-36.3999999999999,25.));
#12412=CARTESIAN_POINT('',(20.,-18.075,25.));
#12413=CARTESIAN_POINT('',(20.,-36.2375,24.8375));
#12414=CARTESIAN_POINT('Origin',(14.15,-36.6,25.2));
#12415=CARTESIAN_POINT('',(26.3,-36.4,25.));
#12416=CARTESIAN_POINT('',(14.15,-36.4,25.));
#12417=CARTESIAN_POINT('',(26.3,-36.8,25.4));
#12418=CARTESIAN_POINT('Origin',(-4.44089209850063E-15,1.77635683940025E-14,
25.));
#12419=CARTESIAN_POINT('',(26.,-33.5,25.));
#12420=CARTESIAN_POINT('Origin',(25.,-33.5,25.));
#12421=CARTESIAN_POINT('',(26.,33.5,25.));
#12422=CARTESIAN_POINT('',(26.,15.78,25.));
#12423=CARTESIAN_POINT('',(25.,34.5,25.));
#12424=CARTESIAN_POINT('Origin',(25.,33.5,25.));
#12425=CARTESIAN_POINT('',(-25.,34.5,25.));
#12426=CARTESIAN_POINT('',(-26.,34.5,25.));
#12427=CARTESIAN_POINT('',(-26.,33.5,25.));
#12428=CARTESIAN_POINT('Origin',(-25.,33.5,25.));
#12429=CARTESIAN_POINT('',(-25.9999999999999,-33.5,25.));
#12430=CARTESIAN_POINT('',(-25.9999999999999,-34.5,25.));
#12431=CARTESIAN_POINT('Origin',(-24.9999999999999,-33.5,25.));
#12432=CARTESIAN_POINT('',(-26.2999999999999,-36.4,25.));
#12433=CARTESIAN_POINT('',(14.15,-36.4,25.));
#12434=CARTESIAN_POINT('',(-27.8999999999999,-34.8,25.));
#12435=CARTESIAN_POINT('Origin',(-26.2999999999999,-34.8,25.));
#12436=CARTESIAN_POINT('',(-27.9,34.8,25.));
#12437=CARTESIAN_POINT('',(-27.9,-18.4,25.));
#12438=CARTESIAN_POINT('',(-26.3,36.4,25.));
#12439=CARTESIAN_POINT('Origin',(-26.3,34.8,25.));
#12440=CARTESIAN_POINT('',(26.3,36.4,25.));
#12441=CARTESIAN_POINT('',(-14.15,36.4,25.));
#12442=CARTESIAN_POINT('',(27.9,34.8,25.));
#12443=CARTESIAN_POINT('Origin',(26.3,34.8,25.));
#12444=CARTESIAN_POINT('',(27.9,-34.8,25.));
#12445=CARTESIAN_POINT('',(27.9,18.4,25.));
#12446=CARTESIAN_POINT('Origin',(26.3,-34.8,25.));
#12447=CARTESIAN_POINT('Origin',(-4.99999999999996,-36.15,24.2));
#12448=CARTESIAN_POINT('',(-4.99999999999996,-36.4,25.));
#12449=CARTESIAN_POINT('',(-4.99999999999997,-18.075,25.));
#12450=CARTESIAN_POINT('',(-4.99999999999996,-36.2375,24.8375));
#12451=CARTESIAN_POINT('Origin',(14.15,-36.6,25.2));
#12452=CARTESIAN_POINT('',(-26.2999999999999,-36.8,25.4));
#12453=CARTESIAN_POINT('Origin',(28.1,18.4,25.2));
#12454=CARTESIAN_POINT('',(28.3,-34.8,25.4));
#12455=CARTESIAN_POINT('',(28.3,-34.8,25.4));
#12456=CARTESIAN_POINT('',(28.3,34.8,25.4));
#12457=CARTESIAN_POINT('',(27.9,34.8,25.));
#12458=CARTESIAN_POINT('',(28.3,18.4,25.4));
#12459=CARTESIAN_POINT('Origin',(26.3,-34.8,25.2));
#12460=CARTESIAN_POINT('Origin',(26.3,-34.8,25.4));
#12461=CARTESIAN_POINT('Origin',(14.15,-36.6,25.2));
#12462=CARTESIAN_POINT('',(14.15,-36.4,25.));
#12463=CARTESIAN_POINT('Origin',(-26.2999999999999,-34.8,25.2));
#12464=CARTESIAN_POINT('',(-28.2999999999999,-34.8,25.4));
#12465=CARTESIAN_POINT('Origin',(-26.2999999999999,-34.8,25.4));
#12466=CARTESIAN_POINT('',(-28.2999999999999,-34.8,25.4));
#12467=CARTESIAN_POINT('Origin',(-28.1,-18.4,25.2));
#12468=CARTESIAN_POINT('',(-28.3,34.8,25.4));
#12469=CARTESIAN_POINT('',(-28.3,34.8,25.4));
#12470=CARTESIAN_POINT('',(-28.3,-18.4,25.4));
#12471=CARTESIAN_POINT('Origin',(-26.3,34.8,25.2));
#12472=CARTESIAN_POINT('',(-26.3,36.8,25.4));
#12473=CARTESIAN_POINT('Origin',(-26.3,34.8,25.4));
#12474=CARTESIAN_POINT('',(-26.3,36.8,25.4));
#12475=CARTESIAN_POINT('Origin',(-14.15,36.6,25.2));
#12476=CARTESIAN_POINT('',(26.3,36.8,25.4));
#12477=CARTESIAN_POINT('',(26.3,36.8,25.4));
#12478=CARTESIAN_POINT('',(-14.15,36.8,25.4));
#12479=CARTESIAN_POINT('Origin',(26.3,34.8,25.2));
#12480=CARTESIAN_POINT('Origin',(26.3,34.8,25.4));
#12481=CARTESIAN_POINT('Origin',(-26.2999999999999,-34.8,27.));
#12482=CARTESIAN_POINT('',(-28.2999999999999,-34.8,27.));
#12483=CARTESIAN_POINT('Origin',(26.3,-34.8,27.));
#12484=CARTESIAN_POINT('',(28.3,-34.8,27.));
#12485=CARTESIAN_POINT('Origin',(28.3,36.8,27.));
#12486=CARTESIAN_POINT('',(28.3,34.8,27.));
#12487=CARTESIAN_POINT('Origin',(-4.44089209850063E-15,1.77635683940025E-14,
25.));
#12488=CARTESIAN_POINT('Origin',(-25.,33.5,27.));
#12489=CARTESIAN_POINT('',(-26.,33.5,27.));
#12490=CARTESIAN_POINT('',(-25.,34.5,27.));
#12491=CARTESIAN_POINT('Origin',(-25.,33.5,27.));
#12492=CARTESIAN_POINT('',(-26.,33.5,27.));
#12493=CARTESIAN_POINT('',(-25.,34.5,27.));
#12494=CARTESIAN_POINT('Origin',(26.,34.5,27.));
#12495=CARTESIAN_POINT('',(25.,34.5,27.));
#12496=CARTESIAN_POINT('',(25.,34.5,27.));
#12497=CARTESIAN_POINT('',(13.,34.5,27.));
#12498=CARTESIAN_POINT('Origin',(25.,33.5,27.));
#12499=CARTESIAN_POINT('',(26.,33.5,27.));
#12500=CARTESIAN_POINT('Origin',(25.,33.5,27.));
#12501=CARTESIAN_POINT('',(26.,33.5,27.));
#12502=CARTESIAN_POINT('Origin',(26.,-34.5,27.));
#12503=CARTESIAN_POINT('',(26.,-33.5,27.));
#12504=CARTESIAN_POINT('',(26.,-33.5,27.));
#12505=CARTESIAN_POINT('',(26.,-15.5,27.));
#12506=CARTESIAN_POINT('Origin',(25.,-33.5,27.));
#12507=CARTESIAN_POINT('Origin',(25.,-33.5,27.));
#12508=CARTESIAN_POINT('Origin',(-24.9999999999999,-33.5,27.));
#12509=CARTESIAN_POINT('',(-25.9999999999999,-33.5,27.));
#12510=CARTESIAN_POINT('Origin',(-24.9999999999999,-33.5,27.));
#12511=CARTESIAN_POINT('',(-25.9999999999999,-33.5,27.));
#12512=CARTESIAN_POINT('Origin',(-26.,34.5,27.));
#12513=CARTESIAN_POINT('',(-26.,19.,27.));
#12514=CARTESIAN_POINT('Origin',(26.3,34.8,27.));
#12515=CARTESIAN_POINT('',(26.3,36.8,27.));
#12516=CARTESIAN_POINT('Origin',(-28.3,36.8,27.));
#12517=CARTESIAN_POINT('',(-26.3,36.8,27.));
#12518=CARTESIAN_POINT('Origin',(-26.3,34.8,27.));
#12519=CARTESIAN_POINT('',(-28.3,34.8,27.));
#12520=CARTESIAN_POINT('Origin',(-28.2999999999999,-36.8,27.));
#12521=CARTESIAN_POINT('Origin',(30.5,-37.,27.));
#12522=CARTESIAN_POINT('',(30.5,-37.,27.));
#12523=CARTESIAN_POINT('Origin',(28.5,-37.,27.));
#12524=CARTESIAN_POINT('',(28.5,-39.,27.));
#12525=CARTESIAN_POINT('Origin',(-28.5,-39.,27.));
#12526=CARTESIAN_POINT('',(-28.5,-39.,27.));
#12527=CARTESIAN_POINT('Origin',(-28.4999999999999,-37.,27.));
#12528=CARTESIAN_POINT('Origin',(-4.44089209850063E-15,3.50000000000001,
27.));
#12529=CARTESIAN_POINT('',(0.,0.,0.));
#12530=CARTESIAN_POINT('Origin',(1.07401917406372E-14,39.4,-40.9));
#12531=CARTESIAN_POINT('',(4.7847089001184,39.6000000133675,9.77461455937409));
#12532=CARTESIAN_POINT('',(5.91607978309962,39.2,9.25226814412286));
#12533=CARTESIAN_POINT('Ctrl Pts',(4.78470891431958,39.6000000152586,9.77461457335971));
#12534=CARTESIAN_POINT('Ctrl Pts',(4.87158140384203,39.5297964402477,9.69589623326498));
#12535=CARTESIAN_POINT('Ctrl Pts',(4.96932595322729,39.464373700424,9.62069007888757));
#12536=CARTESIAN_POINT('Ctrl Pts',(5.26702844165979,39.307221329326,9.43279462831285));
#12537=CARTESIAN_POINT('Ctrl Pts',(5.48765456919453,39.236983131166,9.33868459848373));
#12538=CARTESIAN_POINT('Ctrl Pts',(5.77936670755807,39.2039851907405,9.27226238951449));
#12539=CARTESIAN_POINT('Ctrl Pts',(5.84719039638638,39.2,9.2603944985847));
#12540=CARTESIAN_POINT('Ctrl Pts',(5.91607978309962,39.2,9.25226814412286));
#12541=CARTESIAN_POINT('',(22.0356721098074,39.1999999999998,4.5387406809328));
#12542=CARTESIAN_POINT('Origin',(1.08188475639991E-14,39.2,-40.9));
#12543=CARTESIAN_POINT('',(22.,39.6,5.));
#12544=CARTESIAN_POINT('Ctrl Pts',(22.,39.6,5.00000000000001));
#12545=CARTESIAN_POINT('Ctrl Pts',(22.,39.462364742701,4.84737179528284));
#12546=CARTESIAN_POINT('Ctrl Pts',(22.0116895787745,39.3282143225618,4.69286674989122));
#12547=CARTESIAN_POINT('Ctrl Pts',(22.0356721098074,39.2,4.53874068093271));
#12548=CARTESIAN_POINT('Origin',(1.06615359172753E-14,39.6,-40.9));
#12549=CARTESIAN_POINT('Origin',(-22.,39.2,0.));
#12550=CARTESIAN_POINT('',(5.91607978309962,39.2,2.));
#12551=CARTESIAN_POINT('',(5.91607978309962,39.2,29.));
#12552=CARTESIAN_POINT('',(25.,39.2,2.));
#12553=CARTESIAN_POINT('',(-11.,39.2,2.));
#12554=CARTESIAN_POINT('Origin',(25.,39.1999999999998,5.));
#12555=CARTESIAN_POINT('Origin',(5.91607978309962,41.,29.));
#12556=CARTESIAN_POINT('',(4.14125584816937,41.3,9.8312526949657));
#12557=CARTESIAN_POINT('Ctrl Pts',(4.14125584816972,41.2999999999999,9.83125269496113));
#12558=CARTESIAN_POINT('Ctrl Pts',(4.12419419113943,41.1990618757768,9.83264545944461));
#12559=CARTESIAN_POINT('Ctrl Pts',(4.11607978309962,41.0980826195023,9.83330156040665));
#12560=CARTESIAN_POINT('Ctrl Pts',(4.11607978309962,40.7738044560574,9.83330156040664));
#12561=CARTESIAN_POINT('Ctrl Pts',(4.16132818743533,40.5325983663216,9.82969399454839));
#12562=CARTESIAN_POINT('Ctrl Pts',(4.34512899907725,40.0891042485882,9.81428160841203));
#12563=CARTESIAN_POINT('Ctrl Pts',(4.48367766912656,39.8868177017015,9.80238972337297));
#12564=CARTESIAN_POINT('Ctrl Pts',(4.68742621202613,39.6830691588019,9.78372519926484));
#12565=CARTESIAN_POINT('Ctrl Pts',(4.73468104770733,39.6404286382344,9.77933820084811));
#12566=CARTESIAN_POINT('Ctrl Pts',(4.78470890661822,39.6000000214823,9.77461455876036));
#12567=CARTESIAN_POINT('',(4.14125584816974,41.3,2.));
#12568=CARTESIAN_POINT('',(4.14125584816974,41.3,29.));
#12569=CARTESIAN_POINT('Origin',(5.91607978309962,41.,2.));
#12570=CARTESIAN_POINT('Origin',(1.07401917406372E-14,39.4,-40.9));
#12571=CARTESIAN_POINT('',(-22.0356721098074,39.2,4.53874068093278));
#12572=CARTESIAN_POINT('',(-21.9999999999999,39.6,5.00000000000007));
#12573=CARTESIAN_POINT('Ctrl Pts',(-22.0356721098074,39.2,4.53874068093277));
#12574=CARTESIAN_POINT('Ctrl Pts',(-22.0116900077333,39.3282120292815,4.69286399314561));
#12575=CARTESIAN_POINT('Ctrl Pts',(-22.,39.4623557392251,4.84736181103607));
#12576=CARTESIAN_POINT('Ctrl Pts',(-22.,39.6,5.00000000000003));
#12577=CARTESIAN_POINT('',(-5.91607978309961,39.2,9.25226814412285));
#12578=CARTESIAN_POINT('Origin',(1.08188475639991E-14,39.2,-40.9));
#12579=CARTESIAN_POINT('',(-4.78470889931939,39.6000000136903,9.77461455944953));
#12580=CARTESIAN_POINT('Ctrl Pts',(-5.91607978309961,39.2,9.25226814412285));
#12581=CARTESIAN_POINT('Ctrl Pts',(-5.84719039638637,39.2,9.26039449858469));
#12582=CARTESIAN_POINT('Ctrl Pts',(-5.77936670755806,39.2039851907405,9.27226238951447));
#12583=CARTESIAN_POINT('Ctrl Pts',(-5.48765456919451,39.236983131166,9.33868459848372));
#12584=CARTESIAN_POINT('Ctrl Pts',(-5.26702844165978,39.307221329326,9.43279462831284));
#12585=CARTESIAN_POINT('Ctrl Pts',(-4.96932595304103,39.4643737005223,9.62069007900512));
#12586=CARTESIAN_POINT('Ctrl Pts',(-4.87158140350041,39.529796440477,9.69589623352845));
#12587=CARTESIAN_POINT('Ctrl Pts',(-4.78470891386355,39.6000000156271,9.77461457377293));
#12588=CARTESIAN_POINT('Origin',(1.06615359172753E-14,39.6,-40.9));
#12589=CARTESIAN_POINT('Origin',(1.06615359172753E-14,39.,-40.9));
#12590=CARTESIAN_POINT('',(-4.14125584816936,41.3,9.8312526949657));
#12591=CARTESIAN_POINT('Ctrl Pts',(-4.78470890597618,39.6000000220011,9.77461455882099));
#12592=CARTESIAN_POINT('Ctrl Pts',(-4.73423948081622,39.6407854782214,9.77937989369615));
#12593=CARTESIAN_POINT('Ctrl Pts',(-4.68658855944589,39.6838253327966,9.78380296312164));
#12594=CARTESIAN_POINT('Ctrl Pts',(-4.48284255647518,39.8879495656241,9.80246247262518));
#12595=CARTESIAN_POINT('Ctrl Pts',(-4.34460042357827,40.0900893916097,9.814326512608));
#12596=CARTESIAN_POINT('Ctrl Pts',(-4.16121716244571,40.5331575328812,9.82970272121772));
#12597=CARTESIAN_POINT('Ctrl Pts',(-4.11607978309961,40.7740843877529,9.83330156040664));
#12598=CARTESIAN_POINT('Ctrl Pts',(-4.11607978309961,41.0980826195023,9.83330156040664));
#12599=CARTESIAN_POINT('Ctrl Pts',(-4.12419419113942,41.1990618757768,9.83264545944461));
#12600=CARTESIAN_POINT('Ctrl Pts',(-4.14125584816971,41.2999999999999,9.83125269496113));
#12601=CARTESIAN_POINT('',(-4.17013189240315,41.5000000000006,9.82888723401004));
#12602=CARTESIAN_POINT('Ctrl Pts',(-4.14125584816971,41.2999999999999,9.83125269496113));
#12603=CARTESIAN_POINT('Ctrl Pts',(-4.15253008642729,41.3666992930254,9.83033236473789));
#12604=CARTESIAN_POINT('Ctrl Pts',(-4.16215159455334,41.4334422108891,9.82954324867775));
#12605=CARTESIAN_POINT('Ctrl Pts',(-4.17013189239873,41.5000000000011,9.8288872340011));
#12606=CARTESIAN_POINT('',(-20.9248655909662,41.5,5.5));
#12607=CARTESIAN_POINT('Origin',(1.06615359172753E-14,41.5,-40.9));
#12608=CARTESIAN_POINT('',(-22.,42.,5.));
#12609=CARTESIAN_POINT('Origin',(1.06615359172753E-14,87.8999999999998,
-40.9));
#12610=CARTESIAN_POINT('',(-21.9999999999999,39.,5.00000000000007));
#12611=CARTESIAN_POINT('Origin',(-5.91607978309961,41.,29.));
#12612=CARTESIAN_POINT('',(-5.91607978309961,39.2,2.));
#12613=CARTESIAN_POINT('',(-5.91607978309961,39.2,29.));
#12614=CARTESIAN_POINT('',(-4.14125584816973,41.3,2.));
#12615=CARTESIAN_POINT('Origin',(-5.91607978309961,41.,2.));
#12616=CARTESIAN_POINT('',(-4.14125584816973,41.3,29.));
#12617=CARTESIAN_POINT('Origin',(-25.,22.0000003247633,5.));
#12618=CARTESIAN_POINT('',(-22.,44.0000006495266,5.));
#12619=CARTESIAN_POINT('',(-22.,39.,5.));
#12620=CARTESIAN_POINT('',(-25.,39.4174243050442,2.));
#12621=CARTESIAN_POINT('Ctrl Pts',(-22.,44.,5.));
#12622=CARTESIAN_POINT('Ctrl Pts',(-22.,43.503847229074,4.6156817162058));
#12623=CARTESIAN_POINT('Ctrl Pts',(-22.07752054065,42.964383363597,4.19734593762522));
#12624=CARTESIAN_POINT('Ctrl Pts',(-22.4209352873847,41.9178196019251,3.40828322143886));
#12625=CARTESIAN_POINT('Ctrl Pts',(-22.6870318083421,41.4104952569105,3.03794210608461));
#12626=CARTESIAN_POINT('Ctrl Pts',(-23.2508463032146,40.670553789492,2.54393524218191));
#12627=CARTESIAN_POINT('Ctrl Pts',(-23.542935391676,40.3616857576853,2.35220159333687));
#12628=CARTESIAN_POINT('Ctrl Pts',(-24.2220447721113,39.8200965655012,2.07961321472346));
#12629=CARTESIAN_POINT('Ctrl Pts',(-24.6098286497667,39.5877090428011,2.));
#12630=CARTESIAN_POINT('Ctrl Pts',(-25.,39.4174243050442,2.));
#12631=CARTESIAN_POINT('',(-25.,39.2,2.));
#12632=CARTESIAN_POINT('',(-25.,22.0000003247633,2.));
#12633=CARTESIAN_POINT('Origin',(-25.,39.2,5.));
#12634=CARTESIAN_POINT('Origin',(24.9999999999999,19.5,5.));
#12635=CARTESIAN_POINT('',(25.,39.4174243050442,2.));
#12636=CARTESIAN_POINT('',(24.9999999999999,19.5,2.));
#12637=CARTESIAN_POINT('',(22.,44.0000006556511,5.));
#12638=CARTESIAN_POINT('Ctrl Pts',(25.,39.4174243050442,2.));
#12639=CARTESIAN_POINT('Ctrl Pts',(24.6098286497667,39.5877090428011,2.));
#12640=CARTESIAN_POINT('Ctrl Pts',(24.2220447721113,39.8200965655012,2.07961321472345));
#12641=CARTESIAN_POINT('Ctrl Pts',(23.542935391676,40.3616857576854,2.35220159333687));
#12642=CARTESIAN_POINT('Ctrl Pts',(23.2508463032146,40.6705537894921,2.54393524218191));
#12643=CARTESIAN_POINT('Ctrl Pts',(22.6870318083421,41.4104952569105,3.03794210608461));
#12644=CARTESIAN_POINT('Ctrl Pts',(22.4209352873847,41.9178196019251,3.40828322143886));
#12645=CARTESIAN_POINT('Ctrl Pts',(22.07752054065,42.964383363597,4.19734593762521));
#12646=CARTESIAN_POINT('Ctrl Pts',(22.,43.5038472290741,4.6156817162058));
#12647=CARTESIAN_POINT('Ctrl Pts',(22.,44.,5.));
#12648=CARTESIAN_POINT('',(22.,42.,5.));
#12649=CARTESIAN_POINT('',(22.,39.,5.));
#12650=CARTESIAN_POINT('',(22.,39.,5.));
#12651=CARTESIAN_POINT('Origin',(12.,42.,0.));
#12652=CARTESIAN_POINT('',(-4.2,42.,5.));
#12653=CARTESIAN_POINT('',(-4.2,42.,2.));
#12654=CARTESIAN_POINT('',(-4.2,42.,29.));
#12655=CARTESIAN_POINT('',(4.20000000000001,42.,2.));
#12656=CARTESIAN_POINT('',(6.00000000000002,42.,2.));
#12657=CARTESIAN_POINT('',(4.20000000000001,42.,5.));
#12658=CARTESIAN_POINT('',(4.20000000000001,42.,29.));
#12659=CARTESIAN_POINT('',(12.,42.,5.));
#12660=CARTESIAN_POINT('',(-12.,42.,5.));
#12661=CARTESIAN_POINT('',(12.,42.,0.4));
#12662=CARTESIAN_POINT('',(12.,42.,0.));
#12663=CARTESIAN_POINT('',(-12.,42.,0.4));
#12664=CARTESIAN_POINT('',(6.00000000000002,42.,0.4));
#12665=CARTESIAN_POINT('',(-12.,42.,5.));
#12666=CARTESIAN_POINT('',(-12.,42.,0.));
#12667=CARTESIAN_POINT('',(-12.,42.,5.));
#12668=CARTESIAN_POINT('Origin',(-4.44089209850063E-15,2.22044604925031E-14,
2.));
#12669=CARTESIAN_POINT('Origin',(4.47837221942138E-15,42.,2.));
#12670=CARTESIAN_POINT('',(-11.,39.2,2.));
#12671=CARTESIAN_POINT('',(-27.,39.,2.));
#12672=CARTESIAN_POINT('Origin',(-27.,44.,2.));
#12673=CARTESIAN_POINT('',(-28.1,39.,2.));
#12674=CARTESIAN_POINT('',(28.5,39.,2.));
#12675=CARTESIAN_POINT('',(-28.1,-39.,2.));
#12676=CARTESIAN_POINT('',(-28.1,19.5,2.));
#12677=CARTESIAN_POINT('',(-26.9999999999999,-39.,2.));
#12678=CARTESIAN_POINT('',(-28.5,-39.,2.));
#12679=CARTESIAN_POINT('',(-24.9999999999999,-39.4174243050442,2.));
#12680=CARTESIAN_POINT('Origin',(-26.9999999999999,-44.,2.));
#12681=CARTESIAN_POINT('',(-24.9999999999999,-39.,2.));
#12682=CARTESIAN_POINT('',(-24.9999999999999,-19.5,2.));
#12683=CARTESIAN_POINT('',(25.0000000000001,-39.,2.));
#12684=CARTESIAN_POINT('',(-28.5,-39.,2.));
#12685=CARTESIAN_POINT('',(25.0000000000001,-39.4174243050442,2.));
#12686=CARTESIAN_POINT('',(25.,-22.0000003278254,2.));
#12687=CARTESIAN_POINT('',(27.0000000000001,-39.,2.));
#12688=CARTESIAN_POINT('Origin',(27.0000000000001,-44.,2.));
#12689=CARTESIAN_POINT('',(28.1,-39.,2.));
#12690=CARTESIAN_POINT('',(-28.5,-39.,2.));
#12691=CARTESIAN_POINT('',(28.1,39.,2.));
#12692=CARTESIAN_POINT('',(28.1,-19.5,2.));
#12693=CARTESIAN_POINT('',(27.,39.,2.));
#12694=CARTESIAN_POINT('',(28.5,39.,2.));
#12695=CARTESIAN_POINT('Origin',(27.,44.,2.));
#12696=CARTESIAN_POINT('Origin',(4.47837221942138E-15,42.,2.));
#12697=CARTESIAN_POINT('',(6.350280207689,-6.94385123060908,2.));
#12698=CARTESIAN_POINT('',(20.3400989970264,-27.6417498254281,2.));
#12699=CARTESIAN_POINT('',(11.6529571980818,-14.7891473192105,2.));
#12700=CARTESIAN_POINT('',(6.350280207689,6.94385123060918,2.));
#12701=CARTESIAN_POINT('Origin',(16.6236890911691,5.05416563767968E-14,
2.));
#12702=CARTESIAN_POINT('',(20.3400989970264,27.6417498254282,2.));
#12703=CARTESIAN_POINT('',(3.74379744520825,3.0875671200467,2.));
#12704=CARTESIAN_POINT('',(22.9,26.8577666219723,2.));
#12705=CARTESIAN_POINT('Origin',(21.5,26.8577666219723,2.));
#12706=CARTESIAN_POINT('',(22.9,-26.8577666219722,2.));
#12707=CARTESIAN_POINT('',(22.9,15.0615082139747,2.));
#12708=CARTESIAN_POINT('Origin',(21.5,-26.8577666219722,2.));
#12709=CARTESIAN_POINT('',(-1.98840171938325,-9.77637717858444,2.));
#12710=CARTESIAN_POINT('',(-15.4251630612085,-29.6560287940756,2.));
#12711=CARTESIAN_POINT('',(-7.18154112516492,-17.4596127106665,2.));
#12712=CARTESIAN_POINT('',(1.98840171938323,-9.77637717858443,2.));
#12713=CARTESIAN_POINT('Origin',(-7.7715611723761E-15,-11.1203483845088,
2.));
#12714=CARTESIAN_POINT('',(15.4251630612086,-29.6560287940756,2.));
#12715=CARTESIAN_POINT('',(-1.41974437801959,-4.73403435895226,2.));
#12716=CARTESIAN_POINT('',(13.4367613418253,-33.4,2.));
#12717=CARTESIAN_POINT('Origin',(13.4367613418253,-31.,2.));
#12718=CARTESIAN_POINT('',(-13.4367613418253,-33.4,2.));
#12719=CARTESIAN_POINT('',(8.60128550318452,-33.4,2.));
#12720=CARTESIAN_POINT('Origin',(-13.4367613418253,-31.,2.));
#12721=CARTESIAN_POINT('',(-22.9,26.8577666219723,2.));
#12722=CARTESIAN_POINT('',(-22.9,-26.8577666219723,2.));
#12723=CARTESIAN_POINT('',(-22.9,-15.0615082139747,2.));
#12724=CARTESIAN_POINT('',(-20.3400989970264,27.6417498254281,2.));
#12725=CARTESIAN_POINT('Origin',(-21.5,26.8577666219723,2.));
#12726=CARTESIAN_POINT('',(-6.35028020768903,6.94385123060917,2.));
#12727=CARTESIAN_POINT('',(-11.6529571980818,14.7891473192105,2.));
#12728=CARTESIAN_POINT('',(-6.35028020768901,-6.94385123060907,2.));
#12729=CARTESIAN_POINT('Origin',(-16.6236890911692,4.1583030740484E-14,
2.));
#12730=CARTESIAN_POINT('',(-20.3400989970264,-27.6417498254281,2.));
#12731=CARTESIAN_POINT('',(-3.74379744520828,-3.08756712004661,2.));
#12732=CARTESIAN_POINT('Origin',(-21.5,-26.8577666219723,2.));
#12733=CARTESIAN_POINT('',(-15.4251630612086,29.6560287940757,2.));
#12734=CARTESIAN_POINT('',(-1.98840171938326,9.77637717858451,2.));
#12735=CARTESIAN_POINT('',(1.41974437801957,4.73403435895233,2.));
#12736=CARTESIAN_POINT('',(-13.4367613418253,33.4,2.));
#12737=CARTESIAN_POINT('Origin',(-13.4367613418253,31.,2.));
#12738=CARTESIAN_POINT('',(13.4367613418253,33.4,2.));
#12739=CARTESIAN_POINT('',(-8.60128550318452,33.4,2.));
#12740=CARTESIAN_POINT('',(15.4251630612085,29.6560287940757,2.));
#12741=CARTESIAN_POINT('Origin',(13.4367613418253,31.,2.));
#12742=CARTESIAN_POINT('',(1.98840171938322,9.77637717858451,2.));
#12743=CARTESIAN_POINT('',(7.1815411251649,17.4596127106665,2.));
#12744=CARTESIAN_POINT('Origin',(-1.99840144432528E-14,11.1203483845089,
2.));
#12745=CARTESIAN_POINT('Origin',(-22.,39.2,0.));
#12746=CARTESIAN_POINT('Origin',(4.47837221942138E-15,42.,29.));
#12747=CARTESIAN_POINT('',(4.17013189240315,41.5000000000006,9.82888723401004));
#12748=CARTESIAN_POINT('Ctrl Pts',(4.17013189239874,41.5000000000011,9.8288872340011));
#12749=CARTESIAN_POINT('Ctrl Pts',(4.16215235127023,41.4334485221075,9.82954318647238));
#12750=CARTESIAN_POINT('Ctrl Pts',(4.15253006106713,41.3666991429926,9.83033236680807));
#12751=CARTESIAN_POINT('Ctrl Pts',(4.14125584816972,41.2999999999999,9.83125269496113));
#12752=CARTESIAN_POINT('',(4.17013189240395,41.5000000000006,5.5));
#12753=CARTESIAN_POINT('',(4.17013189239862,41.5,29.));
#12754=CARTESIAN_POINT('Origin',(4.47837221942138E-15,42.,5.));
#12755=CARTESIAN_POINT('Origin',(4.47837221942138E-15,42.,29.));
#12756=CARTESIAN_POINT('',(-4.17013189240394,41.5000000000006,5.5));
#12757=CARTESIAN_POINT('Origin',(4.47837221942138E-15,42.,5.));
#12758=CARTESIAN_POINT('',(-4.17013189239861,41.5,29.));
#12759=CARTESIAN_POINT('Origin',(6.66133814775094E-15,41.75,5.25));
#12760=CARTESIAN_POINT('',(-15.9692235935956,42.,5.));
#12761=CARTESIAN_POINT('',(6.66133814775094E-15,42.,5.));
#12762=CARTESIAN_POINT('',(-18.0307764064044,42.,5.));
#12763=CARTESIAN_POINT('Origin',(-17.,44.,2.99999999999999));
#12764=CARTESIAN_POINT('',(6.66133814775094E-15,42.,5.));
#12765=CARTESIAN_POINT('',(6.66133814775094E-15,41.5,5.5));
#12766=CARTESIAN_POINT('Origin',(6.66133814775094E-15,41.75,5.25));
#12767=CARTESIAN_POINT('',(20.9248655909662,41.5,5.5));
#12768=CARTESIAN_POINT('',(6.66133814775094E-15,41.5,5.5));
#12769=CARTESIAN_POINT('Origin',(1.06615359172753E-14,87.8999999999998,
-40.9));
#12770=CARTESIAN_POINT('',(18.0307764064044,42.,5.));
#12771=CARTESIAN_POINT('',(6.66133814775094E-15,42.,5.));
#12772=CARTESIAN_POINT('',(15.9692235935956,42.,5.));
#12773=CARTESIAN_POINT('Origin',(17.,44.,2.99999999999999));
#12774=CARTESIAN_POINT('',(6.66133814775094E-15,42.,5.));
#12775=CARTESIAN_POINT('Origin',(8.88178419700125E-15,41.5,7.5));
#12776=CARTESIAN_POINT('Origin',(8.88178419700125E-15,41.5,7.5));
#12777=CARTESIAN_POINT('Origin',(1.06615359172753E-14,41.5,-40.9));
#12778=CARTESIAN_POINT('Origin',(1.06615359172753E-14,39.,-40.9));
#12779=CARTESIAN_POINT('Origin',(13.4367613418253,31.,0.2));
#12780=CARTESIAN_POINT('',(15.4251630612085,29.6560287940757,0.));
#12781=CARTESIAN_POINT('',(15.0937627746447,29.8800239950631,0.4));
#12782=CARTESIAN_POINT('',(15.4251630612085,29.6560287940757,0.));
#12783=CARTESIAN_POINT('',(13.4367613418253,33.,0.4));
#12784=CARTESIAN_POINT('Origin',(13.4367613418253,31.,0.4));
#12785=CARTESIAN_POINT('',(13.4367613418253,33.4,0.));
#12786=CARTESIAN_POINT('',(13.4367613418253,33.,0.4));
#12787=CARTESIAN_POINT('Origin',(13.4367613418253,31.,0.));
#12788=CARTESIAN_POINT('Origin',(7.01584098188296,17.5716103111602,0.2));
#12789=CARTESIAN_POINT('',(1.98840171938322,9.77637717858451,0.));
#12790=CARTESIAN_POINT('',(1.65700143281935,10.0003723795719,0.4));
#12791=CARTESIAN_POINT('',(1.98840171938322,9.77637717858451,0.));
#12792=CARTESIAN_POINT('',(6.85014083860103,17.6836079116539,0.4));
#12793=CARTESIAN_POINT('',(7.1815411251649,17.4596127106665,0.));
#12794=CARTESIAN_POINT('Origin',(-1.99840144432528E-14,11.1203483845089,
0.2));
#12795=CARTESIAN_POINT('',(-1.98840171938326,9.77637717858451,0.));
#12796=CARTESIAN_POINT('',(-1.65700143281939,10.0003723795719,0.4));
#12797=CARTESIAN_POINT('',(-1.98840171938326,9.77637717858451,0.));
#12798=CARTESIAN_POINT('Origin',(-1.99840144432528E-14,11.1203483845089,
0.4));
#12799=CARTESIAN_POINT('Origin',(-1.99840144432528E-14,11.1203483845089,
0.));
#12800=CARTESIAN_POINT('Origin',(1.58544452130151,4.84603195944603,0.2));
#12801=CARTESIAN_POINT('',(-15.4251630612086,29.6560287940757,0.));
#12802=CARTESIAN_POINT('',(-15.0937627746447,29.8800239950631,0.4));
#12803=CARTESIAN_POINT('',(-15.4251630612086,29.6560287940757,0.));
#12804=CARTESIAN_POINT('',(1.75114466458344,4.95802955993973,0.4));
#12805=CARTESIAN_POINT('',(1.41974437801957,4.73403435895233,0.));
#12806=CARTESIAN_POINT('Origin',(-13.4367613418253,31.,0.2));
#12807=CARTESIAN_POINT('',(-13.4367613418253,33.4,0.));
#12808=CARTESIAN_POINT('',(-13.4367613418253,33.,0.4));
#12809=CARTESIAN_POINT('',(-13.4367613418253,33.4,0.));
#12810=CARTESIAN_POINT('Origin',(-13.4367613418253,31.,0.4));
#12811=CARTESIAN_POINT('Origin',(-13.4367613418253,31.,0.));
#12812=CARTESIAN_POINT('Origin',(-8.60128550318452,33.2,0.2));
#12813=CARTESIAN_POINT('',(-8.60128550318452,33.,0.4));
#12814=CARTESIAN_POINT('',(-8.60128550318452,33.4,0.));
#12815=CARTESIAN_POINT('Origin',(-13.4367613418253,31.,0.));
#12816=CARTESIAN_POINT('',(-13.4367613418253,33.,1.6));
#12817=CARTESIAN_POINT('',(-13.4367613418253,33.,0.));
#12818=CARTESIAN_POINT('',(-15.0937627746447,29.8800239950631,1.6));
#12819=CARTESIAN_POINT('Origin',(-13.4367613418253,31.,1.6));
#12820=CARTESIAN_POINT('',(-15.0937627746447,29.8800239950631,0.));
#12821=CARTESIAN_POINT('Origin',(-17.202571006369,33.,0.));
#12822=CARTESIAN_POINT('',(13.4367613418253,33.,1.6));
#12823=CARTESIAN_POINT('',(13.4367613418253,33.,0.));
#12824=CARTESIAN_POINT('',(-8.60128550318452,33.,1.6));
#12825=CARTESIAN_POINT('Origin',(13.4367613418253,31.,0.));
#12826=CARTESIAN_POINT('',(15.0937627746447,29.8800239950631,1.6));
#12827=CARTESIAN_POINT('',(15.0937627746447,29.8800239950631,0.));
#12828=CARTESIAN_POINT('Origin',(13.4367613418253,31.,1.6));
#12829=CARTESIAN_POINT('Origin',(-4.44089209850063E-15,2.22044604925031E-14,
0.));
#12830=CARTESIAN_POINT('',(27.0000000000001,-38.6,0.));
#12831=CARTESIAN_POINT('',(28.1,-38.6,0.));
#12832=CARTESIAN_POINT('',(-14.25,-38.6,0.));
#12833=CARTESIAN_POINT('',(21.6000000000002,-44.0000007081031,0.));
#12834=CARTESIAN_POINT('Origin',(27.0000000000001,-44.,0.));
#12835=CARTESIAN_POINT('',(12.4000000000001,-44.,0.));
#12836=CARTESIAN_POINT('Origin',(17.0000000000001,-44.,0.));
#12837=CARTESIAN_POINT('',(12.4000000000001,-41.6,0.));
#12838=CARTESIAN_POINT('',(12.4,-21.,0.));
#12839=CARTESIAN_POINT('',(-12.3999999999999,-41.6000000000001,0.));
#12840=CARTESIAN_POINT('',(-5.99999999999992,-41.6,0.));
#12841=CARTESIAN_POINT('',(-12.3999999999999,-44.,0.));
#12842=CARTESIAN_POINT('',(-12.3999999999999,-22.,0.));
#12843=CARTESIAN_POINT('',(-21.6,-44.0000007081032,0.));
#12844=CARTESIAN_POINT('Origin',(-16.9999999999999,-44.0000000000001,0.));
#12845=CARTESIAN_POINT('',(-26.9999999999999,-38.6,0.));
#12846=CARTESIAN_POINT('Origin',(-26.9999999999999,-44.,0.));
#12847=CARTESIAN_POINT('',(-28.1,-38.6,0.));
#12848=CARTESIAN_POINT('',(-14.25,-38.6,0.));
#12849=CARTESIAN_POINT('',(-28.1,38.6,0.));
#12850=CARTESIAN_POINT('',(-28.1,19.5,0.));
#12851=CARTESIAN_POINT('',(-27.,38.6,0.));
#12852=CARTESIAN_POINT('',(14.25,38.6,0.));
#12853=CARTESIAN_POINT('',(-21.6000000000001,44.0000007014887,0.));
#12854=CARTESIAN_POINT('Origin',(-27.,44.,0.));
#12855=CARTESIAN_POINT('',(-12.4,44.,0.));
#12856=CARTESIAN_POINT('Origin',(-17.,44.,0.));
#12857=CARTESIAN_POINT('',(-12.4,41.6,0.));
#12858=CARTESIAN_POINT('',(-12.4,21.,0.));
#12859=CARTESIAN_POINT('',(12.4,41.6,0.));
#12860=CARTESIAN_POINT('',(6.00000000000002,41.6,0.));
#12861=CARTESIAN_POINT('',(12.3999999999999,44.,0.));
#12862=CARTESIAN_POINT('',(12.4,22.,0.));
#12863=CARTESIAN_POINT('',(21.6000000000001,44.0000007081032,0.));
#12864=CARTESIAN_POINT('Origin',(17.,44.,0.));
#12865=CARTESIAN_POINT('',(27.,38.6,0.));
#12866=CARTESIAN_POINT('Origin',(27.,44.,0.));
#12867=CARTESIAN_POINT('',(28.1,38.6,0.));
#12868=CARTESIAN_POINT('',(14.25,38.6,0.));
#12869=CARTESIAN_POINT('',(28.1,-19.5,0.));
#12870=CARTESIAN_POINT('',(20.3400989970264,-27.6417498254281,0.));
#12871=CARTESIAN_POINT('',(6.350280207689,-6.94385123060908,0.));
#12872=CARTESIAN_POINT('',(11.6529571980818,-14.7891473192105,0.));
#12873=CARTESIAN_POINT('',(22.9,-26.8577666219722,0.));
#12874=CARTESIAN_POINT('Origin',(21.5,-26.8577666219722,0.));
#12875=CARTESIAN_POINT('',(22.9,26.8577666219723,0.));
#12876=CARTESIAN_POINT('',(22.9,15.0615082139747,0.));
#12877=CARTESIAN_POINT('',(20.3400989970264,27.6417498254282,0.));
#12878=CARTESIAN_POINT('Origin',(21.5,26.8577666219723,0.));
#12879=CARTESIAN_POINT('',(6.350280207689,6.94385123060918,0.));
#12880=CARTESIAN_POINT('',(3.74379744520825,3.0875671200467,0.));
#12881=CARTESIAN_POINT('Origin',(16.6236890911691,5.05416563767968E-14,
0.));
#12882=CARTESIAN_POINT('',(-6.35028020768901,-6.94385123060907,0.));
#12883=CARTESIAN_POINT('',(-20.3400989970264,-27.6417498254281,0.));
#12884=CARTESIAN_POINT('',(-3.74379744520828,-3.08756712004661,0.));
#12885=CARTESIAN_POINT('',(-6.35028020768903,6.94385123060917,0.));
#12886=CARTESIAN_POINT('Origin',(-16.6236890911692,4.1583030740484E-14,
0.));
#12887=CARTESIAN_POINT('',(-20.3400989970264,27.6417498254281,0.));
#12888=CARTESIAN_POINT('',(-11.6529571980818,14.7891473192105,0.));
#12889=CARTESIAN_POINT('',(-22.9,26.8577666219723,0.));
#12890=CARTESIAN_POINT('Origin',(-21.5,26.8577666219723,0.));
#12891=CARTESIAN_POINT('',(-22.9,-26.8577666219723,0.));
#12892=CARTESIAN_POINT('',(-22.9,-15.0615082139747,0.));
#12893=CARTESIAN_POINT('Origin',(-21.5,-26.8577666219723,0.));
#12894=CARTESIAN_POINT('',(-19.2499999999999,-44.0000000000001,0.));
#12895=CARTESIAN_POINT('Origin',(-16.9999999999999,-44.0000000000001,0.));
#12896=CARTESIAN_POINT('',(14.7500000000001,-44.,0.));
#12897=CARTESIAN_POINT('Origin',(17.0000000000001,-44.,0.));
#12898=CARTESIAN_POINT('',(-19.25,44.,0.));
#12899=CARTESIAN_POINT('Origin',(-17.,44.,0.));
#12900=CARTESIAN_POINT('',(14.75,44.,0.));
#12901=CARTESIAN_POINT('Origin',(17.,44.,0.));
#12902=CARTESIAN_POINT('',(13.4367613418253,-33.4,0.));
#12903=CARTESIAN_POINT('',(-13.4367613418253,-33.4,0.));
#12904=CARTESIAN_POINT('',(8.60128550318452,-33.4,0.));
#12905=CARTESIAN_POINT('',(15.4251630612086,-29.6560287940756,0.));
#12906=CARTESIAN_POINT('Origin',(13.4367613418253,-31.,0.));
#12907=CARTESIAN_POINT('',(1.98840171938323,-9.77637717858443,0.));
#12908=CARTESIAN_POINT('',(-1.41974437801959,-4.73403435895226,0.));
#12909=CARTESIAN_POINT('',(-1.98840171938325,-9.77637717858444,0.));
#12910=CARTESIAN_POINT('Origin',(-7.7715611723761E-15,-11.1203483845088,
0.));
#12911=CARTESIAN_POINT('',(-15.4251630612085,-29.6560287940756,0.));
#12912=CARTESIAN_POINT('',(-7.18154112516492,-17.4596127106665,0.));
#12913=CARTESIAN_POINT('Origin',(-13.4367613418253,-31.,0.));
#12914=CARTESIAN_POINT('Origin',(11.8186573413638,-14.6771497187168,0.2));
#12915=CARTESIAN_POINT('',(6.68168049425287,-6.71985602962168,0.4));
#12916=CARTESIAN_POINT('',(6.350280207689,-6.94385123060908,0.));
#12917=CARTESIAN_POINT('',(20.6714992835903,-27.4177546244407,0.4));
#12918=CARTESIAN_POINT('',(11.9843574846457,-14.5651521182231,0.4));
#12919=CARTESIAN_POINT('',(20.6714992835903,-27.4177546244407,0.4));
#12920=CARTESIAN_POINT('Origin',(16.6236890911691,5.05416563767968E-14,
0.2));
#12921=CARTESIAN_POINT('',(6.68168049425287,6.71985602962179,0.4));
#12922=CARTESIAN_POINT('',(6.350280207689,6.94385123060918,0.));
#12923=CARTESIAN_POINT('Origin',(16.6236890911691,5.05416563767968E-14,
0.4));
#12924=CARTESIAN_POINT('Origin',(3.90949758849018,2.975569519553,0.2));
#12925=CARTESIAN_POINT('',(20.6714992835903,27.4177546244408,0.4));
#12926=CARTESIAN_POINT('',(20.3400989970264,27.6417498254282,0.));
#12927=CARTESIAN_POINT('',(4.07519773177212,2.86357191905931,0.4));
#12928=CARTESIAN_POINT('Origin',(21.5,26.8577666219723,0.2));
#12929=CARTESIAN_POINT('',(22.5,26.8577666219723,0.4));
#12930=CARTESIAN_POINT('',(22.9,26.8577666219723,0.));
#12931=CARTESIAN_POINT('Origin',(21.5,26.8577666219723,0.4));
#12932=CARTESIAN_POINT('Origin',(22.7,15.0615082139747,0.2));
#12933=CARTESIAN_POINT('',(22.5,-26.8577666219722,0.4));
#12934=CARTESIAN_POINT('',(22.9,-26.8577666219722,0.));
#12935=CARTESIAN_POINT('',(22.5,15.0615082139747,0.4));
#12936=CARTESIAN_POINT('Origin',(21.5,-26.8577666219722,0.2));
#12937=CARTESIAN_POINT('Origin',(21.5,-26.8577666219722,0.4));
#12938=CARTESIAN_POINT('Origin',(22.5,30.1230164279495,0.));
#12939=CARTESIAN_POINT('',(22.5,-26.8577666219722,1.6));
#12940=CARTESIAN_POINT('',(22.5,-26.8577666219722,0.));
#12941=CARTESIAN_POINT('',(22.5,26.8577666219723,1.6));
#12942=CARTESIAN_POINT('',(22.5,15.0615082139747,1.6));
#12943=CARTESIAN_POINT('',(22.5,26.8577666219723,0.));
#12944=CARTESIAN_POINT('Origin',(21.5,-26.8577666219722,0.));
#12945=CARTESIAN_POINT('',(20.6714992835903,-27.4177546244407,1.6));
#12946=CARTESIAN_POINT('',(20.6714992835903,-27.4177546244407,0.));
#12947=CARTESIAN_POINT('Origin',(21.5,-26.8577666219722,1.6));
#12948=CARTESIAN_POINT('Origin',(22.5,-30.1230164279494,0.));
#12949=CARTESIAN_POINT('',(6.68168049425287,-6.71985602962168,1.6));
#12950=CARTESIAN_POINT('',(6.68168049425287,-6.71985602962168,0.));
#12951=CARTESIAN_POINT('',(11.9843574846457,-14.5651521182231,1.6));
#12952=CARTESIAN_POINT('Origin',(8.60128550318452,-33.2,0.2));
#12953=CARTESIAN_POINT('',(-13.4367613418253,-33.,0.4));
#12954=CARTESIAN_POINT('',(-13.4367613418253,-33.4,0.));
#12955=CARTESIAN_POINT('',(13.4367613418253,-33.,0.4));
#12956=CARTESIAN_POINT('',(8.60128550318452,-33.,0.4));
#12957=CARTESIAN_POINT('',(13.4367613418253,-33.,0.4));
#12958=CARTESIAN_POINT('Origin',(-13.4367613418253,-31.,0.2));
#12959=CARTESIAN_POINT('',(-15.0937627746447,-29.880023995063,0.4));
#12960=CARTESIAN_POINT('',(-15.4251630612085,-29.6560287940756,0.));
#12961=CARTESIAN_POINT('Origin',(-13.4367613418253,-31.,0.4));
#12962=CARTESIAN_POINT('Origin',(-7.01584098188298,-17.5716103111602,0.2));
#12963=CARTESIAN_POINT('',(-1.65700143281938,-10.0003723795718,0.4));
#12964=CARTESIAN_POINT('',(-1.98840171938325,-9.77637717858444,0.));
#12965=CARTESIAN_POINT('',(-6.85014083860105,-17.6836079116539,0.4));
#12966=CARTESIAN_POINT('Origin',(-7.7715611723761E-15,-11.1203483845088,
0.2));
#12967=CARTESIAN_POINT('',(1.65700143281936,-10.0003723795718,0.4));
#12968=CARTESIAN_POINT('',(1.98840171938323,-9.77637717858443,0.));
#12969=CARTESIAN_POINT('Origin',(-7.7715611723761E-15,-11.1203483845088,
0.4));
#12970=CARTESIAN_POINT('Origin',(-1.58544452130153,-4.84603195944596,0.2));
#12971=CARTESIAN_POINT('',(15.0937627746447,-29.880023995063,0.4));
#12972=CARTESIAN_POINT('',(15.4251630612086,-29.6560287940756,0.));
#12973=CARTESIAN_POINT('',(-1.75114466458346,-4.95802955993966,0.4));
#12974=CARTESIAN_POINT('Origin',(13.4367613418253,-31.,0.2));
#12975=CARTESIAN_POINT('Origin',(13.4367613418253,-31.,0.4));
#12976=CARTESIAN_POINT('Origin',(-9.85577455347767E-15,-7.54884329657153,
0.));
#12977=CARTESIAN_POINT('',(15.0937627746447,-29.880023995063,1.6));
#12978=CARTESIAN_POINT('',(15.0937627746447,-29.880023995063,0.));
#12979=CARTESIAN_POINT('',(1.65700143281936,-10.0003723795718,1.6));
#12980=CARTESIAN_POINT('',(-1.75114466458346,-4.95802955993966,1.6));
#12981=CARTESIAN_POINT('',(1.65700143281936,-10.0003723795718,0.));
#12982=CARTESIAN_POINT('Origin',(13.4367613418253,-31.,0.));
#12983=CARTESIAN_POINT('',(13.4367613418253,-33.,1.6));
#12984=CARTESIAN_POINT('',(13.4367613418253,-33.,0.));
#12985=CARTESIAN_POINT('Origin',(13.4367613418253,-31.,1.6));
#12986=CARTESIAN_POINT('Origin',(17.202571006369,-33.,0.));
#12987=CARTESIAN_POINT('',(-13.4367613418253,-33.,1.6));
#12988=CARTESIAN_POINT('',(-13.4367613418253,-33.,0.));
#12989=CARTESIAN_POINT('',(8.60128550318452,-33.,1.6));
#12990=CARTESIAN_POINT('Origin',(-3.90949758849022,-2.97556951955291,0.2));
#12991=CARTESIAN_POINT('',(-20.6714992835903,-27.4177546244408,0.4));
#12992=CARTESIAN_POINT('',(-20.3400989970264,-27.6417498254281,0.));
#12993=CARTESIAN_POINT('',(-6.68168049425289,-6.71985602962168,0.4));
#12994=CARTESIAN_POINT('',(-4.07519773177216,-2.86357191905922,0.4));
#12995=CARTESIAN_POINT('',(-6.68168049425289,-6.71985602962168,0.4));
#12996=CARTESIAN_POINT('Origin',(-21.5,-26.8577666219723,0.2));
#12997=CARTESIAN_POINT('',(-22.5,-26.8577666219723,0.4));
#12998=CARTESIAN_POINT('',(-22.9,-26.8577666219723,0.));
#12999=CARTESIAN_POINT('Origin',(-21.5,-26.8577666219723,0.4));
#13000=CARTESIAN_POINT('Origin',(-22.7,-15.0615082139747,0.2));
#13001=CARTESIAN_POINT('',(-22.5,26.8577666219723,0.4));
#13002=CARTESIAN_POINT('',(-22.9,26.8577666219723,0.));
#13003=CARTESIAN_POINT('',(-22.5,-15.0615082139747,0.4));
#13004=CARTESIAN_POINT('Origin',(-21.5,26.8577666219723,0.2));
#13005=CARTESIAN_POINT('',(-20.6714992835903,27.4177546244407,0.4));
#13006=CARTESIAN_POINT('',(-20.3400989970264,27.6417498254281,0.));
#13007=CARTESIAN_POINT('Origin',(-21.5,26.8577666219723,0.4));
#13008=CARTESIAN_POINT('Origin',(-11.8186573413638,14.6771497187168,0.2));
#13009=CARTESIAN_POINT('',(-6.6816804942529,6.71985602962179,0.4));
#13010=CARTESIAN_POINT('',(-6.35028020768903,6.94385123060917,0.));
#13011=CARTESIAN_POINT('',(-11.9843574846457,14.5651521182231,0.4));
#13012=CARTESIAN_POINT('Origin',(-16.6236890911692,4.1583030740484E-14,
0.2));
#13013=CARTESIAN_POINT('Origin',(-16.6236890911692,4.1583030740484E-14,
0.4));
#13014=CARTESIAN_POINT('Origin',(-22.5000000000001,30.1230164279494,0.));
#13015=CARTESIAN_POINT('',(-6.6816804942529,6.71985602962179,1.6));
#13016=CARTESIAN_POINT('',(-6.6816804942529,6.71985602962179,0.));
#13017=CARTESIAN_POINT('',(-20.6714992835903,27.4177546244407,1.6));
#13018=CARTESIAN_POINT('',(-11.9843574846457,14.5651521182231,1.6));
#13019=CARTESIAN_POINT('',(-20.6714992835903,27.4177546244407,0.));
#13020=CARTESIAN_POINT('Origin',(-16.6236890911692,4.1583030740484E-14,
0.));
#13021=CARTESIAN_POINT('',(-6.68168049425289,-6.71985602962168,1.6));
#13022=CARTESIAN_POINT('',(-6.68168049425289,-6.71985602962168,0.));
#13023=CARTESIAN_POINT('Origin',(-16.6236890911692,4.1583030740484E-14,
1.6));
#13024=CARTESIAN_POINT('Origin',(-6.68168049425289,-6.71985602962168,0.));
#13025=CARTESIAN_POINT('',(-20.6714992835903,-27.4177546244408,1.6));
#13026=CARTESIAN_POINT('',(-20.6714992835903,-27.4177546244408,0.));
#13027=CARTESIAN_POINT('',(-4.07519773177216,-2.86357191905922,1.6));
#13028=CARTESIAN_POINT('Origin',(14.25,38.8,0.2));
#13029=CARTESIAN_POINT('',(-28.5,39.,0.4));
#13030=CARTESIAN_POINT('',(-27.,39.,0.4));
#13031=CARTESIAN_POINT('',(14.25,39.,0.4));
#13032=CARTESIAN_POINT('',(-27.,39.,0.4));
#13033=CARTESIAN_POINT('',(-28.1,38.6,0.));
#13034=CARTESIAN_POINT('Origin',(-28.3,19.5,0.2));
#13035=CARTESIAN_POINT('',(-28.5,-39.,0.4));
#13036=CARTESIAN_POINT('',(-28.1,-38.6,0.));
#13037=CARTESIAN_POINT('',(-28.5,19.5,0.4));
#13038=CARTESIAN_POINT('Origin',(-14.25,-38.8,0.2));
#13039=CARTESIAN_POINT('',(-26.9999999999999,-39.,0.4));
#13040=CARTESIAN_POINT('',(-26.9999999999999,-38.6,0.));
#13041=CARTESIAN_POINT('',(-14.25,-39.,0.4));
#13042=CARTESIAN_POINT('Origin',(-26.9999999999999,-44.,0.2));
#13043=CARTESIAN_POINT('',(-21.9999999999999,-44.0000006556511,0.4));
#13044=CARTESIAN_POINT('',(-21.6,-44.0000007081032,0.));
#13045=CARTESIAN_POINT('Origin',(-26.9999999999999,-44.,0.4));
#13046=CARTESIAN_POINT('Origin',(-16.9999999999999,-44.0000000000001,0.2));
#13047=CARTESIAN_POINT('',(-11.9999999999999,-44.,0.4));
#13048=CARTESIAN_POINT('',(-12.3999999999999,-44.,0.));
#13049=CARTESIAN_POINT('Origin',(-16.9999999999999,-44.0000000000001,0.4));
#13050=CARTESIAN_POINT('Origin',(-12.1999999999999,-22.,0.2));
#13051=CARTESIAN_POINT('',(-11.9999999999999,-42.,0.4));
#13052=CARTESIAN_POINT('',(-11.9999999999999,-22.,0.4));
#13053=CARTESIAN_POINT('',(-12.3999999999999,-41.6000000000001,0.));
#13054=CARTESIAN_POINT('Origin',(-5.99999999999992,-41.8,0.2));
#13055=CARTESIAN_POINT('',(12.0000000000001,-42.,0.4));
#13056=CARTESIAN_POINT('',(12.4000000000001,-41.6,0.));
#13057=CARTESIAN_POINT('',(-5.99999999999992,-42.,0.4));
#13058=CARTESIAN_POINT('Origin',(-14.25,-38.8,0.2));
#13059=CARTESIAN_POINT('',(28.5,-39.,0.4));
#13060=CARTESIAN_POINT('',(27.0000000000001,-39.,0.4));
#13061=CARTESIAN_POINT('',(-14.25,-39.,0.4));
#13062=CARTESIAN_POINT('',(27.0000000000001,-39.,0.4));
#13063=CARTESIAN_POINT('',(28.1,-38.6,0.));
#13064=CARTESIAN_POINT('Origin',(27.0000000000001,-44.,0.2));
#13065=CARTESIAN_POINT('',(22.0000000000001,-44.0000006556511,0.4));
#13066=CARTESIAN_POINT('Origin',(27.0000000000001,-44.,0.4));
#13067=CARTESIAN_POINT('',(22.0000000000001,-44.0000006556511,0.4));
#13068=CARTESIAN_POINT('Origin',(17.0000000000001,-44.,0.2));
#13069=CARTESIAN_POINT('',(12.0000000000001,-44.,0.4));
#13070=CARTESIAN_POINT('Origin',(17.0000000000001,-44.,0.4));
#13071=CARTESIAN_POINT('',(12.0000000000001,-44.,0.4));
#13072=CARTESIAN_POINT('Origin',(12.2,-21.,0.2));
#13073=CARTESIAN_POINT('',(12.,-21.,0.4));
#13074=CARTESIAN_POINT('Origin',(28.3,-19.5,0.2));
#13075=CARTESIAN_POINT('',(28.5,39.,0.4));
#13076=CARTESIAN_POINT('',(28.5,-19.5,0.4));
#13077=CARTESIAN_POINT('',(28.1,38.6,0.));
#13078=CARTESIAN_POINT('Origin',(14.25,38.8,0.2));
#13079=CARTESIAN_POINT('',(27.,39.,0.4));
#13080=CARTESIAN_POINT('',(27.,38.6,0.));
#13081=CARTESIAN_POINT('',(14.25,39.,0.4));
#13082=CARTESIAN_POINT('Origin',(27.,44.,0.2));
#13083=CARTESIAN_POINT('',(22.,44.0000006556511,0.4));
#13084=CARTESIAN_POINT('',(21.6000000000001,44.0000007081032,0.));
#13085=CARTESIAN_POINT('Origin',(27.,44.,0.4));
#13086=CARTESIAN_POINT('Origin',(17.,44.,0.2));
#13087=CARTESIAN_POINT('',(12.,44.,0.4));
#13088=CARTESIAN_POINT('',(12.3999999999999,44.,0.));
#13089=CARTESIAN_POINT('Origin',(17.,44.,0.4));
#13090=CARTESIAN_POINT('Origin',(12.2,22.,0.2));
#13091=CARTESIAN_POINT('',(12.,22.,0.4));
#13092=CARTESIAN_POINT('',(12.4,41.6,0.));
#13093=CARTESIAN_POINT('Origin',(6.00000000000002,41.8,0.2));
#13094=CARTESIAN_POINT('',(-12.4,41.6,0.));
#13095=CARTESIAN_POINT('Origin',(-27.,44.,0.2));
#13096=CARTESIAN_POINT('',(-22.,44.0000006495266,0.4));
#13097=CARTESIAN_POINT('Origin',(-27.,44.,0.4));
#13098=CARTESIAN_POINT('',(-22.,44.0000006495266,0.4));
#13099=CARTESIAN_POINT('Origin',(-17.,44.,0.2));
#13100=CARTESIAN_POINT('',(-12.,44.,0.4));
#13101=CARTESIAN_POINT('Origin',(-17.,44.,0.4));
#13102=CARTESIAN_POINT('',(-12.,44.,0.4));
#13103=CARTESIAN_POINT('Origin',(-12.2,21.,0.2));
#13104=CARTESIAN_POINT('',(-12.,21.,0.4));
#13105=CARTESIAN_POINT('Origin',(-28.5,39.,0.));
#13106=CARTESIAN_POINT('',(-28.5,-39.,1.6));
#13107=CARTESIAN_POINT('',(-28.5,-39.,0.));
#13108=CARTESIAN_POINT('',(-28.5,39.,1.6));
#13109=CARTESIAN_POINT('',(-28.5,19.5,1.6));
#13110=CARTESIAN_POINT('',(-28.5,39.,0.));
#13111=CARTESIAN_POINT('Origin',(-28.5,-39.,0.));
#13112=CARTESIAN_POINT('',(-26.9999999999999,-39.,0.));
#13113=CARTESIAN_POINT('',(-28.8,-39.,1.30000000000002));
#13114=CARTESIAN_POINT('Origin',(-26.9999999999999,-44.,0.));
#13115=CARTESIAN_POINT('',(-21.9999999999999,-44.0000006556511,5.));
#13116=CARTESIAN_POINT('',(-21.9999999999999,-44.0000006556511,0.));
#13117=CARTESIAN_POINT('Ctrl Pts',(-24.9999999999999,-39.4174243050441,
2.));
#13118=CARTESIAN_POINT('Ctrl Pts',(-24.6098286497666,-39.587709042801,2.));
#13119=CARTESIAN_POINT('Ctrl Pts',(-24.2220447721113,-39.8200965655012,
2.07961321472345));
#13120=CARTESIAN_POINT('Ctrl Pts',(-23.542935391676,-40.3616857576853,2.35220159333687));
#13121=CARTESIAN_POINT('Ctrl Pts',(-23.2508463032145,-40.670553789492,2.54393524218191));
#13122=CARTESIAN_POINT('Ctrl Pts',(-22.687031808342,-41.4104952569105,3.03794210608461));
#13123=CARTESIAN_POINT('Ctrl Pts',(-22.4209352873846,-41.917819601925,3.40828322143886));
#13124=CARTESIAN_POINT('Ctrl Pts',(-22.0775205406499,-42.9643833635969,
4.19734593762522));
#13125=CARTESIAN_POINT('Ctrl Pts',(-21.9999999999999,-43.503847229074,4.6156817162058));
#13126=CARTESIAN_POINT('Ctrl Pts',(-21.9999999999999,-44.,5.));
#13127=CARTESIAN_POINT('Origin',(-16.9999999999999,-44.0000000000001,0.));
#13128=CARTESIAN_POINT('',(-11.9999999999999,-44.,5.));
#13129=CARTESIAN_POINT('',(-11.9999999999999,-44.,0.));
#13130=CARTESIAN_POINT('Origin',(-16.9999999999999,-44.0000000000001,5.));
#13131=CARTESIAN_POINT('Origin',(-11.9999999999999,-44.,0.));
#13132=CARTESIAN_POINT('',(-11.9999999999999,-42.,5.));
#13133=CARTESIAN_POINT('',(-11.9999999999999,-42.,0.));
#13134=CARTESIAN_POINT('',(-11.9999999999999,-44.,5.));
#13135=CARTESIAN_POINT('Origin',(-11.9999999999999,-42.,0.));
#13136=CARTESIAN_POINT('',(12.0000000000001,-42.,5.));
#13137=CARTESIAN_POINT('',(12.0000000000001,-42.,0.));
#13138=CARTESIAN_POINT('',(-11.9999999999999,-42.,5.));
#13139=CARTESIAN_POINT('Origin',(12.0000000000001,-42.,0.));
#13140=CARTESIAN_POINT('',(12.0000000000001,-44.,5.));
#13141=CARTESIAN_POINT('',(12.0000000000001,-44.,0.));
#13142=CARTESIAN_POINT('',(12.0000000000001,-44.,5.));
#13143=CARTESIAN_POINT('Origin',(17.0000000000001,-44.,0.));
#13144=CARTESIAN_POINT('',(22.0000000000001,-44.0000006556511,5.));
#13145=CARTESIAN_POINT('',(22.0000000000001,-44.0000006556511,0.));
#13146=CARTESIAN_POINT('Origin',(17.0000000000001,-44.,5.));
#13147=CARTESIAN_POINT('Origin',(27.0000000000001,-44.,0.));
#13148=CARTESIAN_POINT('',(27.0000000000001,-39.,0.));
#13149=CARTESIAN_POINT('Ctrl Pts',(22.0000000000001,-44.,5.));
#13150=CARTESIAN_POINT('Ctrl Pts',(22.0000000000001,-43.503847229074,4.61568171620581));
#13151=CARTESIAN_POINT('Ctrl Pts',(22.0775205406501,-42.964383363597,4.19734593762522));
#13152=CARTESIAN_POINT('Ctrl Pts',(22.4209352873848,-41.9178196019251,3.40828322143886));
#13153=CARTESIAN_POINT('Ctrl Pts',(22.6870318083421,-41.4104952569105,3.03794210608462));
#13154=CARTESIAN_POINT('Ctrl Pts',(23.2508463032147,-40.670553789492,2.54393524218191));
#13155=CARTESIAN_POINT('Ctrl Pts',(23.5429353916761,-40.3616857576853,2.35220159333687));
#13156=CARTESIAN_POINT('Ctrl Pts',(24.2220447721114,-39.8200965655012,2.07961321472345));
#13157=CARTESIAN_POINT('Ctrl Pts',(24.6098286497668,-39.587709042801,2.));
#13158=CARTESIAN_POINT('Ctrl Pts',(25.0000000000001,-39.4174243050442,2.));
#13159=CARTESIAN_POINT('Origin',(-28.5,-39.,0.));
#13160=CARTESIAN_POINT('',(28.5,-39.,1.6));
#13161=CARTESIAN_POINT('',(28.5,-39.,0.));
#13162=CARTESIAN_POINT('',(14.55,-39.,15.55));
#13163=CARTESIAN_POINT('Origin',(1.06303717621981E-14,-39.2,-40.9));
#13164=CARTESIAN_POINT('',(-21.9999999999999,-39.4,5.));
#13165=CARTESIAN_POINT('',(-22.0356721098073,-39.,4.53874068093283));
#13166=CARTESIAN_POINT('Ctrl Pts',(-21.9999999999999,-39.4,5.00000000000002));
#13167=CARTESIAN_POINT('Ctrl Pts',(-21.9999999999999,-39.2623647427011,
4.84737179528289));
#13168=CARTESIAN_POINT('Ctrl Pts',(-22.0116895787744,-39.1282143225618,
4.69286674989131));
#13169=CARTESIAN_POINT('Ctrl Pts',(-22.0356721098073,-39.,4.53874068093284));
#13170=CARTESIAN_POINT('',(22.0000000000001,-39.4,5.));
#13171=CARTESIAN_POINT('Origin',(1.06615359172753E-14,-39.4,-40.9));
#13172=CARTESIAN_POINT('',(22.0356721098075,-39.,4.53874068093275));
#13173=CARTESIAN_POINT('Ctrl Pts',(22.0356721098075,-39.,4.53874068093274));
#13174=CARTESIAN_POINT('Ctrl Pts',(22.0116900077334,-39.1282120292815,4.69286399314558));
#13175=CARTESIAN_POINT('Ctrl Pts',(22.0000000000001,-39.2623557392251,4.84736181103603));
#13176=CARTESIAN_POINT('Ctrl Pts',(22.0000000000001,-39.4,4.99999999999999));
#13177=CARTESIAN_POINT('Origin',(1.05992076071209E-14,-39.,-40.9));
#13178=CARTESIAN_POINT('Origin',(25.,-22.0000003278254,5.));
#13179=CARTESIAN_POINT('',(22.0000000000001,-42.,5.));
#13180=CARTESIAN_POINT('',(22.0000000000001,-39.,5.));
#13181=CARTESIAN_POINT('',(22.0000000000001,-39.,5.));
#13182=CARTESIAN_POINT('Origin',(25.0000000000001,-39.,5.));
#13183=CARTESIAN_POINT('Origin',(1.06615359172753E-14,-39.,-40.9));
#13184=CARTESIAN_POINT('',(-21.9999999999999,-42.,5.));
#13185=CARTESIAN_POINT('',(-21.9999999999999,-39.0000000000001,5.));
#13186=CARTESIAN_POINT('',(-20.9248655909662,-41.5,5.5));
#13187=CARTESIAN_POINT('Origin',(1.06615359172753E-14,-87.8999999999998,
-40.9));
#13188=CARTESIAN_POINT('',(20.9248655909662,-41.5,5.5));
#13189=CARTESIAN_POINT('Origin',(1.06615359172753E-14,-41.5,-40.9));
#13190=CARTESIAN_POINT('Origin',(1.06615359172753E-14,-87.8999999999998,
-40.9));
#13191=CARTESIAN_POINT('Origin',(-28.3,19.5,1.8));
#13192=CARTESIAN_POINT('',(-14.55,39.,15.55));
#13193=CARTESIAN_POINT('Origin',(28.5,39.,0.));
#13194=CARTESIAN_POINT('',(-27.,39.,0.));
#13195=CARTESIAN_POINT('Origin',(28.3,-19.5,1.8));
#13196=CARTESIAN_POINT('',(28.5,39.,1.6));
#13197=CARTESIAN_POINT('',(28.8,39.,1.30000000000001));
#13198=CARTESIAN_POINT('',(28.5,-19.5,1.6));
#13199=CARTESIAN_POINT('Origin',(1.58544452130151,4.84603195944603,1.8));
#13200=CARTESIAN_POINT('',(-15.0937627746447,29.8800239950631,1.6));
#13201=CARTESIAN_POINT('',(-1.65700143281939,10.0003723795719,1.6));
#13202=CARTESIAN_POINT('',(-1.98840171938326,9.77637717858451,2.));
#13203=CARTESIAN_POINT('',(1.75114466458344,4.95802955993973,1.6));
#13204=CARTESIAN_POINT('Origin',(-13.4367613418253,31.,1.8));
#13205=CARTESIAN_POINT('',(-13.4367613418253,33.,1.6));
#13206=CARTESIAN_POINT('Origin',(-8.60128550318452,33.2,1.8));
#13207=CARTESIAN_POINT('',(13.4367613418253,33.,1.6));
#13208=CARTESIAN_POINT('Origin',(13.4367613418253,31.,1.8));
#13209=CARTESIAN_POINT('',(15.0937627746447,29.8800239950631,1.6));
#13210=CARTESIAN_POINT('Origin',(7.01584098188296,17.5716103111602,1.8));
#13211=CARTESIAN_POINT('',(1.65700143281935,10.0003723795719,1.6));
#13212=CARTESIAN_POINT('',(1.65700143281935,10.0003723795719,1.6));
#13213=CARTESIAN_POINT('',(6.85014083860103,17.6836079116539,1.6));
#13214=CARTESIAN_POINT('Origin',(-1.99840144432528E-14,11.1203483845089,
1.8));
#13215=CARTESIAN_POINT('Origin',(-1.99840144432528E-14,11.1203483845089,
1.6));
#13216=CARTESIAN_POINT('Origin',(-2.22044604925031E-14,7.54884329657162,
0.));
#13217=CARTESIAN_POINT('',(-1.65700143281939,10.0003723795719,0.));
#13218=CARTESIAN_POINT('Origin',(11.8186573413638,-14.6771497187168,1.8));
#13219=CARTESIAN_POINT('',(6.68168049425287,-6.71985602962168,1.6));
#13220=CARTESIAN_POINT('',(20.3400989970264,-27.6417498254281,2.));
#13221=CARTESIAN_POINT('Origin',(16.6236890911691,5.05416563767968E-14,
1.8));
#13222=CARTESIAN_POINT('',(6.68168049425287,6.71985602962179,1.6));
#13223=CARTESIAN_POINT('',(6.68168049425287,6.71985602962179,1.6));
#13224=CARTESIAN_POINT('Origin',(16.6236890911691,5.05416563767968E-14,
1.6));
#13225=CARTESIAN_POINT('Origin',(3.90949758849018,2.975569519553,1.8));
#13226=CARTESIAN_POINT('',(20.6714992835903,27.4177546244408,1.6));
#13227=CARTESIAN_POINT('',(20.6714992835903,27.4177546244408,1.6));
#13228=CARTESIAN_POINT('',(4.07519773177212,2.86357191905931,1.6));
#13229=CARTESIAN_POINT('Origin',(21.5,26.8577666219723,1.8));
#13230=CARTESIAN_POINT('Origin',(21.5,26.8577666219723,1.6));
#13231=CARTESIAN_POINT('',(22.5,26.8577666219723,1.6));
#13232=CARTESIAN_POINT('Origin',(22.7,15.0615082139747,1.8));
#13233=CARTESIAN_POINT('',(22.5,-26.8577666219722,1.6));
#13234=CARTESIAN_POINT('Origin',(21.5,-26.8577666219722,1.8));
#13235=CARTESIAN_POINT('Origin',(6.68168049425288,6.71985602962179,0.));
#13236=CARTESIAN_POINT('',(20.6714992835903,27.4177546244408,0.));
#13237=CARTESIAN_POINT('',(6.68168049425287,6.71985602962179,0.));
#13238=CARTESIAN_POINT('Origin',(16.6236890911691,5.05416563767968E-14,
0.));
#13239=CARTESIAN_POINT('Origin',(-22.7,-15.0615082139747,1.8));
#13240=CARTESIAN_POINT('',(-22.5,26.8577666219723,1.6));
#13241=CARTESIAN_POINT('',(-22.5,26.8577666219723,1.6));
#13242=CARTESIAN_POINT('',(-22.5,-26.8577666219723,1.6));
#13243=CARTESIAN_POINT('',(-22.9,-26.8577666219723,2.));
#13244=CARTESIAN_POINT('',(-22.5,-15.0615082139747,1.6));
#13245=CARTESIAN_POINT('Origin',(-21.5,26.8577666219723,1.8));
#13246=CARTESIAN_POINT('Origin',(-21.5,26.8577666219723,1.6));
#13247=CARTESIAN_POINT('',(-20.6714992835903,27.4177546244407,1.6));
#13248=CARTESIAN_POINT('Origin',(-11.8186573413638,14.6771497187168,1.8));
#13249=CARTESIAN_POINT('',(-6.6816804942529,6.71985602962179,1.6));
#13250=CARTESIAN_POINT('Origin',(-16.6236890911692,4.1583030740484E-14,
1.8));
#13251=CARTESIAN_POINT('',(-6.68168049425289,-6.71985602962168,1.6));
#13252=CARTESIAN_POINT('Origin',(-3.90949758849022,-2.97556951955291,1.8));
#13253=CARTESIAN_POINT('',(-20.6714992835903,-27.4177546244408,1.6));
#13254=CARTESIAN_POINT('Origin',(-21.5,-26.8577666219723,1.8));
#13255=CARTESIAN_POINT('Origin',(-21.5,-26.8577666219723,1.6));
#13256=CARTESIAN_POINT('Origin',(-21.5,26.8577666219723,0.));
#13257=CARTESIAN_POINT('',(-22.5,26.8577666219723,0.));
#13258=CARTESIAN_POINT('Origin',(-22.5,-30.1230164279494,0.));
#13259=CARTESIAN_POINT('',(-22.5,-26.8577666219723,0.));
#13260=CARTESIAN_POINT('Origin',(-7.01584098188298,-17.5716103111602,1.8));
#13261=CARTESIAN_POINT('',(-1.65700143281938,-10.0003723795718,1.6));
#13262=CARTESIAN_POINT('',(-1.65700143281938,-10.0003723795718,1.6));
#13263=CARTESIAN_POINT('',(-15.0937627746447,-29.880023995063,1.6));
#13264=CARTESIAN_POINT('',(-15.4251630612085,-29.6560287940756,2.));
#13265=CARTESIAN_POINT('',(-6.85014083860105,-17.6836079116539,1.6));
#13266=CARTESIAN_POINT('Origin',(-7.7715611723761E-15,-11.1203483845088,
1.8));
#13267=CARTESIAN_POINT('Origin',(-7.7715611723761E-15,-11.1203483845088,
1.6));
#13268=CARTESIAN_POINT('',(1.65700143281936,-10.0003723795718,1.6));
#13269=CARTESIAN_POINT('Origin',(-1.58544452130153,-4.84603195944596,1.8));
#13270=CARTESIAN_POINT('',(15.0937627746447,-29.880023995063,1.6));
#13271=CARTESIAN_POINT('Origin',(13.4367613418253,-31.,1.8));
#13272=CARTESIAN_POINT('',(13.4367613418253,-33.,1.6));
#13273=CARTESIAN_POINT('Origin',(8.60128550318452,-33.2,1.8));
#13274=CARTESIAN_POINT('',(-13.4367613418253,-33.,1.6));
#13275=CARTESIAN_POINT('Origin',(-13.4367613418253,-31.,1.8));
#13276=CARTESIAN_POINT('Origin',(-13.4367613418253,-31.,1.6));
#13277=CARTESIAN_POINT('Origin',(-7.7715611723761E-15,-11.1203483845088,
0.));
#13278=CARTESIAN_POINT('',(-1.65700143281938,-10.0003723795718,0.));
#13279=CARTESIAN_POINT('Origin',(-17.202571006369,-33.,0.));
#13280=CARTESIAN_POINT('',(-15.0937627746447,-29.880023995063,0.));
#13281=CARTESIAN_POINT('Origin',(4.88498130835069E-14,-41.75,5.25));
#13282=CARTESIAN_POINT('',(18.0307764064046,-42.,5.));
#13283=CARTESIAN_POINT('',(15.9692235935956,-42.,5.));
#13284=CARTESIAN_POINT('Origin',(17.0000000000001,-44.,3.00000000000003));
#13285=CARTESIAN_POINT('',(4.88498130835069E-14,-42.,5.));
#13286=CARTESIAN_POINT('',(4.88498130835069E-14,-41.5,5.5));
#13287=CARTESIAN_POINT('',(-18.0307764064043,-42.,5.));
#13288=CARTESIAN_POINT('',(4.88498130835069E-14,-42.,5.));
#13289=CARTESIAN_POINT('',(-15.9692235935956,-42.,5.));
#13290=CARTESIAN_POINT('Origin',(-16.9999999999999,-44.0000000000001,2.99999999999996));
#13291=CARTESIAN_POINT('',(4.88498130835069E-14,-42.,5.));
#13292=CARTESIAN_POINT('',(4.88498130835069E-14,-42.,5.));
#13293=CARTESIAN_POINT('Origin',(8.88178419700125E-15,-41.5,7.5));
#13294=CARTESIAN_POINT('Origin',(8.88178419700125E-14,-44.,5.));
#13295=CARTESIAN_POINT('',(14.7500000000001,-44.,5.));
#13296=CARTESIAN_POINT('Origin',(17.0000000000001,-44.,5.));
#13297=CARTESIAN_POINT('Origin',(17.0000000000001,-44.,5.));
#13298=CARTESIAN_POINT('Origin',(4.44089209850063E-15,44.,5.));
#13299=CARTESIAN_POINT('',(-12.,44.,5.));
#13300=CARTESIAN_POINT('',(-12.,44.,5.));
#13301=CARTESIAN_POINT('Origin',(-17.,44.,5.));
#13302=CARTESIAN_POINT('',(-19.25,44.,5.));
#13303=CARTESIAN_POINT('Origin',(-17.,44.,5.));
#13304=CARTESIAN_POINT('Origin',(-17.,44.,5.));
#13305=CARTESIAN_POINT('Origin',(4.44089209850063E-15,44.,5.));
#13306=CARTESIAN_POINT('',(14.75,44.,5.));
#13307=CARTESIAN_POINT('Origin',(17.,44.,5.));
#13308=CARTESIAN_POINT('Origin',(17.,44.,5.));
#13309=CARTESIAN_POINT('',(12.,44.,5.));
#13310=CARTESIAN_POINT('Origin',(17.,44.,5.));
#13311=CARTESIAN_POINT('',(12.,44.,5.));
#13312=CARTESIAN_POINT('Origin',(-21.5,-26.8577666219723,0.));
#13313=CARTESIAN_POINT('Origin',(21.5,26.8577666219723,0.));
#13314=CARTESIAN_POINT('Origin',(-13.4367613418253,-31.,0.));
#13315=CARTESIAN_POINT('Origin',(-1.99840144432528E-14,11.1203483845089,
0.));
#13316=CARTESIAN_POINT('',(1.65700143281935,10.0003723795719,0.));
#13317=CARTESIAN_POINT('Origin',(17.202571006369,33.,0.));
#13318=CARTESIAN_POINT('Origin',(-24.9999999999999,-19.5,5.));
#13319=CARTESIAN_POINT('Origin',(-24.9999999999999,-39.,5.));
#13320=CARTESIAN_POINT('',(-21.9999999999999,-39.0000000000001,5.));
#13321=CARTESIAN_POINT('Origin',(-27.,44.,0.));
#13322=CARTESIAN_POINT('',(-22.,44.0000006495266,0.));
#13323=CARTESIAN_POINT('Origin',(27.,44.,0.));
#13324=CARTESIAN_POINT('',(22.,44.0000006556511,0.));
#13325=CARTESIAN_POINT('',(27.,39.,0.));
#13326=CARTESIAN_POINT('Origin',(28.5,39.,0.));
#13327=CARTESIAN_POINT('',(28.5,39.,0.));
#13328=CARTESIAN_POINT('Origin',(17.,44.,0.));
#13329=CARTESIAN_POINT('',(14.75,44.,0.));
#13330=CARTESIAN_POINT('Origin',(-17.,44.,0.));
#13331=CARTESIAN_POINT('',(-19.25,44.,0.));
#13332=CARTESIAN_POINT('Origin',(-12.,42.,0.));
#13333=CARTESIAN_POINT('',(-12.,44.,0.));
#13334=CARTESIAN_POINT('Origin',(12.,44.,0.));
#13335=CARTESIAN_POINT('',(12.,44.,0.));
#13336=CARTESIAN_POINT('Origin',(17.,44.,0.));
#13337=CARTESIAN_POINT('Origin',(-17.,44.,0.));
#13338=CARTESIAN_POINT('Origin',(22.0000000000001,-39.,0.));
#13339=CARTESIAN_POINT('Origin',(17.0000000000001,-44.,0.));
#13340=CARTESIAN_POINT('',(14.7500000000001,-44.,0.));
#13341=CARTESIAN_POINT('Origin',(-16.9999999999999,-44.0000000000001,0.));
#13342=CARTESIAN_POINT('',(-19.2499999999999,-44.0000000000001,5.));
#13343=CARTESIAN_POINT('Origin',(-16.9999999999999,-44.0000000000001,5.));
#13344=CARTESIAN_POINT('Origin',(-16.9999999999999,-44.0000000000001,5.));
#13345=CARTESIAN_POINT('',(-19.2499999999999,-44.0000000000001,0.));
#13346=CARTESIAN_POINT('Origin',(8.88178419700125E-14,-44.,5.));
#13347=CARTESIAN_POINT('Origin',(28.5,-39.,0.));
#13348=CARTESIAN_POINT('',(0.,0.,0.));
#13349=CARTESIAN_POINT('',(0.,0.,0.));
#13350=CARTESIAN_POINT('',(-4.44089209850063E-15,0.,-2.));
#13351=UNCERTAINTY_MEASURE_WITH_UNIT(LENGTH_MEASURE(0.01),#13361,
'DISTANCE_ACCURACY_VALUE',
'Maximum model space distance between geometric entities at asserted c
onnectivities');
#13352=UNCERTAINTY_MEASURE_WITH_UNIT(LENGTH_MEASURE(0.01),#13361,
'DISTANCE_ACCURACY_VALUE',
'Maximum model space distance between geometric entities at asserted c
onnectivities');
#13353=UNCERTAINTY_MEASURE_WITH_UNIT(LENGTH_MEASURE(0.01),#13361,
'DISTANCE_ACCURACY_VALUE',
'Maximum model space distance between geometric entities at asserted c
onnectivities');
#13354=UNCERTAINTY_MEASURE_WITH_UNIT(LENGTH_MEASURE(0.01),#13361,
'DISTANCE_ACCURACY_VALUE',
'Maximum model space distance between geometric entities at asserted c
onnectivities');
#13355=UNCERTAINTY_MEASURE_WITH_UNIT(LENGTH_MEASURE(0.01),#13361,
'DISTANCE_ACCURACY_VALUE',
'Maximum model space distance between geometric entities at asserted c
onnectivities');
#13356=(
GEOMETRIC_REPRESENTATION_CONTEXT(3)
GLOBAL_UNCERTAINTY_ASSIGNED_CONTEXT((#13351))
GLOBAL_UNIT_ASSIGNED_CONTEXT((#13361,#13363,#13364))
REPRESENTATION_CONTEXT('','3D')
);
#13357=(
GEOMETRIC_REPRESENTATION_CONTEXT(3)
GLOBAL_UNCERTAINTY_ASSIGNED_CONTEXT((#13352))
GLOBAL_UNIT_ASSIGNED_CONTEXT((#13361,#13363,#13364))
REPRESENTATION_CONTEXT('','3D')
);
#13358=(
GEOMETRIC_REPRESENTATION_CONTEXT(3)
GLOBAL_UNCERTAINTY_ASSIGNED_CONTEXT((#13353))
GLOBAL_UNIT_ASSIGNED_CONTEXT((#13361,#13363,#13364))
REPRESENTATION_CONTEXT('','3D')
);
#13359=(
GEOMETRIC_REPRESENTATION_CONTEXT(3)
GLOBAL_UNCERTAINTY_ASSIGNED_CONTEXT((#13354))
GLOBAL_UNIT_ASSIGNED_CONTEXT((#13361,#13363,#13364))
REPRESENTATION_CONTEXT('','3D')
);
#13360=(
GEOMETRIC_REPRESENTATION_CONTEXT(3)
GLOBAL_UNCERTAINTY_ASSIGNED_CONTEXT((#13355))
GLOBAL_UNIT_ASSIGNED_CONTEXT((#13361,#13363,#13364))
REPRESENTATION_CONTEXT('','3D')
);
#13361=(
LENGTH_UNIT()
NAMED_UNIT(*)
SI_UNIT(.MILLI.,.METRE.)
);
#13362=(
LENGTH_UNIT()
NAMED_UNIT(*)
SI_UNIT($,.METRE.)
);
#13363=(
NAMED_UNIT(*)
PLANE_ANGLE_UNIT()
SI_UNIT($,.RADIAN.)
);
#13364=(
NAMED_UNIT(*)
SI_UNIT($,.STERADIAN.)
SOLID_ANGLE_UNIT()
);
#13365=SHAPE_DEFINITION_REPRESENTATION(#13369,#13376);
#13366=SHAPE_DEFINITION_REPRESENTATION(#13370,#13377);
#13367=SHAPE_DEFINITION_REPRESENTATION(#13371,#13378);
#13368=SHAPE_DEFINITION_REPRESENTATION(#13372,#13379);
#13369=PRODUCT_DEFINITION_SHAPE('',$,#13381);
#13370=PRODUCT_DEFINITION_SHAPE('',$,#13382);
#13371=PRODUCT_DEFINITION_SHAPE('',$,#13383);
#13372=PRODUCT_DEFINITION_SHAPE('',$,#13384);
#13373=PRODUCT_DEFINITION_SHAPE($,$,#20);
#13374=PRODUCT_DEFINITION_SHAPE($,$,#21);
#13375=PRODUCT_DEFINITION_SHAPE($,$,#22);
#13376=SHAPE_REPRESENTATION('',(#8030,#8733,#8734,#8735),#13356);
#13377=SHAPE_REPRESENTATION('',(#8031),#13357);
#13378=SHAPE_REPRESENTATION('',(#8220),#13358);
#13379=SHAPE_REPRESENTATION('',(#8474),#13359);
#13380=PRODUCT_DEFINITION_CONTEXT('part definition',#13394,'design');
#13381=PRODUCT_DEFINITION('AC_Voltmeter_Case','AC_Voltmeter_Case v7',#13385,
#13380);
#13382=PRODUCT_DEFINITION('AC_Voltmeter_Case_1','AC_Voltmeter_Case',#13386,
#13380);
#13383=PRODUCT_DEFINITION('AC_Voltmeter_Top','AC_Voltmeter_Top',#13387,
#13380);
#13384=PRODUCT_DEFINITION('AC_Voltmeter_Base','AC_Voltmeter_Base',#13388,
#13380);
#13385=PRODUCT_DEFINITION_FORMATION('',$,#13396);
#13386=PRODUCT_DEFINITION_FORMATION('',$,#13397);
#13387=PRODUCT_DEFINITION_FORMATION('',$,#13398);
#13388=PRODUCT_DEFINITION_FORMATION('',$,#13399);
#13389=PRODUCT_RELATED_PRODUCT_CATEGORY('AC_Voltmeter_Case v7',
'AC_Voltmeter_Case v7',(#13396));
#13390=PRODUCT_RELATED_PRODUCT_CATEGORY('AC_Voltmeter_Case',
'AC_Voltmeter_Case',(#13397));
#13391=PRODUCT_RELATED_PRODUCT_CATEGORY('AC_Voltmeter_Top',
'AC_Voltmeter_Top',(#13398));
#13392=PRODUCT_RELATED_PRODUCT_CATEGORY('AC_Voltmeter_Base',
'AC_Voltmeter_Base',(#13399));
#13393=APPLICATION_PROTOCOL_DEFINITION('international standard',
'automotive_design',2009,#13394);
#13394=APPLICATION_CONTEXT(
'Core Data for Automotive Mechanical Design Process');
#13395=PRODUCT_CONTEXT('part definition',#13394,'mechanical');
#13396=PRODUCT('AC_Voltmeter_Case','AC_Voltmeter_Case v7',$,(#13395));
#13397=PRODUCT('AC_Voltmeter_Case_1','AC_Voltmeter_Case',$,(#13395));
#13398=PRODUCT('AC_Voltmeter_Top','AC_Voltmeter_Top',$,(#13395));
#13399=PRODUCT('AC_Voltmeter_Base','AC_Voltmeter_Base',$,(#13395));
#13400=PRESENTATION_STYLE_ASSIGNMENT((#13401));
#13401=SURFACE_STYLE_USAGE(.BOTH.,#13402);
#13402=SURFACE_SIDE_STYLE('',(#13403));
#13403=SURFACE_STYLE_FILL_AREA(#13404);
#13404=FILL_AREA_STYLE('Stahl - satiniert',(#13405));
#13405=FILL_AREA_STYLE_COLOUR('Stahl - satiniert',#13406);
#13406=COLOUR_RGB('Stahl - satiniert',0.627450980392157,0.627450980392157,
0.627450980392157);
ENDSEC;
END-ISO-10303-21;
